time,open,high,low,close,volume,transactions,weighted_volume
2025-01-02 04:00:00-05:00,588.22,589.07,588.12,588.8,2374.0,73.0,588.6085
2025-01-02 04:01:00-05:00,589.1,589.25,589.1,589.16,976.0,17.0,589.1589
2025-01-02 04:02:00-05:00,589.03,589.03,588.85,588.93,1018.0,36.0,588.9268
2025-01-02 04:03:00-05:00,588.9,588.9,588.9,588.9,441.0,20.0,588.8906
2025-01-02 04:04:00-05:00,589.0,589.0,589.0,589.0,924.0,26.0,589.0021
2025-01-02 04:05:00-05:00,589.0,589.04,589.0,589.04,1548.0,24.0,589.0136
2025-01-02 04:06:00-05:00,589.27,589.27,589.27,589.27,782.0,27.0,589.3217
2025-01-02 04:07:00-05:00,589.25,589.33,589.25,589.33,612.0,20.0,589.3059
2025-01-02 04:08:00-05:00,589.4,589.47,589.4,589.47,1005.0,26.0,589.4573
2025-01-02 04:09:00-05:00,589.47,589.47,589.47,589.47,0.0,0.0,0.0
2025-01-02 04:10:00-05:00,589.47,589.47,589.47,589.47,0.0,0.0,0.0
2025-01-02 04:11:00-05:00,589.72,589.72,589.72,589.72,430.0,13.0,589.6889
2025-01-02 04:12:00-05:00,589.8,589.8,589.71,589.74,548.0,20.0,589.7167
2025-01-02 04:13:00-05:00,589.74,589.74,589.74,589.74,0.0,0.0,0.0
2025-01-02 04:14:00-05:00,589.74,589.74,589.65,589.65,481.0,13.0,589.6821
2025-01-02 04:15:00-05:00,589.51,589.72,589.51,589.72,704.0,32.0,589.6418
2025-01-02 04:16:00-05:00,589.72,589.72,589.72,589.72,0.0,0.0,0.0
2025-01-02 04:17:00-05:00,589.81,589.81,589.78,589.78,5569.0,25.0,589.7989
2025-01-02 04:18:00-05:00,589.86,589.86,589.81,589.81,604.0,20.0,589.8047
2025-01-02 04:19:00-05:00,589.81,589.81,589.81,589.81,0.0,0.0,0.0
2025-01-02 04:20:00-05:00,589.73,589.77,589.73,589.77,658.0,11.0,589.7488
2025-01-02 04:21:00-05:00,589.77,589.77,589.77,589.77,0.0,0.0,0.0
2025-01-02 04:22:00-05:00,589.77,589.77,589.77,589.77,0.0,0.0,0.0
2025-01-02 04:23:00-05:00,589.6,589.6,589.6,589.6,451.0,16.0,589.656
2025-01-02 04:24:00-05:00,589.6,589.6,589.6,589.6,0.0,0.0,0.0
2025-01-02 04:25:00-05:00,589.63,589.63,589.63,589.63,432.0,14.0,589.6495
2025-01-02 04:26:00-05:00,589.7,589.7,589.6,589.6,1493.0,18.0,589.6192
2025-01-02 04:27:00-05:00,589.5,589.5,589.47,589.47,1449.0,19.0,589.4775
2025-01-02 04:28:00-05:00,589.56,589.56,589.56,589.56,198.0,4.0,589.5554
2025-01-02 04:29:00-05:00,589.54,589.69,589.54,589.69,604.0,7.0,589.6152
2025-01-02 04:30:00-05:00,589.69,589.69,589.69,589.69,0.0,0.0,0.0
2025-01-02 04:31:00-05:00,589.62,589.62,589.62,589.62,272.0,12.0,589.5819
2025-01-02 04:32:00-05:00,589.69,589.73,589.69,589.73,1329.0,20.0,589.7075
2025-01-02 04:33:00-05:00,589.73,589.73,589.73,589.73,0.0,0.0,0.0
2025-01-02 04:34:00-05:00,589.6,589.6,589.6,589.6,795.0,13.0,589.5976
2025-01-02 04:35:00-05:00,589.62,589.62,589.62,589.62,195.0,5.0,589.6199
2025-01-02 04:36:00-05:00,589.46,589.46,589.46,589.46,1246.0,18.0,589.4776
2025-01-02 04:37:00-05:00,589.33,589.33,589.33,589.33,1761.0,30.0,589.3305
2025-01-02 04:38:00-05:00,589.23,589.23,589.23,589.23,254.0,26.0,589.2697
2025-01-02 04:39:00-05:00,588.93,588.93,588.84,588.84,1810.0,21.0,588.9267
2025-01-02 04:40:00-05:00,589.05,589.05,589.04,589.04,2038.0,23.0,589.0588
2025-01-02 04:41:00-05:00,589.2,589.2,589.2,589.2,550.0,6.0,589.1945
2025-01-02 04:42:00-05:00,589.2,589.2,589.2,589.2,0.0,0.0,0.0
2025-01-02 04:43:00-05:00,589.38,589.38,589.38,589.38,394.0,10.0,589.4295
2025-01-02 04:44:00-05:00,589.38,589.38,589.38,589.38,0.0,0.0,0.0
2025-01-02 04:45:00-05:00,589.38,589.38,589.38,589.38,0.0,0.0,0.0
2025-01-02 04:46:00-05:00,589.38,589.38,589.38,589.38,0.0,0.0,0.0
2025-01-02 04:47:00-05:00,589.64,589.64,589.64,589.64,2198.0,19.0,589.6281
2025-01-02 04:48:00-05:00,589.64,589.64,589.64,589.64,0.0,0.0,0.0
2025-01-02 04:49:00-05:00,589.64,589.64,589.64,589.64,0.0,0.0,0.0
2025-01-02 04:50:00-05:00,589.66,589.66,589.66,589.66,1030.0,6.0,589.6606
2025-01-02 04:51:00-05:00,589.66,589.66,589.66,589.66,0.0,0.0,0.0
2025-01-02 04:52:00-05:00,589.66,589.66,589.66,589.66,0.0,0.0,0.0
2025-01-02 04:53:00-05:00,589.66,589.66,589.66,589.66,0.0,0.0,0.0
2025-01-02 04:54:00-05:00,589.66,589.66,589.66,589.66,0.0,0.0,0.0
2025-01-02 04:55:00-05:00,589.66,589.66,589.66,589.66,0.0,0.0,0.0
2025-01-02 04:56:00-05:00,589.66,589.66,589.66,589.66,0.0,0.0,0.0
2025-01-02 04:57:00-05:00,589.66,589.66,589.66,589.66,0.0,0.0,0.0
2025-01-02 04:58:00-05:00,589.66,589.66,589.66,589.66,0.0,0.0,0.0
2025-01-02 04:59:00-05:00,589.7,589.8,589.7,589.8,441.0,22.0,589.7661
2025-01-02 05:00:00-05:00,589.89,590.01,589.89,590.01,1977.0,37.0,589.9474
2025-01-02 05:01:00-05:00,589.94,589.94,589.94,589.94,284.0,13.0,589.8839
2025-01-02 05:02:00-05:00,589.94,589.94,589.94,589.94,0.0,0.0,0.0
2025-01-02 05:03:00-05:00,589.94,589.94,589.94,589.94,0.0,0.0,0.0
2025-01-02 05:04:00-05:00,589.7,589.7,589.7,589.7,221.0,8.0,589.7019
2025-01-02 05:05:00-05:00,589.7,589.7,589.7,589.7,0.0,0.0,0.0
2025-01-02 05:06:00-05:00,589.55,589.55,589.55,589.55,384.0,21.0,589.5442
2025-01-02 05:07:00-05:00,589.55,589.55,589.55,589.55,0.0,0.0,0.0
2025-01-02 05:08:00-05:00,589.55,589.55,589.55,589.55,0.0,0.0,0.0
2025-01-02 05:09:00-05:00,589.55,589.55,589.55,589.55,0.0,0.0,0.0
2025-01-02 05:10:00-05:00,589.55,589.55,589.55,589.55,0.0,0.0,0.0
2025-01-02 05:11:00-05:00,589.55,589.55,589.55,589.55,0.0,0.0,0.0
2025-01-02 05:12:00-05:00,589.52,589.52,589.4,589.4,814.0,16.0,589.4652
2025-01-02 05:13:00-05:00,589.3,589.3,589.16,589.16,3481.0,28.0,589.2864
2025-01-02 05:14:00-05:00,589.16,589.16,589.16,589.16,0.0,0.0,0.0
2025-01-02 05:15:00-05:00,589.16,589.16,589.16,589.16,0.0,0.0,0.0
2025-01-02 05:16:00-05:00,589.35,589.36,589.35,589.36,300.0,6.0,589.3273
2025-01-02 05:17:00-05:00,589.36,589.36,589.36,589.36,0.0,0.0,0.0
2025-01-02 05:18:00-05:00,589.44,589.44,589.44,589.44,227.0,12.0,589.4754
2025-01-02 05:19:00-05:00,589.44,589.44,589.44,589.44,0.0,0.0,0.0
2025-01-02 05:20:00-05:00,589.44,589.44,589.44,589.44,0.0,0.0,0.0
2025-01-02 05:21:00-05:00,589.44,589.44,589.44,589.44,0.0,0.0,0.0
2025-01-02 05:22:00-05:00,589.7,589.7,589.7,589.7,265.0,3.0,589.6975
2025-01-02 05:23:00-05:00,589.54,589.54,589.54,589.54,221.0,7.0,589.5676
2025-01-02 05:24:00-05:00,589.54,589.54,589.54,589.54,0.0,0.0,0.0
2025-01-02 05:25:00-05:00,589.54,589.54,589.54,589.54,0.0,0.0,0.0
2025-01-02 05:26:00-05:00,589.54,589.54,589.54,589.54,0.0,0.0,0.0
2025-01-02 05:27:00-05:00,589.54,589.54,589.54,589.54,0.0,0.0,0.0
2025-01-02 05:28:00-05:00,589.54,589.54,589.54,589.54,0.0,0.0,0.0
2025-01-02 05:29:00-05:00,589.54,589.54,589.54,589.54,0.0,0.0,0.0
2025-01-02 05:30:00-05:00,589.54,589.54,589.54,589.54,0.0,0.0,0.0
2025-01-02 05:31:00-05:00,589.54,589.54,589.54,589.54,0.0,0.0,0.0
2025-01-02 05:32:00-05:00,589.54,589.54,589.54,589.54,0.0,0.0,0.0
2025-01-02 05:33:00-05:00,589.64,589.64,589.64,589.64,166.0,6.0,589.639
2025-01-02 05:34:00-05:00,589.67,589.74,589.67,589.74,1179.0,17.0,589.7124
2025-01-02 05:35:00-05:00,589.8,589.8,589.8,589.8,534.0,8.0,589.8002
2025-01-02 05:36:00-05:00,589.91,589.91,589.91,589.91,240.0,5.0,589.9107
2025-01-02 05:37:00-05:00,589.89,589.89,589.89,589.89,105.0,4.0,589.8902
2025-01-02 05:38:00-05:00,589.92,589.92,589.92,589.92,276.0,18.0,589.8942
2025-01-02 05:39:00-05:00,589.92,589.92,589.92,589.92,0.0,0.0,0.0
2025-01-02 05:40:00-05:00,589.92,589.92,589.92,589.92,0.0,0.0,0.0
2025-01-02 05:41:00-05:00,589.88,589.88,589.88,589.88,3085.0,11.0,589.8784
2025-01-02 05:42:00-05:00,589.82,589.82,589.82,589.82,126.0,4.0,589.8286
2025-01-02 05:43:00-05:00,589.82,589.82,589.82,589.82,0.0,0.0,0.0
2025-01-02 05:44:00-05:00,589.82,589.82,589.82,589.82,0.0,0.0,0.0
2025-01-02 05:45:00-05:00,589.93,589.95,589.93,589.95,9071.0,38.0,589.9479
2025-01-02 05:46:00-05:00,589.95,589.95,589.95,589.95,1052.0,9.0,589.95
2025-01-02 05:47:00-05:00,589.95,589.95,589.95,589.95,0.0,0.0,0.0
2025-01-02 05:48:00-05:00,589.93,589.93,589.93,589.93,318.0,14.0,589.9335
2025-01-02 05:49:00-05:00,589.9,589.93,589.9,589.93,10107.0,53.0,589.9248
2025-01-02 05:50:00-05:00,589.75,589.75,589.75,589.75,136.0,12.0,589.7701
2025-01-02 05:51:00-05:00,589.7,589.7,589.7,589.7,344.0,20.0,589.6359
2025-01-02 05:52:00-05:00,589.24,589.24,589.24,589.24,233.0,32.0,589.3433
2025-01-02 05:53:00-05:00,589.32,589.42,589.32,589.42,10263.0,47.0,589.36
2025-01-02 05:54:00-05:00,589.41,589.44,589.41,589.44,10313.0,32.0,589.4388
2025-01-02 05:55:00-05:00,589.44,589.44,589.44,589.44,0.0,0.0,0.0
2025-01-02 05:56:00-05:00,589.44,589.44,589.44,589.44,0.0,0.0,0.0
2025-01-02 05:57:00-05:00,589.65,589.65,589.65,589.65,263.0,7.0,589.6761
2025-01-02 05:58:00-05:00,589.65,589.65,589.65,589.65,0.0,0.0,0.0
2025-01-02 05:59:00-05:00,589.84,589.92,589.84,589.92,10368.0,38.0,589.9169
2025-01-02 06:00:00-05:00,589.89,589.89,589.8,589.8,409.0,12.0,589.8295
2025-01-02 06:01:00-05:00,589.8,589.8,589.8,589.8,0.0,0.0,0.0
2025-01-02 06:02:00-05:00,589.48,589.48,589.48,589.48,125.0,4.0,589.4632
2025-01-02 06:03:00-05:00,589.59,589.6,589.59,589.6,19733.0,64.0,589.5987
2025-01-02 06:04:00-05:00,589.6,589.6,589.6,589.6,0.0,0.0,0.0
2025-01-02 06:05:00-05:00,589.6,589.6,589.6,589.6,414.0,7.0,589.5988
2025-01-02 06:06:00-05:00,589.6,589.6,589.6,589.6,0.0,0.0,0.0
2025-01-02 06:07:00-05:00,589.58,589.7,589.55,589.7,33089.0,80.0,589.6307
2025-01-02 06:08:00-05:00,589.7,589.7,589.7,589.7,0.0,0.0,0.0
2025-01-02 06:09:00-05:00,589.7,589.7,589.7,589.7,0.0,0.0,0.0
2025-01-02 06:10:00-05:00,589.71,589.71,589.71,589.71,448.0,12.0,589.722
2025-01-02 06:11:00-05:00,589.71,589.71,589.71,589.71,0.0,0.0,0.0
2025-01-02 06:12:00-05:00,589.89,589.89,589.89,589.89,3030.0,16.0,589.8899
2025-01-02 06:13:00-05:00,589.82,589.82,589.82,589.82,1340.0,13.0,589.8227
2025-01-02 06:14:00-05:00,589.97,589.97,589.97,589.97,180.0,12.0,589.9796
2025-01-02 06:15:00-05:00,589.97,589.97,589.97,589.97,0.0,0.0,0.0
2025-01-02 06:16:00-05:00,589.97,589.97,589.97,589.97,0.0,0.0,0.0
2025-01-02 06:17:00-05:00,589.97,589.97,589.97,589.97,0.0,0.0,0.0
2025-01-02 06:18:00-05:00,589.97,589.97,589.97,589.97,0.0,0.0,0.0
2025-01-02 06:19:00-05:00,589.97,589.97,589.97,589.97,0.0,0.0,0.0
2025-01-02 06:20:00-05:00,589.97,589.97,589.97,589.97,0.0,0.0,0.0
2025-01-02 06:21:00-05:00,589.97,589.97,589.97,589.97,0.0,0.0,0.0
2025-01-02 06:22:00-05:00,589.97,589.97,589.97,589.97,0.0,0.0,0.0
2025-01-02 06:23:00-05:00,589.97,589.97,589.97,589.97,0.0,0.0,0.0
2025-01-02 06:24:00-05:00,589.95,589.95,589.9,589.9,10023.0,41.0,589.9209
2025-01-02 06:25:00-05:00,589.9,589.9,589.9,589.9,0.0,0.0,0.0
2025-01-02 06:26:00-05:00,589.9,589.9,589.9,589.9,0.0,0.0,0.0
2025-01-02 06:27:00-05:00,589.9,589.9,589.9,589.9,0.0,0.0,0.0
2025-01-02 06:28:00-05:00,589.9,589.9,589.9,589.9,0.0,0.0,0.0
2025-01-02 06:29:00-05:00,589.9,589.9,589.9,589.9,0.0,0.0,0.0
2025-01-02 06:30:00-05:00,589.9,589.9,589.9,589.9,0.0,0.0,0.0
2025-01-02 06:31:00-05:00,589.9,589.9,589.9,589.9,0.0,0.0,0.0
2025-01-02 06:32:00-05:00,589.74,589.74,589.7,589.7,251.0,13.0,589.7218
2025-01-02 06:33:00-05:00,589.7,589.7,589.7,589.7,0.0,0.0,0.0
2025-01-02 06:34:00-05:00,589.59,589.61,589.59,589.61,12821.0,44.0,589.6015
2025-01-02 06:35:00-05:00,589.74,589.81,589.74,589.81,10387.0,59.0,589.7912
2025-01-02 06:36:00-05:00,589.81,589.81,589.81,589.81,0.0,0.0,0.0
2025-01-02 06:37:00-05:00,589.81,589.81,589.81,589.81,0.0,0.0,0.0
2025-01-02 06:38:00-05:00,589.81,589.81,589.81,589.81,0.0,0.0,0.0
2025-01-02 06:39:00-05:00,589.97,589.97,589.97,589.97,185.0,12.0,589.953
2025-01-02 06:40:00-05:00,589.97,589.97,589.97,589.97,0.0,0.0,0.0
2025-01-02 06:41:00-05:00,589.97,589.97,589.97,589.97,0.0,0.0,0.0
2025-01-02 06:42:00-05:00,590.1,590.2,590.1,590.2,2908.0,59.0,590.189
2025-01-02 06:43:00-05:00,590.29,590.29,590.29,590.29,343.0,18.0,590.3202
2025-01-02 06:44:00-05:00,590.26,590.32,590.26,590.32,1882.0,22.0,590.3167
2025-01-02 06:45:00-05:00,590.48,590.5,590.48,590.5,1924.0,13.0,590.4869
2025-01-02 06:46:00-05:00,590.5,590.53,590.5,590.53,968.0,21.0,590.5233
2025-01-02 06:47:00-05:00,590.85,590.92,590.83,590.84,3901.0,37.0,590.8521
2025-01-02 06:48:00-05:00,590.86,591.0,590.85,590.98,3874.0,39.0,590.9441
2025-01-02 06:49:00-05:00,590.98,590.98,590.98,590.98,0.0,0.0,0.0
2025-01-02 06:50:00-05:00,590.93,590.93,590.93,590.93,658.0,17.0,590.9082
2025-01-02 06:51:00-05:00,590.85,590.85,590.85,590.85,5113.0,19.0,590.8499
2025-01-02 06:52:00-05:00,590.9,590.9,590.75,590.75,649.0,13.0,590.832
2025-01-02 06:53:00-05:00,590.8,590.8,590.8,590.8,570.0,14.0,590.7999
2025-01-02 06:54:00-05:00,590.89,590.89,590.89,590.89,755.0,15.0,590.8812
2025-01-02 06:55:00-05:00,590.93,590.94,590.9,590.9,1160.0,12.0,590.9292
2025-01-02 06:56:00-05:00,590.95,591.22,590.95,591.22,4291.0,47.0,591.0619
2025-01-02 06:57:00-05:00,591.29,591.49,591.29,591.49,9307.0,51.0,591.4379
2025-01-02 06:58:00-05:00,591.43,591.55,591.35,591.35,12841.0,56.0,591.4974
2025-01-02 06:59:00-05:00,591.59,591.74,591.58,591.61,13414.0,97.0,591.6761
2025-01-02 07:00:00-05:00,591.57,591.6,591.44,591.44,5730.0,96.0,591.5486
2025-01-02 07:01:00-05:00,591.45,591.85,591.45,591.83,37149.0,171.0,591.811
2025-01-02 07:02:00-05:00,591.78,591.84,591.69,591.69,13492.0,89.0,591.793
2025-01-02 07:03:00-05:00,591.76,591.76,590.94,591.52,228275.0,766.0,591.4081
2025-01-02 07:04:00-05:00,591.41,591.56,591.4,591.56,6736.0,52.0,591.4931
2025-01-02 07:05:00-05:00,591.61,591.65,591.58,591.6,17264.0,78.0,591.6063
2025-01-02 07:06:00-05:00,591.7,591.77,591.7,591.73,1091.0,34.0,591.742
2025-01-02 07:07:00-05:00,591.75,591.77,591.64,591.64,1793.0,38.0,591.7071
2025-01-02 07:08:00-05:00,591.63,591.63,591.52,591.56,1628.0,54.0,591.5683
2025-01-02 07:09:00-05:00,591.7,591.87,591.7,591.84,4766.0,78.0,591.8357
2025-01-02 07:10:00-05:00,591.93,591.96,591.83,591.96,8235.0,73.0,591.8535
2025-01-02 07:11:00-05:00,591.86,591.86,591.77,591.77,5333.0,31.0,591.8254
2025-01-02 07:12:00-05:00,591.87,591.92,591.84,591.92,3294.0,30.0,591.8673
2025-01-02 07:13:00-05:00,591.85,591.93,591.85,591.93,3014.0,40.0,591.8727
2025-01-02 07:14:00-05:00,591.98,591.98,591.92,591.92,541.0,21.0,591.9551
2025-01-02 07:15:00-05:00,591.96,592.0,591.96,592.0,2567.0,56.0,591.9949
2025-01-02 07:16:00-05:00,591.95,592.02,591.95,592.0,1916.0,52.0,591.9914
2025-01-02 07:17:00-05:00,591.95,591.95,591.95,591.95,587.0,18.0,591.9591
2025-01-02 07:18:00-05:00,591.94,591.94,591.88,591.93,4080.0,41.0,591.9229
2025-01-02 07:19:00-05:00,591.94,591.94,591.81,591.88,8767.0,70.0,591.8572
2025-01-02 07:20:00-05:00,592.0,592.06,591.95,592.0,3958.0,38.0,591.9809
2025-01-02 07:21:00-05:00,592.0,592.0,592.0,592.0,2942.0,15.0,591.9999
2025-01-02 07:22:00-05:00,591.96,592.02,591.93,592.02,3871.0,43.0,591.9772
2025-01-02 07:23:00-05:00,592.0,592.0,591.89,591.89,1622.0,33.0,591.9271
2025-01-02 07:24:00-05:00,591.82,591.99,591.82,591.99,2538.0,27.0,591.8727
2025-01-02 07:25:00-05:00,591.99,591.99,591.99,591.99,0.0,0.0,0.0
2025-01-02 07:26:00-05:00,591.93,591.93,591.93,591.93,358.0,13.0,591.9516
2025-01-02 07:27:00-05:00,591.93,591.93,591.93,591.93,0.0,0.0,0.0
2025-01-02 07:28:00-05:00,591.93,591.98,591.93,591.98,3206.0,31.0,591.9707
2025-01-02 07:29:00-05:00,591.95,592.009,591.95,592.009,2288.0,29.0,591.9806
2025-01-02 07:30:00-05:00,591.99,591.99,591.96,591.96,813.0,41.0,591.9619
2025-01-02 07:31:00-05:00,591.89,591.89,591.89,591.89,8715.0,54.0,591.8886
2025-01-02 07:32:00-05:00,591.77,591.86,591.69,591.85,5051.0,68.0,591.7553
2025-01-02 07:33:00-05:00,591.87,591.88,591.83,591.83,6355.0,39.0,591.8766
2025-01-02 07:34:00-05:00,591.75,591.75,591.63,591.63,2376.0,48.0,591.6568
2025-01-02 07:35:00-05:00,591.63,591.63,591.63,591.63,0.0,0.0,0.0
2025-01-02 07:36:00-05:00,591.63,591.63,591.63,591.63,0.0,0.0,0.0
2025-01-02 07:37:00-05:00,591.82,591.83,591.8,591.8,1029.0,32.0,591.806
2025-01-02 07:38:00-05:00,591.8,591.8,591.8,591.8,0.0,0.0,0.0
2025-01-02 07:39:00-05:00,591.74,591.8,591.74,591.8,1084.0,22.0,591.7631
2025-01-02 07:40:00-05:00,591.795,591.85,591.795,591.84,983.0,20.0,591.8128
2025-01-02 07:41:00-05:00,591.7,591.7,591.5,591.5,3771.0,55.0,591.5437
2025-01-02 07:42:00-05:00,591.4,591.43,591.4,591.43,1111.0,42.0,591.3792
2025-01-02 07:43:00-05:00,591.23,591.23,591.07,591.07,12047.0,134.0,591.1639
2025-01-02 07:44:00-05:00,591.1,591.22,591.1,591.19,1580.0,48.0,591.1577
2025-01-02 07:45:00-05:00,591.18,591.2,591.14,591.19,2201.0,45.0,591.1806
2025-01-02 07:46:00-05:00,591.13,591.13,591.04,591.04,3938.0,74.0,591.0715
2025-01-02 07:47:00-05:00,591.0,591.03,590.8,591.03,30883.0,165.0,590.8796
2025-01-02 07:48:00-05:00,591.03,591.03,591.03,591.03,935.0,82.0,591.0373
2025-01-02 07:49:00-05:00,591.01,591.01,590.8,590.84,8088.0,109.0,590.8402
2025-01-02 07:50:00-05:00,590.9,590.91,590.85,590.85,1850.0,62.0,590.894
2025-01-02 07:51:00-05:00,590.85,590.85,590.51,590.51,10657.0,199.0,590.7476
2025-01-02 07:52:00-05:00,590.44,590.49,590.36,590.48,7037.0,115.0,590.4217
2025-01-02 07:53:00-05:00,590.46,590.61,590.46,590.61,8136.0,112.0,590.5183
2025-01-02 07:54:00-05:00,590.7,590.79,590.62,590.78,23872.0,175.0,590.7
2025-01-02 07:55:00-05:00,590.66,590.68,590.58,590.68,2343.0,77.0,590.6196
2025-01-02 07:56:00-05:00,590.72,590.95,590.72,590.89,16554.0,150.0,590.8662
2025-01-02 07:57:00-05:00,590.88,590.93,590.83,590.93,2643.0,54.0,590.8674
2025-01-02 07:58:00-05:00,591.0,591.0,591.0,591.0,1537.0,57.0,590.9953
2025-01-02 07:59:00-05:00,590.94,590.94,590.94,590.94,443.0,39.0,590.9869
2025-01-02 08:00:00-05:00,591.01,592.0113,588.49,590.95,59646.0,1187.0,589.9167
2025-01-02 08:01:00-05:00,590.95,590.95,590.86,590.9,29817.0,509.0,590.7574
2025-01-02 08:02:00-05:00,590.75,590.76,590.75,590.76,3080.0,135.0,590.6884
2025-01-02 08:03:00-05:00,590.88,591.04,590.88,591.04,2741.0,85.0,590.9442
2025-01-02 08:04:00-05:00,591.0495,591.0495,591.0,591.0,3794.0,87.0,591.0128
2025-01-02 08:05:00-05:00,591.06,591.09,590.97,590.97,4185.0,135.0,591.0354
2025-01-02 08:06:00-05:00,591.05,591.05,590.94,590.94,1513.0,60.0,590.9611
2025-01-02 08:07:00-05:00,590.96,591.01,590.92,590.92,7241.0,108.0,590.9767
2025-01-02 08:08:00-05:00,590.8,590.82,590.8,590.8197,3067.0,81.0,590.8162
2025-01-02 08:09:00-05:00,590.91,590.91,590.91,590.91,668.0,93.0,590.8816
2025-01-02 08:10:00-05:00,590.83,590.83,590.83,590.83,713.0,84.0,590.8455
2025-01-02 08:11:00-05:00,590.85,590.85,590.85,590.85,692.0,81.0,590.8509
2025-01-02 08:12:00-05:00,590.8,590.8,590.73,590.73,4036.0,114.0,590.7591
2025-01-02 08:13:00-05:00,590.83,590.85,590.82,590.85,1777.0,82.0,590.8259
2025-01-02 08:14:00-05:00,590.76,590.76,590.75,590.75,1744.0,91.0,590.7518
2025-01-02 08:15:00-05:00,590.77,590.78,590.68,590.71,6885.0,64.0,590.5995
2025-01-02 08:16:00-05:00,590.8,590.8,590.8,590.8,650.0,43.0,590.7778
2025-01-02 08:17:00-05:00,590.72,590.72,590.71,590.71,2403.0,73.0,590.7073
2025-01-02 08:18:00-05:00,590.521,590.6,590.521,590.6,653.0,37.0,590.5658
2025-01-02 08:19:00-05:00,590.5,590.5,590.5,590.5,2668.0,46.0,590.5045
2025-01-02 08:20:00-05:00,590.48,590.48,590.29,590.32,5424.0,75.0,590.4078
2025-01-02 08:21:00-05:00,590.31,590.45,590.31,590.44,6185.0,63.0,590.4051
2025-01-02 08:22:00-05:00,590.47,590.75,590.47,590.75,1082.0,35.0,590.6611
2025-01-02 08:23:00-05:00,590.71,590.71,590.62,590.62,2342.0,52.0,590.6507
2025-01-02 08:24:00-05:00,590.62,590.62,590.62,590.62,0.0,0.0,0.0
2025-01-02 08:25:00-05:00,590.41,590.43,590.31,590.33,1223.0,56.0,590.3704
2025-01-02 08:26:00-05:00,590.4,590.4,590.34,590.36,6117.0,52.0,590.3764
2025-01-02 08:27:00-05:00,590.36,590.52,590.36,590.49,8030.0,53.0,590.4424
2025-01-02 08:28:00-05:00,590.57,590.57,590.57,590.57,540.0,37.0,590.5541
2025-01-02 08:29:00-05:00,590.5,590.5,590.48,590.48,656.0,34.0,590.5064
2025-01-02 08:30:00-05:00,590.52,590.62,590.07,590.47,2561.0,115.0,590.3489
2025-01-02 08:31:00-05:00,590.31,590.35,590.31,590.35,4782.0,80.0,590.3536
2025-01-02 08:32:00-05:00,590.371,590.58,590.371,590.58,2111.0,78.0,590.4939
2025-01-02 08:33:00-05:00,590.77,590.77,590.67,590.73,2609.0,69.0,590.7244
2025-01-02 08:34:00-05:00,590.78,590.9,590.78,590.9,1767.0,78.0,590.7995
2025-01-02 08:35:00-05:00,590.85,590.9,590.82,590.8775,2825.0,89.0,590.8659
2025-01-02 08:36:00-05:00,590.85,590.85,590.85,590.85,2995.0,91.0,590.8425
2025-01-02 08:37:00-05:00,590.88,590.88,590.88,590.88,1900.0,64.0,590.8826
2025-01-02 08:38:00-05:00,590.95,591.14,590.9392,591.14,8012.0,107.0,591.0025
2025-01-02 08:39:00-05:00,591.19,591.24,591.051,591.1,6118.0,78.0,591.1423
2025-01-02 08:40:00-05:00,591.03,591.06,590.97,590.99,10731.0,91.0,591.0314
2025-01-02 08:41:00-05:00,591.05,591.18,591.05,591.1435,2302.0,41.0,591.103
2025-01-02 08:42:00-05:00,591.17,591.18,591.16,591.18,1766.0,43.0,591.1779
2025-01-02 08:43:00-05:00,591.18,591.18,591.18,591.18,0.0,0.0,0.0
2025-01-02 08:44:00-05:00,591.25,591.35,591.22,591.22,3499.0,68.0,591.2479
2025-01-02 08:45:00-05:00,591.16,591.16,590.95,590.95,1383.0,67.0,591.0368
2025-01-02 08:46:00-05:00,590.87,590.87,590.7,590.7,2348.0,59.0,590.8079
2025-01-02 08:47:00-05:00,590.73,590.77,586.08,586.08,2524.0,49.0,589.2605
2025-01-02 08:48:00-05:00,590.88,591.05,590.88,591.0,1320.0,33.0,590.9727
2025-01-02 08:49:00-05:00,590.91,590.92,590.83,590.83,1178.0,54.0,590.892
2025-01-02 08:50:00-05:00,590.86,590.86,590.42,590.42,11084.0,161.0,590.5029
2025-01-02 08:51:00-05:00,590.44,590.44,590.3,590.32,2348.0,68.0,590.3563
2025-01-02 08:52:00-05:00,590.37,590.37,590.35,590.35,858.0,52.0,590.356
2025-01-02 08:53:00-05:00,590.4055,590.4055,590.39,590.39,907.0,61.0,590.3917
2025-01-02 08:54:00-05:00,590.45,590.57,590.45,590.56,3277.0,56.0,590.5315
2025-01-02 08:55:00-05:00,590.55,590.55,590.53,590.53,593.0,43.0,590.5443
2025-01-02 08:56:00-05:00,590.56,590.56,590.48,590.48,402.0,42.0,590.5047
2025-01-02 08:57:00-05:00,590.48,590.48,590.48,590.48,0.0,0.0,0.0
2025-01-02 08:58:00-05:00,590.45,590.45,590.45,590.45,856.0,67.0,590.3864
2025-01-02 08:59:00-05:00,590.33,590.39,590.33,590.34,3068.0,53.0,590.339
2025-01-02 09:00:00-05:00,590.4,590.45,589.86,589.87,24437.0,287.0,590.191
2025-01-02 09:01:00-05:00,590.015,590.015,589.48,589.54,22318.0,233.0,589.5994
2025-01-02 09:02:00-05:00,589.56,589.64,589.44,589.56,33958.0,208.0,589.5375
2025-01-02 09:03:00-05:00,589.44,589.4499,589.0,589.31,24394.0,294.0,589.2913
2025-01-02 09:04:00-05:00,589.29,589.45,589.16,589.45,8203.0,139.0,589.2802
2025-01-02 09:05:00-05:00,589.489,589.6,589.46,589.54,18785.0,149.0,589.5706
2025-01-02 09:06:00-05:00,589.93,589.93,589.68,589.68,3928.0,97.0,589.7738
2025-01-02 09:07:00-05:00,589.73,589.74,589.54,589.69,15771.0,110.0,589.6103
2025-01-02 09:08:00-05:00,589.69,589.83,589.55,589.61,17298.0,151.0,589.6811
2025-01-02 09:09:00-05:00,589.61,589.77,589.61,589.77,1880.0,64.0,589.7216
2025-01-02 09:10:00-05:00,589.76,589.76,589.7,589.75,1553.0,64.0,589.7376
2025-01-02 09:11:00-05:00,589.81,589.81,589.63,589.63,6837.0,96.0,589.7224
2025-01-02 09:12:00-05:00,589.679,589.71,589.6,589.6,5501.0,97.0,589.6579
2025-01-02 09:13:00-05:00,589.53,589.73,589.53,589.72,4830.0,96.0,589.6827
2025-01-02 09:14:00-05:00,589.72,589.86,589.72,589.7723,5169.0,117.0,589.7882
2025-01-02 09:15:00-05:00,590.0,590.19,590.0,590.16,5713.0,127.0,590.0604
2025-01-02 09:16:00-05:00,590.0,590.02,589.82,589.82,2136.0,94.0,589.9429
2025-01-02 09:17:00-05:00,589.9,589.9,589.82,589.82,4584.0,99.0,589.8779
2025-01-02 09:18:00-05:00,589.78,589.95,589.78,589.9484,2117.0,89.0,589.8915
2025-01-02 09:19:00-05:00,589.71,589.73,589.56,589.56,1998.0,98.0,589.6822
2025-01-02 09:20:00-05:00,589.55,589.6,589.35,589.6,8732.0,141.0,589.4877
2025-01-02 09:21:00-05:00,589.66,589.66,589.58,589.59,1588.0,82.0,589.6168
2025-01-02 09:22:00-05:00,589.58,589.58,589.48,589.54,1680.0,120.0,589.5195
2025-01-02 09:23:00-05:00,589.59,589.71,589.59,589.66,2240.0,81.0,589.6797
2025-01-02 09:24:00-05:00,589.7,589.7,589.63,589.64,1654.0,133.0,589.6394
2025-01-02 09:25:00-05:00,589.6,589.6,589.45,589.52,7828.0,159.0,589.513
2025-01-02 09:26:00-05:00,589.55,589.55,589.4,589.5,11683.0,165.0,589.4591
2025-01-02 09:27:00-05:00,589.47,589.54,589.4,589.49,6848.0,148.0,589.4891
2025-01-02 09:28:00-05:00,589.53,589.59,589.47,589.48,17015.0,188.0,589.5125
2025-01-02 09:29:00-05:00,589.43,589.58,589.27,589.31,71985.0,396.0,589.3815
2025-01-02 09:30:00-05:00,589.39,589.45,588.46,589.45,1286903.0,16412.0,588.9191
2025-01-02 09:31:00-05:00,589.45,589.6,589.04,589.57,175662.0,2160.0,589.3385
2025-01-02 09:32:00-05:00,589.49,589.65,589.0319,589.09,125032.0,1542.0,589.3655
2025-01-02 09:33:00-05:00,589.09,589.18,587.98,588.01,132101.0,2396.0,588.6081
2025-01-02 09:34:00-05:00,587.99,588.52,587.81,587.83,145261.0,1916.0,588.159
2025-01-02 09:35:00-05:00,587.8,587.91,586.91,586.91,166855.0,2661.0,587.4131
2025-01-02 09:36:00-05:00,586.91,587.55,586.91,587.05,211090.0,2800.0,587.2337
2025-01-02 09:37:00-05:00,587.03,587.34,586.71,587.221,225508.0,2291.0,586.9836
2025-01-02 09:38:00-05:00,587.2399,587.5,586.89,586.93,174939.0,2151.0,587.1301
2025-01-02 09:39:00-05:00,586.93,587.0,586.23,586.26,166197.0,3002.0,586.6261
2025-01-02 09:40:00-05:00,586.27,586.84,586.14,586.4849,176752.0,2291.0,586.6795
2025-01-02 09:41:00-05:00,586.515,586.86,586.3687,586.594,111028.0,1596.0,586.598
2025-01-02 09:42:00-05:00,586.66,587.1,586.19,586.8997,130273.0,1885.0,586.6706
2025-01-02 09:43:00-05:00,586.85,587.18,586.51,586.8,187614.0,1958.0,586.8992
2025-01-02 09:44:00-05:00,586.78,587.19,586.71,587.14,113015.0,1575.0,586.9653
2025-01-02 09:45:00-05:00,587.15,587.44,587.0,587.25,122301.0,1755.0,587.2225
2025-01-02 09:46:00-05:00,587.27,587.75,587.11,587.44,126084.0,2065.0,587.4497
2025-01-02 09:47:00-05:00,587.43,587.88,587.36,587.745,100475.0,1455.0,587.6695
2025-01-02 09:48:00-05:00,587.73,587.91,587.48,587.78,87926.0,1436.0,587.7011
2025-01-02 09:49:00-05:00,587.81,588.58,587.65,588.54,116375.0,1853.0,588.0272
2025-01-02 09:50:00-05:00,588.56,588.89,588.17,588.17,227006.0,3170.0,588.5744
2025-01-02 09:51:00-05:00,588.16,588.54,588.16,588.4301,123863.0,1737.0,588.3601
2025-01-02 09:52:00-05:00,588.45,589.03,588.31,589.01,166836.0,2123.0,588.6341
2025-01-02 09:53:00-05:00,589.06,589.34,588.9644,589.13,122744.0,2142.0,589.1357
2025-01-02 09:54:00-05:00,589.09,589.95,589.08,589.95,201799.0,2350.0,589.5884
2025-01-02 09:55:00-05:00,589.93,590.52,589.68,590.065,169669.0,2233.0,590.0584
2025-01-02 09:56:00-05:00,590.07,590.38,590.0127,590.16,116501.0,1786.0,590.1613
2025-01-02 09:57:00-05:00,590.17,590.48,590.075,590.16,195747.0,1954.0,590.2753
2025-01-02 09:58:00-05:00,590.15,590.2434,589.66,589.95,184462.0,2307.0,589.9103
2025-01-02 09:59:00-05:00,589.95,590.2,589.7915,590.17,108293.0,1660.0,589.9117
2025-01-02 10:00:00-05:00,590.18,590.58,589.895,590.18,145800.0,2294.0,590.2307
2025-01-02 10:01:00-05:00,590.17,590.27,589.82,589.99,105839.0,1817.0,590.0416
2025-01-02 10:02:00-05:00,590.0,590.44,589.92,590.09,114429.0,1666.0,590.1455
2025-01-02 10:03:00-05:00,590.07,590.255,589.8,589.86,88266.0,1659.0,590.0074
2025-01-02 10:04:00-05:00,589.87,590.58,589.87,590.53,117399.0,1794.0,590.1693
2025-01-02 10:05:00-05:00,590.54,591.04,590.43,590.6,168823.0,2435.0,590.6416
2025-01-02 10:06:00-05:00,590.6,591.13,590.41,590.4911,203247.0,2184.0,590.8032
2025-01-02 10:07:00-05:00,590.47,590.55,590.02,590.2208,174193.0,2062.0,590.2388
2025-01-02 10:08:00-05:00,590.22,590.59,590.2,590.5853,116885.0,1617.0,590.3884
2025-01-02 10:09:00-05:00,590.58,590.705,590.34,590.49,102776.0,1711.0,590.5233
2025-01-02 10:10:00-05:00,590.46,590.63,590.102,590.6107,83399.0,1581.0,590.3223
2025-01-02 10:11:00-05:00,590.61,590.94,590.57,590.67,119569.0,1714.0,590.722
2025-01-02 10:12:00-05:00,590.7,590.8,590.44,590.51,103131.0,1725.0,590.5919
2025-01-02 10:13:00-05:00,590.5299,590.93,590.25,590.85,126556.0,1672.0,590.6627
2025-01-02 10:14:00-05:00,590.84,590.96,590.6,590.6,108826.0,1391.0,590.8207
2025-01-02 10:15:00-05:00,590.6,590.82,590.51,590.67,121466.0,1533.0,590.6691
2025-01-02 10:16:00-05:00,590.72,590.86,590.5132,590.59,74969.0,1392.0,590.7165
2025-01-02 10:17:00-05:00,590.62,590.62,589.98,590.005,181215.0,2283.0,590.3406
2025-01-02 10:18:00-05:00,590.05,590.37,589.925,590.11,143279.0,3497.0,590.1178
2025-01-02 10:19:00-05:00,590.11,590.18,589.4,589.45,112249.0,4274.0,589.8975
2025-01-02 10:20:00-05:00,589.47,589.6,588.45,588.61,270558.0,4916.0,587.5229
2025-01-02 10:21:00-05:00,588.64,588.75,587.93,588.2,163503.0,4507.0,588.2971
2025-01-02 10:22:00-05:00,588.21,588.34,587.58,587.74,108956.0,1878.0,587.932
2025-01-02 10:23:00-05:00,587.66,587.84,587.36,587.76,104779.0,1566.0,587.6516
2025-01-02 10:24:00-05:00,587.75,588.0,587.44,587.72,115112.0,1672.0,587.7127
2025-01-02 10:25:00-05:00,587.72,588.2,587.6,588.13,155839.0,2042.0,587.958
2025-01-02 10:26:00-05:00,588.11,588.49,587.93,588.27,117920.0,1701.0,588.1415
2025-01-02 10:27:00-05:00,588.28,588.37,587.84,588.0,108603.0,1661.0,588.1362
2025-01-02 10:28:00-05:00,588.0,588.06,587.3121,587.49,124099.0,1903.0,587.6325
2025-01-02 10:29:00-05:00,587.47,587.94,587.4601,587.83,44839.0,1100.0,587.6856
2025-01-02 10:30:00-05:00,587.81,588.02,587.21,587.2101,68431.0,1510.0,587.6617
2025-01-02 10:31:00-05:00,587.23,587.3,586.55,586.67,130820.0,1986.0,586.877
2025-01-02 10:32:00-05:00,586.72,587.41,586.7,587.39,113856.0,1582.0,587.0472
2025-01-02 10:33:00-05:00,587.39,587.5405,587.21,587.325,52948.0,1055.0,587.3445
2025-01-02 10:34:00-05:00,587.29,587.79,587.22,587.31,99323.0,1665.0,587.585
2025-01-02 10:35:00-05:00,587.31,587.31,586.72,587.08,114646.0,1667.0,586.912
2025-01-02 10:36:00-05:00,587.075,587.63,586.88,587.63,82183.0,1255.0,587.1699
2025-01-02 10:37:00-05:00,587.62,588.19,587.111,587.35,114028.0,1862.0,587.6522
2025-01-02 10:38:00-05:00,587.27,587.32,586.99,587.2499,68763.0,1311.0,587.1872
2025-01-02 10:39:00-05:00,587.27,587.37,587.04,587.1701,45270.0,962.0,587.2154
2025-01-02 10:40:00-05:00,587.22,587.66,587.1401,587.3,38734.0,1010.0,587.3976
2025-01-02 10:41:00-05:00,587.28,587.34,586.55,586.65,132032.0,1980.0,586.9854
2025-01-02 10:42:00-05:00,586.73,586.9,586.34,586.82,81898.0,1412.0,586.6206
2025-01-02 10:43:00-05:00,586.84,586.9,586.4701,586.88,71192.0,1176.0,586.7398
2025-01-02 10:44:00-05:00,586.88,587.1,586.63,587.0517,44555.0,893.0,586.8346
2025-01-02 10:45:00-05:00,587.025,587.205,586.67,587.02,58625.0,1138.0,586.99
2025-01-02 10:46:00-05:00,587.01,587.13,586.48,586.58,69074.0,1176.0,586.8128
2025-01-02 10:47:00-05:00,586.54,586.79,586.4,586.76,49864.0,872.0,586.5961
2025-01-02 10:48:00-05:00,586.74,587.65,586.63,587.64,125545.0,1435.0,587.2545
2025-01-02 10:49:00-05:00,587.66,588.1099,587.4501,587.98,107036.0,1694.0,587.8078
2025-01-02 10:50:00-05:00,587.98,588.06,587.7178,588.04,128173.0,953.0,588.1794
2025-01-02 10:51:00-05:00,587.98,588.47,587.85,588.4,92541.0,1409.0,588.2135
2025-01-02 10:52:00-05:00,588.39,588.78,588.2,588.31,77550.0,1396.0,588.5248
2025-01-02 10:53:00-05:00,588.27,588.31,587.17,587.64,73706.0,1504.0,587.6788
2025-01-02 10:54:00-05:00,587.65,588.45,587.58,588.45,50551.0,961.0,588.1164
2025-01-02 10:55:00-05:00,588.4,588.55,588.02,588.0866,39107.0,900.0,588.2562
2025-01-02 10:56:00-05:00,588.11,588.29,587.92,588.12,26068.0,627.0,588.1052
2025-01-02 10:57:00-05:00,588.2,588.24,587.925,588.0,32125.0,720.0,588.0371
2025-01-02 10:58:00-05:00,588.0,588.13,587.69,587.69,51645.0,926.0,587.8816
2025-01-02 10:59:00-05:00,587.8,587.82,587.24,587.61,112529.0,1131.0,587.4176
2025-01-02 11:00:00-05:00,587.59,587.8,587.37,587.45,80752.0,1070.0,587.5855
2025-01-02 11:01:00-05:00,587.38,587.4699,587.23,587.44,61817.0,1038.0,587.3466
2025-01-02 11:02:00-05:00,587.41,587.59,586.27,586.445,117757.0,1956.0,586.8005
2025-01-02 11:03:00-05:00,586.42,586.57,585.851,585.94,123088.0,3085.0,586.1251
2025-01-02 11:04:00-05:00,585.9708,585.9799,585.2,585.5866,452529.0,3008.0,585.7528
2025-01-02 11:05:00-05:00,585.58,585.93,585.5101,585.7699,91458.0,1226.0,585.7197
2025-01-02 11:06:00-05:00,585.75,586.24,585.62,585.9688,203784.0,1602.0,585.9011
2025-01-02 11:07:00-05:00,585.94,586.05,585.53,585.76,68148.0,1204.0,585.7616
2025-01-02 11:08:00-05:00,585.78,586.0,585.49,585.49,68996.0,1402.0,585.7444
2025-01-02 11:09:00-05:00,585.56,586.01,585.52,585.91,61894.0,956.0,585.8635
2025-01-02 11:10:00-05:00,585.95,585.96,585.37,585.65,134970.0,1575.0,585.6693
2025-01-02 11:11:00-05:00,585.68,586.2,585.59,586.18,100728.0,1314.0,585.8956
2025-01-02 11:12:00-05:00,586.185,586.295,585.7905,585.94,107808.0,1454.0,586.1178
2025-01-02 11:13:00-05:00,585.93,586.1561,585.85,586.13,45654.0,695.0,586.0294
2025-01-02 11:14:00-05:00,586.15,586.76,586.0795,586.45,72846.0,1167.0,586.487
2025-01-02 11:15:00-05:00,586.46,586.54,586.16,586.26,89100.0,1021.0,586.3329
2025-01-02 11:16:00-05:00,586.23,586.765,586.0642,586.5,62573.0,1016.0,586.4232
2025-01-02 11:17:00-05:00,586.45,586.66,586.35,586.5399,63104.0,847.0,586.5033
2025-01-02 11:18:00-05:00,586.51,586.61,586.34,586.605,44598.0,756.0,586.4916
2025-01-02 11:19:00-05:00,586.63,587.09,586.41,586.981,86787.0,1206.0,586.7921
2025-01-02 11:20:00-05:00,586.95,587.0763,586.35,586.43,92847.0,1310.0,586.7822
2025-01-02 11:21:00-05:00,586.44,586.47,586.22,586.37,50255.0,854.0,586.3669
2025-01-02 11:22:00-05:00,586.35,586.48,586.01,586.12,59973.0,927.0,586.2769
2025-01-02 11:23:00-05:00,586.14,586.94,586.09,586.94,42404.0,849.0,586.5338
2025-01-02 11:24:00-05:00,586.92,587.7,586.92,587.39,134184.0,1899.0,587.3949
2025-01-02 11:25:00-05:00,587.4093,587.47,587.11,587.217,64661.0,983.0,587.3144
2025-01-02 11:26:00-05:00,587.18,587.62,586.98,587.612,63659.0,1013.0,587.243
2025-01-02 11:27:00-05:00,587.59,587.63,587.16,587.32,47387.0,829.0,587.4241
2025-01-02 11:28:00-05:00,587.33,587.6,587.285,587.6,32691.0,720.0,587.4311
2025-01-02 11:29:00-05:00,587.605,587.64,587.47,587.5301,26434.0,663.0,587.5524
2025-01-02 11:30:00-05:00,587.47,587.8099,587.23,587.49,54538.0,955.0,587.5367
2025-01-02 11:31:00-05:00,587.53,587.53,587.12,587.31,34763.0,776.0,587.2996
2025-01-02 11:32:00-05:00,587.32,587.485,587.15,587.33,30765.0,714.0,587.3308
2025-01-02 11:33:00-05:00,587.35,587.66,587.15,587.66,49100.0,786.0,587.3919
2025-01-02 11:34:00-05:00,587.71,587.78,587.46,587.6101,33904.0,792.0,587.6209
2025-01-02 11:35:00-05:00,587.64,587.95,587.5953,587.925,35070.0,737.0,587.7193
2025-01-02 11:36:00-05:00,588.0,588.1,587.75,587.89,44432.0,890.0,587.9587
2025-01-02 11:37:00-05:00,587.89,587.89,587.52,587.72,40756.0,785.0,587.6938
2025-01-02 11:38:00-05:00,587.73,587.87,587.66,587.72,32672.0,702.0,587.7452
2025-01-02 11:39:00-05:00,587.72,588.35,587.72,587.94,105614.0,1674.0,588.0977
2025-01-02 11:40:00-05:00,587.94,588.54,587.89,588.35,52695.0,984.0,588.3378
2025-01-02 11:41:00-05:00,588.36,588.445,588.215,588.28,74723.0,913.0,588.2915
2025-01-02 11:42:00-05:00,588.275,588.28,588.06,588.18,47679.0,846.0,588.1971
2025-01-02 11:43:00-05:00,588.17,588.17,587.83,587.96,41757.0,748.0,587.9963
2025-01-02 11:44:00-05:00,587.98,588.02,587.88,587.93,62781.0,906.0,587.9485
2025-01-02 11:45:00-05:00,587.91,588.01,587.7847,587.96,62437.0,855.0,587.9341
2025-01-02 11:46:00-05:00,587.97,587.98,587.77,587.98,35753.0,707.0,587.8871
2025-01-02 11:47:00-05:00,587.97,588.115,587.89,588.105,35413.0,706.0,588.0298
2025-01-02 11:48:00-05:00,588.09,588.54,588.05,588.46,48563.0,980.0,588.3424
2025-01-02 11:49:00-05:00,588.46,588.67,588.375,588.59,46023.0,903.0,588.5146
2025-01-02 11:50:00-05:00,588.59,588.63,588.37,588.5,69321.0,1080.0,588.4902
2025-01-02 11:51:00-05:00,588.54,588.77,588.44,588.75,69200.0,744.0,588.5487
2025-01-02 11:52:00-05:00,588.75,588.75,588.1818,588.23,42930.0,907.0,588.4372
2025-01-02 11:53:00-05:00,588.25,588.28,588.09,588.21,36597.0,778.0,588.1998
2025-01-02 11:54:00-05:00,588.2,588.23,587.35,587.7014,126366.0,1914.0,587.681
2025-01-02 11:55:00-05:00,587.68,587.955,587.65,587.85,29378.0,718.0,587.7856
2025-01-02 11:56:00-05:00,587.84,587.87,587.72,587.75,42797.0,687.0,587.7982
2025-01-02 11:57:00-05:00,587.71,587.84,587.61,587.7701,38707.0,729.0,587.7178
2025-01-02 11:58:00-05:00,587.7,588.09,587.685,588.02,44715.0,719.0,587.8372
2025-01-02 11:59:00-05:00,588.0141,588.08,587.8109,587.88,30836.0,568.0,587.9265
2025-01-02 12:00:00-05:00,587.875,588.01,587.72,587.72,30395.0,645.0,587.8799
2025-01-02 12:01:00-05:00,587.67,587.97,587.66,587.94,36722.0,687.0,587.8227
2025-01-02 12:02:00-05:00,587.95,588.06,587.4,587.65,77301.0,1204.0,587.5968
2025-01-02 12:03:00-05:00,587.67,587.92,587.62,587.92,27007.0,634.0,587.7853
2025-01-02 12:04:00-05:00,587.87,588.265,587.84,588.265,47563.0,712.0,587.9616
2025-01-02 12:05:00-05:00,588.26,588.26,587.9205,587.98,22744.0,565.0,588.0441
2025-01-02 12:06:00-05:00,588.08,588.2199,587.7,587.74,31131.0,612.0,587.9254
2025-01-02 12:07:00-05:00,587.76,587.79,587.49,587.58,27592.0,742.0,587.5918
2025-01-02 12:08:00-05:00,587.63,587.63,587.27,587.51,62670.0,774.0,587.4127
2025-01-02 12:09:00-05:00,587.53,587.63,587.4,587.47,29484.0,503.0,587.5067
2025-01-02 12:10:00-05:00,587.47,587.85,587.44,587.85,29195.0,649.0,587.6656
2025-01-02 12:11:00-05:00,587.8199,588.0699,587.69,587.81,30229.0,662.0,587.91
2025-01-02 12:12:00-05:00,587.83,588.07,587.83,588.07,16373.0,426.0,587.9238
2025-01-02 12:13:00-05:00,588.09,588.67,588.09,588.6001,47576.0,821.0,588.3568
2025-01-02 12:14:00-05:00,588.58,588.6,588.29,588.31,26519.0,537.0,588.4718
2025-01-02 12:15:00-05:00,588.28,588.31,588.07,588.31,39813.0,705.0,588.1639
2025-01-02 12:16:00-05:00,588.28,588.34,587.81,587.81,34871.0,590.0,588.0293
2025-01-02 12:17:00-05:00,587.8,587.98,587.64,587.72,60812.0,907.0,587.7931
2025-01-02 12:18:00-05:00,587.7,587.95,587.58,587.6,54640.0,979.0,587.7553
2025-01-02 12:19:00-05:00,587.58,587.667,587.42,587.62,74284.0,1041.0,587.5184
2025-01-02 12:20:00-05:00,587.62,587.65,586.89,586.89,77502.0,1379.0,587.1614
2025-01-02 12:21:00-05:00,586.94,587.23,586.59,587.16,85160.0,1183.0,586.9505
2025-01-02 12:22:00-05:00,587.23,587.25,586.89,586.95,79970.0,753.0,587.0555
2025-01-02 12:23:00-05:00,586.97,587.06,586.57,586.66,42180.0,789.0,586.8867
2025-01-02 12:24:00-05:00,586.68,586.68,586.27,586.45,44017.0,804.0,586.4866
2025-01-02 12:25:00-05:00,586.41,586.41,586.1001,586.215,85301.0,1223.0,586.2119
2025-01-02 12:26:00-05:00,586.19,586.3,585.77,585.8701,76291.0,1323.0,585.9433
2025-01-02 12:27:00-05:00,585.92,585.92,584.92,585.05,151059.0,2690.0,585.4117
2025-01-02 12:28:00-05:00,585.08,585.27,584.82,585.0399,159436.0,1777.0,585.0797
2025-01-02 12:29:00-05:00,584.99,584.99,584.21,584.49,197787.0,2242.0,584.5332
2025-01-02 12:30:00-05:00,584.47,584.4733,583.86,584.0105,175869.0,2776.0,584.1508
2025-01-02 12:31:00-05:00,584.045,584.3,583.5131,584.16,362872.0,2625.0,584.5772
2025-01-02 12:32:00-05:00,584.1562,584.34,583.77,583.844,241950.0,2286.0,584.1516
2025-01-02 12:33:00-05:00,583.87,583.98,583.38,583.7,172488.0,2012.0,583.7161
2025-01-02 12:34:00-05:00,583.66,583.7766,583.38,583.67,160735.0,1844.0,583.6305
2025-01-02 12:35:00-05:00,583.66,583.79,583.47,583.59,138189.0,1711.0,583.6477
2025-01-02 12:36:00-05:00,583.57,583.63,583.25,583.4321,139411.0,1893.0,583.4399
2025-01-02 12:37:00-05:00,583.41,583.44,582.51,582.63,272417.0,3478.0,582.8395
2025-01-02 12:38:00-05:00,582.61,582.74,582.14,582.556,197970.0,2327.0,582.3907
2025-01-02 12:39:00-05:00,582.59,582.6533,582.22,582.34,195931.0,1570.0,582.3661
2025-01-02 12:40:00-05:00,582.3399,582.38,581.91,582.15,203194.0,2643.0,582.1313
2025-01-02 12:41:00-05:00,582.18,582.8,582.06,582.29,213539.0,2310.0,582.4501
2025-01-02 12:42:00-05:00,582.31,582.31,581.43,581.76,200156.0,2774.0,581.8256
2025-01-02 12:43:00-05:00,581.74,582.38,581.7001,582.28,164136.0,1879.0,582.0304
2025-01-02 12:44:00-05:00,582.285,582.445,582.03,582.17,137395.0,1767.0,582.2226
2025-01-02 12:45:00-05:00,582.2735,582.28,581.823,582.18,134970.0,1709.0,582.0563
2025-01-02 12:46:00-05:00,582.14,582.47,581.85,582.09,220236.0,1329.0,584.2717
2025-01-02 12:47:00-05:00,582.05,582.13,581.74,582.01,112212.0,1591.0,581.9527
2025-01-02 12:48:00-05:00,581.99,582.02,581.5,581.72,116660.0,1592.0,581.7127
2025-01-02 12:49:00-05:00,581.71,581.88,581.31,581.32,102977.0,1487.0,581.605
2025-01-02 12:50:00-05:00,581.3,581.94,580.94,581.875,273245.0,3325.0,581.325
2025-01-02 12:51:00-05:00,581.87,582.4,581.72,582.4,124583.0,1826.0,581.9944
2025-01-02 12:52:00-05:00,582.39,582.75,582.32,582.3899,192941.0,2234.0,582.5069
2025-01-02 12:53:00-05:00,582.37,582.6299,582.27,582.6299,254441.0,1575.0,584.1112
2025-01-02 12:54:00-05:00,582.64,582.73,582.1,582.2,132039.0,1573.0,582.4934
2025-01-02 12:55:00-05:00,582.2,582.66,582.14,582.24,159623.0,1703.0,582.3367
2025-01-02 12:56:00-05:00,582.28,582.91,582.21,582.9099,105553.0,1384.0,582.5208
2025-01-02 12:57:00-05:00,582.9,583.02,582.58,582.66,131503.0,1517.0,582.7597
2025-01-02 12:58:00-05:00,582.637,582.97,582.59,582.8999,192128.0,1586.0,582.8327
2025-01-02 12:59:00-05:00,582.97,583.25,582.72,582.86,144837.0,1809.0,582.9389
2025-01-02 13:00:00-05:00,582.86,582.91,582.22,582.32,171238.0,1704.0,582.5203
2025-01-02 13:01:00-05:00,582.345,582.38,581.86,581.91,176901.0,1952.0,582.0935
2025-01-02 13:02:00-05:00,581.96,582.36,581.72,581.85,140648.0,2345.0,582.0066
2025-01-02 13:03:00-05:00,581.845,582.06,581.64,581.75,119500.0,1618.0,581.8794
2025-01-02 13:04:00-05:00,581.71,581.73,581.2501,581.5,104035.0,1606.0,581.5007
2025-01-02 13:05:00-05:00,581.59,581.9499,581.46,581.85,117396.0,1648.0,581.6701
2025-01-02 13:06:00-05:00,581.76,582.18,581.76,582.09,99615.0,1320.0,582.0166
2025-01-02 13:07:00-05:00,582.14,582.54,582.05,582.5,93129.0,1324.0,582.3496
2025-01-02 13:08:00-05:00,582.52,582.56,582.41,582.53,213222.0,1185.0,584.4711
2025-01-02 13:09:00-05:00,582.5,583.09,582.48,582.65,174676.0,2037.0,582.7583
2025-01-02 13:10:00-05:00,582.66,582.66,581.92,582.01,143214.0,1923.0,582.2046
2025-01-02 13:11:00-05:00,581.99,582.35,581.8,581.83,79150.0,1160.0,582.0975
2025-01-02 13:12:00-05:00,581.82,581.88,581.53,581.74,100780.0,1385.0,581.6892
2025-01-02 13:13:00-05:00,581.72,581.79,581.54,581.6433,58979.0,920.0,581.678
2025-01-02 13:14:00-05:00,581.65,581.78,581.56,581.69,83742.0,1147.0,581.6757
2025-01-02 13:15:00-05:00,581.71,581.79,581.09,581.42,150392.0,1882.0,581.3737
2025-01-02 13:16:00-05:00,581.38,581.6751,581.25,581.595,81656.0,1126.0,581.5098
2025-01-02 13:17:00-05:00,581.57,581.84,581.41,581.41,182916.0,1588.0,581.6576
2025-01-02 13:18:00-05:00,581.39,581.96,581.39,581.96,101825.0,1447.0,581.7099
2025-01-02 13:19:00-05:00,581.96,581.97,581.78,581.85,71496.0,1036.0,581.8485
2025-01-02 13:20:00-05:00,581.85,582.58,581.85,582.28,123853.0,1756.0,582.3322
2025-01-02 13:21:00-05:00,582.36,582.41,581.61,581.76,77936.0,1299.0,582.001
2025-01-02 13:22:00-05:00,581.77,582.1958,581.62,582.04,77464.0,1284.0,581.9333
2025-01-02 13:23:00-05:00,582.03,582.31,582.0,582.0501,84275.0,1190.0,582.1427
2025-01-02 13:24:00-05:00,582.08,582.12,581.76,581.85,66000.0,1227.0,581.9056
2025-01-02 13:25:00-05:00,581.85,581.94,581.58,581.83,80134.0,1336.0,581.7558
2025-01-02 13:26:00-05:00,581.85,582.01,581.52,581.6,57731.0,1025.0,581.7441
2025-01-02 13:27:00-05:00,581.55,582.1,581.51,582.07,59885.0,847.0,581.8667
2025-01-02 13:28:00-05:00,582.0483,582.15,581.85,581.89,56303.0,915.0,581.99
2025-01-02 13:29:00-05:00,581.86,582.38,581.815,582.36,49565.0,873.0,582.1633
2025-01-02 13:30:00-05:00,582.325,582.325,581.52,581.562,85820.0,1669.0,581.7953
2025-01-02 13:31:00-05:00,581.51,581.52,580.75,580.83,299682.0,2967.0,583.1054
2025-01-02 13:32:00-05:00,580.855,581.0,580.7501,580.92,112683.0,1759.0,580.8891
2025-01-02 13:33:00-05:00,580.915,581.25,580.7501,581.17,76474.0,1301.0,581.0132
2025-01-02 13:34:00-05:00,581.14,581.27,580.8601,580.9213,59544.0,1038.0,581.09
2025-01-02 13:35:00-05:00,580.95,581.23,580.81,581.11,68941.0,1165.0,581.0074
2025-01-02 13:36:00-05:00,581.1,581.85,581.08,581.76,147853.0,1938.0,581.4589
2025-01-02 13:37:00-05:00,581.79,582.04,581.72,581.89,548203.0,1351.0,581.2554
2025-01-02 13:38:00-05:00,581.9,581.96,581.29,581.36,116038.0,1517.0,581.6641
2025-01-02 13:39:00-05:00,581.33,581.51,581.31,581.34,90533.0,1273.0,581.4006
2025-01-02 13:40:00-05:00,581.32,581.35,581.01,581.05,95045.0,1459.0,581.1706
2025-01-02 13:41:00-05:00,581.05,581.345,580.885,581.21,95490.0,1376.0,581.1177
2025-01-02 13:42:00-05:00,581.29,581.31,581.04,581.14,72826.0,1049.0,581.1719
2025-01-02 13:43:00-05:00,581.14,581.98,581.12,581.77,165986.0,2001.0,581.588
2025-01-02 13:44:00-05:00,581.76,582.38,581.75,582.32,296612.0,3502.0,582.111
2025-01-02 13:45:00-05:00,582.2695,582.3,581.81,581.95,105089.0,1198.0,582.0445
2025-01-02 13:46:00-05:00,581.97,582.14,581.79,581.94,89768.0,1004.0,581.9832
2025-01-02 13:47:00-05:00,581.93,582.05,581.69,581.81,73585.0,935.0,581.8194
2025-01-02 13:48:00-05:00,581.82,581.88,581.03,581.06,63546.0,1090.0,581.5636
2025-01-02 13:49:00-05:00,581.06,581.34,580.99,581.27,133602.0,1747.0,581.1392
2025-01-02 13:50:00-05:00,581.29,581.43,581.08,581.14,74019.0,1146.0,581.2412
2025-01-02 13:51:00-05:00,581.17,581.34,581.04,581.12,62015.0,916.0,581.2373
2025-01-02 13:52:00-05:00,581.07,581.22,580.73,580.86,90883.0,1495.0,580.93
2025-01-02 13:53:00-05:00,580.83,581.11,580.73,580.87,255224.0,1497.0,583.3117
2025-01-02 13:54:00-05:00,580.87,583.4505,580.5,580.69,137343.0,1726.0,580.8477
2025-01-02 13:55:00-05:00,580.685,581.22,580.685,581.1,132298.0,1706.0,580.9856
2025-01-02 13:56:00-05:00,581.095,581.3216,580.9617,581.175,98934.0,1171.0,581.1563
2025-01-02 13:57:00-05:00,581.17,581.51,581.09,581.35,70891.0,896.0,581.2932
2025-01-02 13:58:00-05:00,581.35,581.79,581.35,581.69,70694.0,1142.0,581.6188
2025-01-02 13:59:00-05:00,581.67,582.0,581.66,581.9,102477.0,1356.0,581.8736
2025-01-02 14:00:00-05:00,581.9,582.03,581.61,581.73,84700.0,1172.0,581.8264
2025-01-02 14:01:00-05:00,581.68,581.85,581.54,581.54,66456.0,1042.0,581.7308
2025-01-02 14:02:00-05:00,581.56,581.7,581.41,581.68,98635.0,1141.0,581.509
2025-01-02 14:03:00-05:00,581.73,582.22,581.73,581.9931,121357.0,1285.0,582.0556
2025-01-02 14:04:00-05:00,582.02,582.61,581.99,582.55,154652.0,1779.0,582.3797
2025-01-02 14:05:00-05:00,582.525,582.6493,582.38,582.46,93186.0,993.0,582.3597
2025-01-02 14:06:00-05:00,582.42,583.0,582.31,582.92,148797.0,1729.0,582.7349
2025-01-02 14:07:00-05:00,582.92,583.09,582.39,582.46,91534.0,1239.0,582.6222
2025-01-02 14:08:00-05:00,582.45,582.55,582.27,582.3,81783.0,913.0,582.4223
2025-01-02 14:09:00-05:00,582.32,582.38,581.98,582.33,86418.0,1141.0,582.1727
2025-01-02 14:10:00-05:00,582.35,582.46,582.21,582.4,71236.0,955.0,582.3578
2025-01-02 14:11:00-05:00,582.4,582.61,582.32,582.3503,69864.0,984.0,582.5061
2025-01-02 14:12:00-05:00,582.37,582.42,582.1672,582.285,60581.0,929.0,582.2767
2025-01-02 14:13:00-05:00,582.29,582.33,581.98,582.08,80389.0,1066.0,582.1411
2025-01-02 14:14:00-05:00,582.1,582.3,582.05,582.0899,34771.0,608.0,582.15
2025-01-02 14:15:00-05:00,582.07,582.33,582.04,582.2,84235.0,959.0,582.2001
2025-01-02 14:16:00-05:00,582.21,582.3449,581.9,582.09,71371.0,1029.0,582.1209
2025-01-02 14:17:00-05:00,582.07,582.46,582.02,582.31,52174.0,847.0,582.2566
2025-01-02 14:18:00-05:00,582.3,582.6699,582.2,582.6,56295.0,827.0,582.4964
2025-01-02 14:19:00-05:00,582.62,582.65,582.25,582.38,63115.0,822.0,582.4247
2025-01-02 14:20:00-05:00,582.42,582.47,582.24,582.32,42964.0,629.0,582.3592
2025-01-02 14:21:00-05:00,582.32,582.53,582.29,582.511,42658.0,695.0,582.3947
2025-01-02 14:22:00-05:00,582.49,582.8499,582.327,582.8499,75378.0,1082.0,582.5911
2025-01-02 14:23:00-05:00,582.84,583.01,582.8,582.81,77748.0,1005.0,582.9035
2025-01-02 14:24:00-05:00,582.8,583.13,582.66,583.08,54135.0,906.0,582.89
2025-01-02 14:25:00-05:00,583.06,583.28,582.94,583.07,85877.0,1242.0,583.1278
2025-01-02 14:26:00-05:00,583.03,583.15,582.91,583.15,65572.0,949.0,583.0179
2025-01-02 14:27:00-05:00,583.18,583.47,583.18,583.31,70743.0,1056.0,583.3505
2025-01-02 14:28:00-05:00,583.35,583.505,583.22,583.34,78669.0,1029.0,583.4023
2025-01-02 14:29:00-05:00,583.32,583.32,583.09,583.28,66180.0,903.0,583.2032
2025-01-02 14:30:00-05:00,583.265,583.265,582.56,582.82,93927.0,1345.0,582.8064
2025-01-02 14:31:00-05:00,582.82,583.14,582.79,583.1,82918.0,919.0,583.0218
2025-01-02 14:32:00-05:00,583.09,583.28,582.96,583.21,46101.0,709.0,583.1379
2025-01-02 14:33:00-05:00,583.18,583.18,582.85,582.95,55584.0,715.0,583.0007
2025-01-02 14:34:00-05:00,582.93,582.97,582.61,582.79,79222.0,1049.0,582.8125
2025-01-02 14:35:00-05:00,582.81,582.84,582.12,582.12,105566.0,1505.0,582.4783
2025-01-02 14:36:00-05:00,582.13,582.49,582.1,582.42,56197.0,950.0,582.3103
2025-01-02 14:37:00-05:00,582.44,582.7353,582.25,582.71,51391.0,738.0,582.5305
2025-01-02 14:38:00-05:00,582.71,582.9294,582.62,582.85,59205.0,885.0,582.8199
2025-01-02 14:39:00-05:00,582.85,582.91,582.7,582.7,46711.0,681.0,582.7565
2025-01-02 14:40:00-05:00,582.66,582.97,582.65,582.97,34060.0,650.0,582.7752
2025-01-02 14:41:00-05:00,582.96,582.98,582.64,582.77,45966.0,751.0,582.844
2025-01-02 14:42:00-05:00,582.8,583.02,582.78,582.98,43212.0,685.0,582.9043
2025-01-02 14:43:00-05:00,582.96,583.2,582.68,582.71,50805.0,809.0,582.9338
2025-01-02 14:44:00-05:00,582.691,582.8201,582.67,582.82,28456.0,549.0,582.7421
2025-01-02 14:45:00-05:00,582.83,582.91,582.79,582.86,49711.0,642.0,582.851
2025-01-02 14:46:00-05:00,582.85,582.86,582.25,582.2701,60552.0,958.0,582.4621
2025-01-02 14:47:00-05:00,582.2838,582.91,582.19,582.8,204797.0,2451.0,582.59
2025-01-02 14:48:00-05:00,582.82,583.64,582.77,583.6,102287.0,1183.0,583.3059
2025-01-02 14:49:00-05:00,583.59,583.81,583.31,583.34,78863.0,1020.0,583.5658
2025-01-02 14:50:00-05:00,583.36,583.48,583.19,583.33,64067.0,809.0,583.2704
2025-01-02 14:51:00-05:00,583.35,583.6,583.2606,583.5813,38658.0,680.0,583.4148
2025-01-02 14:52:00-05:00,583.55,583.99,583.545,583.9,132924.0,1660.0,583.7526
2025-01-02 14:53:00-05:00,583.88,583.88,583.385,583.46,70787.0,1003.0,583.6879
2025-01-02 14:54:00-05:00,583.46,583.68,583.35,583.56,60789.0,697.0,583.5451
2025-01-02 14:55:00-05:00,583.57,583.57,583.3,583.36,53726.0,752.0,583.419
2025-01-02 14:56:00-05:00,583.37,583.39,582.96,583.09,64898.0,941.0,583.1549
2025-01-02 14:57:00-05:00,583.06,583.06,582.49,582.55,108800.0,1269.0,582.6822
2025-01-02 14:58:00-05:00,582.545,582.72,582.45,582.615,94380.0,1196.0,582.5838
2025-01-02 14:59:00-05:00,582.64,582.67,582.02,582.1305,97998.0,1361.0,582.2443
2025-01-02 15:00:00-05:00,582.16,582.67,582.14,582.52,61986.0,937.0,582.4789
2025-01-02 15:01:00-05:00,582.53,582.73,582.45,582.49,52839.0,754.0,582.5884
2025-01-02 15:02:00-05:00,582.51,582.89,582.51,582.89,59836.0,980.0,582.6991
2025-01-02 15:03:00-05:00,582.83,583.34,582.83,583.2133,99834.0,1333.0,583.1656
2025-01-02 15:04:00-05:00,583.18,583.88,583.14,583.77,133994.0,1587.0,583.5666
2025-01-02 15:05:00-05:00,583.76,583.77,583.38,583.48,109756.0,1319.0,583.6428
2025-01-02 15:06:00-05:00,583.44,583.74,583.38,583.51,56957.0,894.0,583.5683
2025-01-02 15:07:00-05:00,583.51,583.59,583.3711,583.51,47183.0,727.0,583.4829
2025-01-02 15:08:00-05:00,583.53,583.89,583.41,583.86,80536.0,1108.0,583.6487
2025-01-02 15:09:00-05:00,583.76,583.92,583.71,583.78,51944.0,849.0,583.7913
2025-01-02 15:10:00-05:00,583.78,584.02,583.69,583.9201,79229.0,1119.0,583.841
2025-01-02 15:11:00-05:00,583.94,584.0499,583.64,584.02,110008.0,1253.0,583.837
2025-01-02 15:12:00-05:00,584.0,584.51,583.98,584.49,130583.0,1624.0,584.2424
2025-01-02 15:13:00-05:00,584.5,584.69,584.365,584.55,94719.0,1281.0,584.5247
2025-01-02 15:14:00-05:00,584.52,584.55,584.25,584.36,105038.0,1377.0,584.3866
2025-01-02 15:15:00-05:00,584.34,584.35,583.8599,584.045,137187.0,1635.0,584.0745
2025-01-02 15:16:00-05:00,584.03,584.12,583.89,584.06,85720.0,1249.0,584.028
2025-01-02 15:17:00-05:00,584.05,584.25,583.97,584.24,63440.0,1097.0,584.1367
2025-01-02 15:18:00-05:00,584.23,584.43,584.13,584.36,130805.0,1572.0,584.2717
2025-01-02 15:19:00-05:00,584.36,584.46,584.28,584.45,74942.0,1249.0,584.3536
2025-01-02 15:20:00-05:00,584.47,584.53,584.19,584.28,81113.0,1387.0,584.3719
2025-01-02 15:21:00-05:00,584.27,584.6,584.12,584.37,112092.0,1869.0,584.3911
2025-01-02 15:22:00-05:00,584.36,584.81,584.35,584.62,89016.0,1668.0,584.6142
2025-01-02 15:23:00-05:00,584.59,584.73,584.47,584.58,79984.0,1321.0,584.5727
2025-01-02 15:24:00-05:00,584.58,584.66,584.4,584.52,84035.0,1338.0,584.5347
2025-01-02 15:25:00-05:00,584.515,584.61,584.31,584.35,62950.0,1181.0,584.5125
2025-01-02 15:26:00-05:00,584.32,584.55,584.31,584.5,51660.0,989.0,584.4498
2025-01-02 15:27:00-05:00,584.5,584.63,584.49,584.57,37658.0,898.0,584.571
2025-01-02 15:28:00-05:00,584.53,584.74,584.454,584.64,53152.0,1040.0,584.6242
2025-01-02 15:29:00-05:00,584.65,584.71,584.41,584.47,74678.0,1177.0,584.604
2025-01-02 15:30:00-05:00,584.48,584.67,584.08,584.1708,123806.0,1714.0,584.2745
2025-01-02 15:31:00-05:00,584.15,585.32,584.105,585.2,199258.0,2464.0,584.9202
2025-01-02 15:32:00-05:00,585.2,585.37,584.77,584.97,109498.0,1748.0,585.0135
2025-01-02 15:33:00-05:00,584.99,585.0,584.5,584.7192,135853.0,1696.0,584.7422
2025-01-02 15:34:00-05:00,584.69,584.69,584.35,584.44,262327.0,1607.0,585.1439
2025-01-02 15:35:00-05:00,584.44,584.44,583.855,583.89,104846.0,1527.0,584.1283
2025-01-02 15:36:00-05:00,583.886,583.92,583.6,583.8,111493.0,1534.0,583.7739
2025-01-02 15:37:00-05:00,583.8103,583.92,583.5502,583.91,118395.0,1466.0,583.7752
2025-01-02 15:38:00-05:00,583.89,584.03,583.78,584.03,81718.0,1409.0,583.9113
2025-01-02 15:39:00-05:00,584.02,584.02,583.63,583.855,81205.0,1328.0,583.8198
2025-01-02 15:40:00-05:00,583.88,584.17,583.81,584.16,98730.0,1395.0,583.9994
2025-01-02 15:41:00-05:00,584.15,584.23,583.8989,584.19,105540.0,1437.0,584.0894
2025-01-02 15:42:00-05:00,584.2,584.35,583.99,584.26,72937.0,1224.0,584.2127
2025-01-02 15:43:00-05:00,584.25,584.37,583.99,584.08,103556.0,1317.0,584.1193
2025-01-02 15:44:00-05:00,584.1,584.34,584.02,584.1605,87694.0,1162.0,584.1911
2025-01-02 15:45:00-05:00,584.16,584.27,583.97,584.22,97965.0,1413.0,584.1018
2025-01-02 15:46:00-05:00,584.23,584.78,584.22,584.39,144608.0,2343.0,584.5051
2025-01-02 15:47:00-05:00,584.37,584.5599,584.07,584.54,147819.0,1758.0,584.3009
2025-01-02 15:48:00-05:00,584.51,584.69,584.41,584.5,118457.0,1488.0,584.5604
2025-01-02 15:49:00-05:00,584.48,584.7,584.45,584.4601,129701.0,1582.0,584.5883
2025-01-02 15:50:00-05:00,584.485,585.06,584.485,584.64,225252.0,2764.0,584.8012
2025-01-02 15:51:00-05:00,584.65,584.83,584.2,584.2,136401.0,1866.0,584.5611
2025-01-02 15:52:00-05:00,584.19,584.59,583.99,584.59,156212.0,2197.0,584.2628
2025-01-02 15:53:00-05:00,584.59,584.88,584.56,584.57,161247.0,2181.0,584.6968
2025-01-02 15:54:00-05:00,584.57,584.745,584.09,584.1,204642.0,2459.0,584.526
2025-01-02 15:55:00-05:00,584.11,584.65,583.81,584.51,310265.0,3227.0,584.1987
2025-01-02 15:56:00-05:00,584.5,584.67,584.35,584.35,235070.0,2288.0,584.5295
2025-01-02 15:57:00-05:00,584.35,584.54,584.3167,584.39,373178.0,2106.0,584.8677
2025-01-02 15:58:00-05:00,584.39,584.46,584.11,584.28,377414.0,3341.0,584.3245
2025-01-02 15:59:00-05:00,584.27,584.81,584.0,584.58,1202158.0,7827.0,584.5366
2025-01-02 16:00:00-05:00,584.58,584.97,584.58,584.96,306189.0,772.0,585.2083
2025-01-02 16:01:00-05:00,584.96,585.0,584.74,584.93,130367.0,748.0,584.8849
2025-01-02 16:02:00-05:00,584.97,585.18,584.95,585.04,65890.0,405.0,585.0326
2025-01-02 16:03:00-05:00,585.03,585.03,584.5451,584.94,178286.0,254.0,584.6654
2025-01-02 16:04:00-05:00,584.98,585.1,584.98,585.05,26442.0,171.0,585.0433
2025-01-02 16:05:00-05:00,585.0114,585.05,584.5351,584.5351,155076.0,206.0,584.6787
2025-01-02 16:06:00-05:00,584.88,584.9,584.73,584.89,199811.0,324.0,585.4552
2025-01-02 16:07:00-05:00,584.86,584.89,584.84,584.89,18375.0,129.0,584.854
2025-01-02 16:08:00-05:00,584.9,584.95,584.83,584.95,43480.0,200.0,584.8835
2025-01-02 16:09:00-05:00,584.99,585.05,584.97,585.04,5642.0,77.0,585.0223
2025-01-02 16:10:00-05:00,585.0,585.07,584.82,584.94,184134.0,486.0,584.9587
2025-01-02 16:11:00-05:00,584.94,584.96,584.88,584.95,149781.0,154.0,585.6731
2025-01-02 16:12:00-05:00,584.94,584.99,584.91,584.93,11420.0,85.0,584.9308
2025-01-02 16:13:00-05:00,584.97,584.97,584.9,584.9,1558824.0,62.0,584.5036
2025-01-02 16:14:00-05:00,584.9,585.11,584.87,585.08,18826.0,172.0,585.0336
2025-01-02 16:15:00-05:00,585.02,585.03,584.91,584.91,10051.0,87.0,584.9402
2025-01-02 16:16:00-05:00,584.98,584.99,584.95,584.97,4929.0,66.0,584.9729
2025-01-02 16:17:00-05:00,585.07,585.08,584.96,585.01,7503.0,69.0,585.0278
2025-01-02 16:18:00-05:00,585.0099,585.14,585.0099,585.14,2257.0,46.0,585.0649
2025-01-02 16:19:00-05:00,585.16,585.19,585.1487,585.1487,15523.0,81.0,585.164
2025-01-02 16:20:00-05:00,585.1,585.1,585.07,585.07,4068.0,42.0,585.083
2025-01-02 16:21:00-05:00,585.08,585.1899,584.64,585.13,88616.0,99.0,584.6657
2025-01-02 16:22:00-05:00,585.1898,585.25,585.17,585.25,8775.0,64.0,585.2015
2025-01-02 16:23:00-05:00,585.25,585.25,585.13,585.13,29921.0,115.0,585.1885
2025-01-02 16:24:00-05:00,585.19,585.19,585.17,585.17,1118.0,30.0,585.1723
2025-01-02 16:25:00-05:00,585.19,585.2,585.09,585.09,14945.0,98.0,585.1773
2025-01-02 16:26:00-05:00,585.1609,585.2,585.1609,585.2,2853.0,37.0,585.1838
2025-01-02 16:27:00-05:00,585.19,585.2,585.19,585.2,9225.0,54.0,585.1994
2025-01-02 16:28:00-05:00,585.24,585.34,585.24,585.32,23131.0,97.0,585.2768
2025-01-02 16:29:00-05:00,585.3,585.379,585.3,585.379,10463.0,58.0,585.3484
2025-01-02 16:30:00-05:00,585.34,585.34,585.34,585.34,1053.0,22.0,585.3402
2025-01-02 16:31:00-05:00,585.3,585.3,585.2496,585.3,2335.0,41.0,585.2929
2025-01-02 16:32:00-05:00,585.29,585.29,585.21,585.21,2626.0,45.0,585.2597
2025-01-02 16:33:00-05:00,585.21,585.21,585.17,585.17,133906.0,43.0,585.7759
2025-01-02 16:34:00-05:00,585.17,585.2,585.15,585.17,7398.0,49.0,585.1659
2025-01-02 16:35:00-05:00,585.22,585.24,585.03,585.05,44484.0,126.0,585.0949
2025-01-02 16:36:00-05:00,585.07,585.07,585.07,585.07,668.0,31.0,585.0715
2025-01-02 16:37:00-05:00,585.08,585.13,585.08,585.1,1354.0,28.0,585.1119
2025-01-02 16:38:00-05:00,585.1,585.12,585.0497,585.0497,7544.0,51.0,585.0756
2025-01-02 16:39:00-05:00,585.05,585.05,585.03,585.04,14835.0,60.0,585.0427
2025-01-02 16:40:00-05:00,585.04,585.09,585.03,585.04,3684.0,26.0,585.0423
2025-01-02 16:41:00-05:00,585.09,585.1,585.02,585.02,12280.0,58.0,585.0327
2025-01-02 16:42:00-05:00,585.02,585.0203,585.02,585.0203,1010.0,31.0,585.0242
2025-01-02 16:43:00-05:00,585.0205,585.0205,585.0,585.01,4163.0,57.0,585.0129
2025-01-02 16:44:00-05:00,584.99,585.0,584.89,585.0,4635.0,71.0,584.9846
2025-01-02 16:45:00-05:00,584.97,584.97,584.94,584.94,5119.0,33.0,584.9587
2025-01-02 16:46:00-05:00,584.93,585.01,584.93,585.01,548.0,20.0,584.9816
2025-01-02 16:47:00-05:00,585.01,585.01,585.01,585.01,0.0,0.0,0.0
2025-01-02 16:48:00-05:00,585.01,585.01,585.01,585.01,0.0,0.0,0.0
2025-01-02 16:49:00-05:00,585.0,585.04,585.0,585.03,1783.0,36.0,585.0297
2025-01-02 16:50:00-05:00,585.03,585.03,585.03,585.03,0.0,0.0,0.0
2025-01-02 16:51:00-05:00,584.93,584.93,584.9,584.9,1213.0,40.0,584.9247
2025-01-02 16:52:00-05:00,584.9,584.9,584.9,584.9,0.0,0.0,0.0
2025-01-02 16:53:00-05:00,584.9,584.9,584.9,584.9,0.0,0.0,0.0
2025-01-02 16:54:00-05:00,584.95,584.95,584.94,584.95,9064.0,51.0,584.9495
2025-01-02 16:55:00-05:00,584.95,584.95,584.95,584.95,0.0,0.0,0.0
2025-01-02 16:56:00-05:00,584.9611,584.9611,584.95,584.95,9265.0,66.0,584.9505
2025-01-02 16:57:00-05:00,584.95,584.95,584.95,584.95,0.0,0.0,0.0
2025-01-02 16:58:00-05:00,584.88,584.96,584.88,584.96,545.0,28.0,584.9265
2025-01-02 16:59:00-05:00,584.96,584.99,584.92,584.92,17044.0,90.0,584.9571
2025-01-02 17:00:00-05:00,584.92,584.92,584.92,584.92,0.0,0.0,0.0
2025-01-02 17:01:00-05:00,584.95,584.95,584.95,584.95,221.0,26.0,584.9736
2025-01-02 17:02:00-05:00,585.0,585.0,584.97,585.0,3184.0,28.0,584.9907
2025-01-02 17:03:00-05:00,585.0,585.0,585.0,585.0,0.0,0.0,0.0
2025-01-02 17:04:00-05:00,585.0,585.0,585.0,585.0,0.0,0.0,0.0
2025-01-02 17:05:00-05:00,585.0,585.0,585.0,585.0,0.0,0.0,0.0
2025-01-02 17:06:00-05:00,584.96,584.96,584.96,584.96,3047.0,38.0,584.9604
2025-01-02 17:07:00-05:00,584.96,584.96,584.96,584.96,2324.0,32.0,584.9599
2025-01-02 17:08:00-05:00,584.96,584.96,584.96,584.96,603.0,28.0,584.9612
2025-01-02 17:09:00-05:00,584.96,584.96,584.96,584.96,605.0,25.0,584.9607
2025-01-02 17:10:00-05:00,584.96,584.96,584.95,584.95,4122.0,56.0,584.9503
2025-01-02 17:11:00-05:00,584.95,584.96,584.95,584.96,4292.0,32.0,584.9504
2025-01-02 17:12:00-05:00,584.96,584.96,584.96,584.96,1103.0,24.0,584.9592
2025-01-02 17:13:00-05:00,584.97,584.97,584.97,584.97,128.0,17.0,584.9711
2025-01-02 17:14:00-05:00,584.97,584.97,584.97,584.97,0.0,0.0,0.0
2025-01-02 17:15:00-05:00,584.95,584.97,584.95,584.95,6145.0,47.0,584.9504
2025-01-02 17:16:00-05:00,584.95,584.95,584.94,584.94,1701.0,23.0,584.95
2025-01-02 17:17:00-05:00,584.96,584.96,584.96,584.96,714.0,15.0,584.9607
2025-01-02 17:18:00-05:00,584.96,584.96,584.96,584.96,0.0,0.0,0.0
2025-01-02 17:19:00-05:00,584.99,585.01,584.99,585.01,1505.0,34.0,585.0026
2025-01-02 17:20:00-05:00,585.01,585.01,585.01,585.01,0.0,0.0,0.0
2025-01-02 17:21:00-05:00,585.02,585.02,585.02,585.02,411.0,18.0,585.0175
2025-01-02 17:22:00-05:00,585.02,585.02,585.0,585.0,711.0,23.0,585.0174
2025-01-02 17:23:00-05:00,585.0,585.0,585.0,585.0,952.0,24.0,585.0006
2025-01-02 17:24:00-05:00,584.96,584.96,584.96,584.96,266.0,22.0,583.6568
2025-01-02 17:25:00-05:00,584.96,584.96,584.96,584.96,0.0,0.0,0.0
2025-01-02 17:26:00-05:00,584.96,584.96,584.96,584.96,0.0,0.0,0.0
2025-01-02 17:27:00-05:00,584.96,584.96,584.96,584.96,0.0,0.0,0.0
2025-01-02 17:28:00-05:00,585.0,585.0,585.0,585.0,407.0,28.0,584.9716
2025-01-02 17:29:00-05:00,585.0,585.0,585.0,585.0,0.0,0.0,0.0
2025-01-02 17:30:00-05:00,584.96,584.96,584.96,584.96,513.0,28.0,584.9584
2025-01-02 17:31:00-05:00,584.96,584.96,584.96,584.96,0.0,0.0,0.0
2025-01-02 17:32:00-05:00,584.96,584.96,584.96,584.96,211.0,11.0,584.9615
2025-01-02 17:33:00-05:00,584.96,584.96,584.96,584.96,0.0,0.0,0.0
2025-01-02 17:34:00-05:00,584.96,584.96,584.96,584.96,0.0,0.0,0.0
2025-01-02 17:35:00-05:00,584.96,584.96,584.96,584.96,0.0,0.0,0.0
2025-01-02 17:36:00-05:00,584.96,584.96,584.96,584.96,0.0,0.0,0.0
2025-01-02 17:37:00-05:00,584.98,584.98,584.98,584.98,358.0,17.0,584.9808
2025-01-02 17:38:00-05:00,584.96,584.96,584.96,584.96,466.0,26.0,584.962
2025-01-02 17:39:00-05:00,584.96,584.96,584.96,584.96,0.0,0.0,0.0
2025-01-02 17:40:00-05:00,584.96,584.96,584.96,584.96,128.0,10.0,584.9574
2025-01-02 17:41:00-05:00,584.96,584.96,584.96,584.96,0.0,0.0,0.0
2025-01-02 17:42:00-05:00,584.96,584.96,584.96,584.96,0.0,0.0,0.0
2025-01-02 17:43:00-05:00,584.97,584.97,584.97,584.97,390.0,21.0,584.9685
2025-01-02 17:44:00-05:00,584.97,584.97,584.97,584.97,0.0,0.0,0.0
2025-01-02 17:45:00-05:00,584.97,584.97,584.97,584.97,0.0,0.0,0.0
2025-01-02 17:46:00-05:00,584.97,585.01,584.97,585.01,2571.0,24.0,585.0013
2025-01-02 17:47:00-05:00,584.95,585.0,584.85,585.0,10297.0,113.0,584.9062
2025-01-02 17:48:00-05:00,584.95,584.95,584.95,584.95,287.0,17.0,584.9425
2025-01-02 17:49:00-05:00,584.95,584.95,584.95,584.95,0.0,0.0,0.0
2025-01-02 17:50:00-05:00,584.95,584.95,584.95,584.95,0.0,0.0,0.0
2025-01-02 17:51:00-05:00,584.95,584.95,584.95,584.95,0.0,0.0,0.0
2025-01-02 17:52:00-05:00,584.95,584.95,584.95,584.95,0.0,0.0,0.0
2025-01-02 17:53:00-05:00,584.95,585.01,584.95,585.01,2207.0,22.0,584.9924
2025-01-02 17:54:00-05:00,585.01,585.01,585.01,585.01,0.0,0.0,0.0
2025-01-02 17:55:00-05:00,585.03,585.03,585.02,585.03,1020.0,19.0,585.0273
2025-01-02 17:56:00-05:00,584.96,584.96,584.96,584.96,141.0,14.0,584.9689
2025-01-02 17:57:00-05:00,584.96,584.96,584.96,584.96,0.0,0.0,0.0
2025-01-02 17:58:00-05:00,585.04,585.04,585.04,585.04,402.0,12.0,585.0396
2025-01-02 17:59:00-05:00,585.06,585.09,585.0,585.0,877.0,24.0,585.0478
2025-01-02 18:00:00-05:00,585.0,585.0,584.9,584.9,6821.0,76.0,584.9391
2025-01-02 18:01:00-05:00,584.93,584.93,584.81,584.81,2493.0,34.0,584.8567
2025-01-02 18:02:00-05:00,584.8,584.8,584.74,584.78,10491.0,57.0,584.7602
2025-01-02 18:03:00-05:00,584.8,584.8,584.8,584.8,1157.0,28.0,584.7965
2025-01-02 18:04:00-05:00,584.8,584.8,584.73,584.73,884.0,24.0,584.7701
2025-01-02 18:05:00-05:00,584.71,584.71,584.7,584.7,1831.0,33.0,584.7066
2025-01-02 18:06:00-05:00,584.68,584.68,584.64,584.64,3880.0,45.0,584.6493
2025-01-02 18:07:00-05:00,584.55,584.56,584.55,584.56,2727.0,42.0,584.5639
2025-01-02 18:08:00-05:00,584.56,584.56,584.56,584.56,0.0,0.0,0.0
2025-01-02 18:09:00-05:00,584.56,584.56,584.56,584.56,0.0,0.0,0.0
2025-01-02 18:10:00-05:00,584.65,584.67,584.65,584.67,908.0,11.0,584.6566
2025-01-02 18:11:00-05:00,584.65,584.69,584.65,584.69,258.0,16.0,584.6754
2025-01-02 18:12:00-05:00,584.69,584.69,584.69,584.69,0.0,0.0,0.0
2025-01-02 18:13:00-05:00,584.69,584.69,584.69,584.69,0.0,0.0,0.0
2025-01-02 18:14:00-05:00,584.69,584.69,584.69,584.69,0.0,0.0,0.0
2025-01-02 18:15:00-05:00,584.69,584.69,584.69,584.69,138.0,15.0,584.6949
2025-01-02 18:16:00-05:00,584.7514,584.7514,584.7514,584.7514,530.0,11.0,584.7487
2025-01-02 18:17:00-05:00,584.84,584.84,584.83,584.83,219.0,10.0,584.832
2025-01-02 18:18:00-05:00,584.83,584.87,584.83,584.83,416.0,20.0,584.8407
2025-01-02 18:19:00-05:00,584.84,584.84,584.84,584.84,586.0,26.0,584.84
2025-01-02 18:20:00-05:00,584.85,584.85,584.85,584.85,130.0,15.0,584.8474
2025-01-02 18:21:00-05:00,584.79,584.79,584.79,584.79,310.0,22.0,584.7873
2025-01-02 18:22:00-05:00,584.79,584.79,584.79,584.79,0.0,0.0,0.0
2025-01-02 18:23:00-05:00,584.79,584.79,584.79,584.79,0.0,0.0,0.0
2025-01-02 18:24:00-05:00,584.61,584.61,584.61,584.61,137.0,13.0,584.6148
2025-01-02 18:25:00-05:00,584.6,584.6,584.45,584.45,1212.0,38.0,584.5427
2025-01-02 18:26:00-05:00,584.45,584.45,584.41,584.41,1020.0,26.0,584.4122
2025-01-02 18:27:00-05:00,584.41,584.43,584.41,584.41,1926.0,26.0,584.4099
2025-01-02 18:28:00-05:00,584.36,584.36,584.36,584.36,399.0,27.0,584.3652
2025-01-02 18:29:00-05:00,584.37,584.37,584.37,584.37,1036.0,13.0,584.3697
2025-01-02 18:30:00-05:00,584.37,584.37,584.37,584.37,0.0,0.0,0.0
2025-01-02 18:31:00-05:00,584.46,584.46,584.46,584.46,247.0,15.0,584.4688
2025-01-02 18:32:00-05:00,584.45,584.45,584.37,584.37,1621.0,19.0,584.4009
2025-01-02 18:33:00-05:00,584.37,584.37,584.37,584.37,0.0,0.0,0.0
2025-01-02 18:34:00-05:00,584.39,584.39,584.3319,584.3319,785.0,17.0,584.3666
2025-01-02 18:35:00-05:00,584.38,584.38,584.33,584.33,759.0,17.0,584.3638
2025-01-02 18:36:00-05:00,584.33,584.33,584.33,584.33,0.0,0.0,0.0
2025-01-02 18:37:00-05:00,584.33,584.33,584.33,584.33,0.0,0.0,0.0
2025-01-02 18:38:00-05:00,584.33,584.33,584.33,584.33,0.0,0.0,0.0
2025-01-02 18:39:00-05:00,584.33,584.33,584.33,584.33,0.0,0.0,0.0
2025-01-02 18:40:00-05:00,584.34,584.34,584.34,584.34,337.0,9.0,584.3377
2025-01-02 18:41:00-05:00,584.34,584.34,584.34,584.34,0.0,0.0,0.0
2025-01-02 18:42:00-05:00,584.34,584.34,584.34,584.34,0.0,0.0,0.0
2025-01-02 18:43:00-05:00,584.3993,584.3993,584.3993,584.3993,222.0,11.0,584.3975
2025-01-02 18:44:00-05:00,584.3993,584.3993,584.3993,584.3993,0.0,0.0,0.0
2025-01-02 18:45:00-05:00,584.3993,584.3993,584.3993,584.3993,0.0,0.0,0.0
2025-01-02 18:46:00-05:00,584.3501,584.3501,584.35,584.35,465.0,21.0,584.3535
2025-01-02 18:47:00-05:00,584.35,584.35,584.35,584.35,165.0,9.0,584.3463
2025-01-02 18:48:00-05:00,584.27,584.27,584.11,584.11,1198.0,44.0,584.2233
2025-01-02 18:49:00-05:00,584.18,584.22,584.18,584.22,603.0,23.0,584.2046
2025-01-02 18:50:00-05:00,584.24,584.24,584.24,584.24,231.0,14.0,584.235
2025-01-02 18:51:00-05:00,584.24,584.24,584.24,584.24,0.0,0.0,0.0
2025-01-02 18:52:00-05:00,584.24,584.24,584.24,584.24,0.0,0.0,0.0
2025-01-02 18:53:00-05:00,584.3,584.3,584.3,584.3,158.0,16.0,584.2947
2025-01-02 18:54:00-05:00,584.27,584.27,584.27,584.27,311.0,7.0,584.2709
2025-01-02 18:55:00-05:00,584.37,584.44,584.37,584.44,759.0,19.0,584.4256
2025-01-02 18:56:00-05:00,584.439,584.439,584.3881,584.3881,609.0,12.0,584.4077
2025-01-02 18:57:00-05:00,584.3881,584.3881,584.3881,584.3881,0.0,0.0,0.0
2025-01-02 18:58:00-05:00,584.4,584.4,584.4,584.4,280.0,17.0,584.3762
2025-01-02 18:59:00-05:00,584.4,584.4,584.4,584.4,0.0,0.0,0.0
2025-01-02 19:00:00-05:00,584.35,584.35,584.35,584.35,242.0,12.0,584.3692
2025-01-02 19:01:00-05:00,584.36,584.36,584.3,584.3,311.0,21.0,584.3229
2025-01-02 19:02:00-05:00,584.33,584.33,584.33,584.33,406.0,8.0,584.3336
2025-01-02 19:03:00-05:00,584.44,584.44,584.38,584.38,341.0,10.0,584.4092
2025-01-02 19:04:00-05:00,584.4016,584.4016,584.39,584.39,972.0,14.0,584.3976
2025-01-02 19:05:00-05:00,584.4,584.4,584.4,584.4,323.0,10.0,584.4055
2025-01-02 19:06:00-05:00,584.58,584.64,584.58,584.64,2780.0,45.0,584.6311
2025-01-02 19:07:00-05:00,584.78,584.83,584.77,584.83,985.0,39.0,584.803
2025-01-02 19:08:00-05:00,584.83,584.83,584.83,584.83,0.0,0.0,0.0
2025-01-02 19:09:00-05:00,584.91,584.97,584.91,584.97,1261.0,15.0,584.939
2025-01-02 19:10:00-05:00,585.09,585.15,585.09,585.15,4997.0,49.0,585.1192
2025-01-02 19:11:00-05:00,585.06,585.06,585.06,585.06,528.0,17.0,585.1037
2025-01-02 19:12:00-05:00,585.12,585.12,585.12,585.12,152.0,13.0,585.1298
2025-01-02 19:13:00-05:00,585.24,585.25,585.24,585.25,595.0,22.0,585.2302
2025-01-02 19:14:00-05:00,585.25,585.25,585.25,585.25,0.0,0.0,0.0
2025-01-02 19:15:00-05:00,585.2,585.2,585.2,585.2,215.0,15.0,585.1935
2025-01-02 19:16:00-05:00,585.23,585.29,585.23,585.29,622.0,16.0,585.2569
2025-01-02 19:17:00-05:00,585.29,585.29,585.29,585.29,0.0,0.0,0.0
2025-01-02 19:18:00-05:00,585.28,585.28,585.28,585.28,506.0,15.0,585.2863
2025-01-02 19:19:00-05:00,585.28,585.28,585.28,585.28,0.0,0.0,0.0
2025-01-02 19:20:00-05:00,585.18,585.18,585.18,585.18,307.0,29.0,585.1759
2025-01-02 19:21:00-05:00,585.1,585.1,585.06,585.0701,1115.0,17.0,585.0802
2025-01-02 19:22:00-05:00,585.13,585.13,585.13,585.13,153.0,18.0,585.1319
2025-01-02 19:23:00-05:00,585.13,585.13,585.13,585.13,0.0,0.0,0.0
2025-01-02 19:24:00-05:00,585.2,585.2,585.2,585.2,143.0,12.0,585.2017
2025-01-02 19:25:00-05:00,585.2,585.2,585.2,585.2,0.0,0.0,0.0
2025-01-02 19:26:00-05:00,585.2799,585.2799,585.19,585.19,2414.0,25.0,585.2493
2025-01-02 19:27:00-05:00,585.37,585.44,585.37,585.44,3980.0,42.0,585.4
2025-01-02 19:28:00-05:00,585.61,585.61,585.56,585.58,1862.0,37.0,585.5889
2025-01-02 19:29:00-05:00,585.55,585.55,585.55,585.55,329.0,15.0,585.5249
2025-01-02 19:30:00-05:00,585.51,585.51,585.51,585.51,281.0,19.0,585.5216
2025-01-02 19:31:00-05:00,585.51,585.51,585.51,585.51,0.0,0.0,0.0
2025-01-02 19:32:00-05:00,585.5001,585.56,585.5001,585.56,1109.0,16.0,585.5528
2025-01-02 19:33:00-05:00,585.54,585.54,585.54,585.54,246.0,16.0,585.5806
2025-01-02 19:34:00-05:00,585.54,585.54,585.54,585.54,0.0,0.0,0.0
2025-01-02 19:35:00-05:00,585.54,585.54,585.54,585.54,0.0,0.0,0.0
2025-01-02 19:36:00-05:00,585.72,585.72,585.72,585.72,261.0,23.0,585.7166
2025-01-02 19:37:00-05:00,585.76,585.76,585.76,585.76,141.0,12.0,585.7669
2025-01-02 19:38:00-05:00,585.77,585.81,585.77,585.77,653.0,20.0,585.7818
2025-01-02 19:39:00-05:00,585.77,585.77,585.77,585.77,0.0,0.0,0.0
2025-01-02 19:40:00-05:00,585.76,585.79,585.76,585.79,569.0,24.0,585.8286
2025-01-02 19:41:00-05:00,585.77,585.77,585.77,585.77,203.0,10.0,585.7951
2025-01-02 19:42:00-05:00,585.77,585.77,585.77,585.77,0.0,0.0,0.0
2025-01-02 19:43:00-05:00,585.72,585.72,585.7,585.7,1978.0,15.0,585.7194
2025-01-02 19:44:00-05:00,585.7,585.7,585.7,585.7,0.0,0.0,0.0
2025-01-02 19:45:00-05:00,585.7,585.7,585.7,585.7,0.0,0.0,0.0
2025-01-02 19:46:00-05:00,585.77,585.77,585.77,585.77,994.0,6.0,585.7694
2025-01-02 19:47:00-05:00,585.8,585.8,585.77,585.77,952.0,22.0,585.7714
2025-01-02 19:48:00-05:00,585.77,585.77,585.77,585.77,0.0,0.0,0.0
2025-01-02 19:49:00-05:00,585.71,585.71,585.71,585.71,223.0,13.0,585.7242
2025-01-02 19:50:00-05:00,585.76,585.77,585.76,585.77,755.0,21.0,585.7525
2025-01-02 19:51:00-05:00,585.68,585.77,585.68,585.77,1300.0,22.0,585.7468
2025-01-02 19:52:00-05:00,585.77,585.79,585.77,585.79,45741.0,106.0,585.7702
2025-01-02 19:53:00-05:00,585.86,585.86,585.85,585.85,978.0,13.0,585.8524
2025-01-02 19:54:00-05:00,585.84,585.84,585.82,585.82,1468.0,18.0,585.8255
2025-01-02 19:55:00-05:00,585.82,585.82,585.82,585.82,0.0,0.0,0.0
2025-01-02 19:56:00-05:00,585.82,585.82,585.82,585.82,0.0,0.0,0.0
2025-01-02 19:57:00-05:00,585.829,585.829,585.8,585.81,1164.0,14.0,585.8229
2025-01-02 19:58:00-05:00,585.8,585.84,585.8,585.84,676.0,17.0,585.8131
2025-01-02 19:59:00-05:00,585.86,585.86,585.86,585.86,831.0,23.0,585.8579
2025-01-03 04:00:00-05:00,586.0,586.05,585.89,586.01,4401.0,37.0,585.9274
2025-01-03 04:01:00-05:00,586.04,586.04,585.98,585.98,4318.0,26.0,586.0231
2025-01-03 04:02:00-05:00,586.1,586.16,586.1,586.1,4236.0,22.0,586.0986
2025-01-03 04:03:00-05:00,586.09,586.23,586.09,586.23,1415.0,31.0,586.1689
2025-01-03 04:04:00-05:00,586.23,586.23,586.23,586.23,0.0,0.0,0.0
2025-01-03 04:05:00-05:00,586.37,586.37,586.37,586.37,343.0,11.0,586.3692
2025-01-03 04:06:00-05:00,586.61,586.61,586.61,586.61,967.0,17.0,586.5864
2025-01-03 04:07:00-05:00,586.62,586.65,586.62,586.65,334.0,15.0,586.6268
2025-01-03 04:08:00-05:00,586.68,586.74,586.67,586.74,1072.0,11.0,586.7039
2025-01-03 04:09:00-05:00,586.75,586.75,586.75,586.75,564.0,24.0,586.7464
2025-01-03 04:10:00-05:00,586.75,586.75,586.75,586.75,0.0,0.0,0.0
2025-01-03 04:11:00-05:00,586.75,586.75,586.75,586.75,0.0,0.0,0.0
2025-01-03 04:12:00-05:00,586.68,586.68,586.68,586.68,755.0,19.0,586.6996
2025-01-03 04:13:00-05:00,586.68,586.68,586.68,586.68,0.0,0.0,0.0
2025-01-03 04:14:00-05:00,586.8,586.82,586.8,586.81,2515.0,12.0,586.8056
2025-01-03 04:15:00-05:00,586.79,586.79,586.79,586.79,170.0,9.0,586.838
2025-01-03 04:16:00-05:00,587.0,587.0,587.0,587.0,838.0,19.0,586.9981
2025-01-03 04:17:00-05:00,586.98,586.98,586.98,586.98,386.0,14.0,587.0125
2025-01-03 04:18:00-05:00,587.01,587.01,587.0,587.0,381.0,10.0,586.9911
2025-01-03 04:19:00-05:00,587.0,587.0,587.0,587.0,0.0,0.0,0.0
2025-01-03 04:20:00-05:00,587.0,587.0,587.0,587.0,0.0,0.0,0.0
2025-01-03 04:21:00-05:00,586.99,586.99,586.99,586.99,133.0,5.0,586.9585
2025-01-03 04:22:00-05:00,587.0,587.0,587.0,587.0,5090.0,29.0,587.0012
2025-01-03 04:23:00-05:00,587.18,587.18,587.13,587.14,1502.0,13.0,587.1687
2025-01-03 04:24:00-05:00,587.19,587.25,587.19,587.25,2444.0,15.0,587.2186
2025-01-03 04:25:00-05:00,587.24,587.24,587.24,587.24,172.0,7.0,587.246
2025-01-03 04:26:00-05:00,587.24,587.24,587.24,587.24,0.0,0.0,0.0
2025-01-03 04:27:00-05:00,587.18,587.18,587.18,587.18,889.0,14.0,587.1845
2025-01-03 04:28:00-05:00,587.18,587.18,587.18,587.18,0.0,0.0,0.0
2025-01-03 04:29:00-05:00,587.05,587.05,587.05,587.05,563.0,13.0,587.0784
2025-01-03 04:30:00-05:00,587.05,587.05,587.05,587.05,0.0,0.0,0.0
2025-01-03 04:31:00-05:00,586.9,586.9,586.9,586.9,238.0,8.0,586.897
2025-01-03 04:32:00-05:00,586.97,586.97,586.97,586.97,304.0,7.0,586.9629
2025-01-03 04:33:00-05:00,586.95,586.96,586.93,586.93,2728.0,19.0,586.9542
2025-01-03 04:34:00-05:00,586.93,586.93,586.93,586.93,380.0,12.0,586.9193
2025-01-03 04:35:00-05:00,586.86,586.86,586.86,586.86,236.0,5.0,586.8641
2025-01-03 04:36:00-05:00,586.86,586.86,586.86,586.86,0.0,0.0,0.0
2025-01-03 04:37:00-05:00,586.86,586.86,586.86,586.86,0.0,0.0,0.0
2025-01-03 04:38:00-05:00,586.86,586.86,586.86,586.86,0.0,0.0,0.0
2025-01-03 04:39:00-05:00,586.86,586.86,586.86,586.86,0.0,0.0,0.0
2025-01-03 04:40:00-05:00,586.97,586.99,586.97,586.99,622.0,9.0,586.9739
2025-01-03 04:41:00-05:00,586.99,586.99,586.99,586.99,0.0,0.0,0.0
2025-01-03 04:42:00-05:00,587.11,587.11,587.06,587.06,610.0,8.0,587.0976
2025-01-03 04:43:00-05:00,587.18,587.18,587.18,587.18,101.0,2.0,587.18
2025-01-03 04:44:00-05:00,587.18,587.18,587.18,587.18,0.0,0.0,0.0
2025-01-03 04:45:00-05:00,587.18,587.18,587.18,587.18,0.0,0.0,0.0
2025-01-03 04:46:00-05:00,587.18,587.18,587.18,587.18,0.0,0.0,0.0
2025-01-03 04:47:00-05:00,587.18,587.18,587.18,587.18,0.0,0.0,0.0
2025-01-03 04:48:00-05:00,587.18,587.18,587.18,587.18,0.0,0.0,0.0
2025-01-03 04:49:00-05:00,587.01,587.01,586.95,586.95,266.0,7.0,586.9822
2025-01-03 04:50:00-05:00,586.95,586.95,586.95,586.95,0.0,0.0,0.0
2025-01-03 04:51:00-05:00,586.86,586.86,586.86,586.86,210.0,12.0,586.8565
2025-01-03 04:52:00-05:00,586.91,586.91,586.91,586.91,1408.0,8.0,586.9104
2025-01-03 04:53:00-05:00,586.91,586.91,586.91,586.91,0.0,0.0,0.0
2025-01-03 04:54:00-05:00,586.91,586.91,586.91,586.91,0.0,0.0,0.0
2025-01-03 04:55:00-05:00,586.91,586.91,586.91,586.91,0.0,0.0,0.0
2025-01-03 04:56:00-05:00,586.91,586.91,586.91,586.91,0.0,0.0,0.0
2025-01-03 04:57:00-05:00,586.91,586.91,586.91,586.91,0.0,0.0,0.0
2025-01-03 04:58:00-05:00,586.91,586.91,586.91,586.91,0.0,0.0,0.0
2025-01-03 04:59:00-05:00,587.12,587.12,587.12,587.12,307.0,4.0,587.119
2025-01-03 05:00:00-05:00,586.9,586.9,586.88,586.88,8944.0,31.0,586.8841
2025-01-03 05:01:00-05:00,586.83,586.83,586.83,586.83,3549.0,32.0,586.8095
2025-01-03 05:02:00-05:00,586.83,586.83,586.83,586.83,0.0,0.0,0.0
2025-01-03 05:03:00-05:00,586.83,586.83,586.83,586.83,0.0,0.0,0.0
2025-01-03 05:04:00-05:00,586.68,586.68,586.68,586.68,504.0,5.0,586.6796
2025-01-03 05:05:00-05:00,586.69,586.69,586.69,586.69,176.0,7.0,586.6864
2025-01-03 05:06:00-05:00,586.69,586.69,586.69,586.69,0.0,0.0,0.0
2025-01-03 05:07:00-05:00,586.63,586.63,586.63,586.63,508.0,7.0,586.632
2025-01-03 05:08:00-05:00,586.65,586.65,586.63,586.63,1002.0,11.0,586.6413
2025-01-03 05:09:00-05:00,586.63,586.63,586.63,586.63,0.0,0.0,0.0
2025-01-03 05:10:00-05:00,586.69,586.69,586.69,586.69,140.0,6.0,586.7005
2025-01-03 05:11:00-05:00,586.69,586.69,586.69,586.69,0.0,0.0,0.0
2025-01-03 05:12:00-05:00,586.69,586.69,586.69,586.69,0.0,0.0,0.0
2025-01-03 05:13:00-05:00,586.69,586.69,586.69,586.69,0.0,0.0,0.0
2025-01-03 05:14:00-05:00,586.72,586.72,586.72,586.72,162.0,11.0,586.7372
2025-01-03 05:15:00-05:00,586.72,586.72,586.72,586.72,0.0,0.0,0.0
2025-01-03 05:16:00-05:00,586.72,586.72,586.72,586.72,0.0,0.0,0.0
2025-01-03 05:17:00-05:00,586.72,586.72,586.72,586.72,0.0,0.0,0.0
2025-01-03 05:18:00-05:00,586.72,586.72,586.72,586.72,0.0,0.0,0.0
2025-01-03 05:19:00-05:00,586.72,586.72,586.72,586.72,0.0,0.0,0.0
2025-01-03 05:20:00-05:00,586.69,586.69,586.69,586.69,569.0,11.0,586.6889
2025-01-03 05:21:00-05:00,586.69,586.69,586.69,586.69,0.0,0.0,0.0
2025-01-03 05:22:00-05:00,586.69,586.69,586.69,586.69,0.0,0.0,0.0
2025-01-03 05:23:00-05:00,586.69,586.69,586.69,586.69,0.0,0.0,0.0
2025-01-03 05:24:00-05:00,586.69,586.69,586.69,586.69,0.0,0.0,0.0
2025-01-03 05:25:00-05:00,586.45,586.45,586.45,586.45,156.0,5.0,586.4548
2025-01-03 05:26:00-05:00,586.45,586.45,586.45,586.45,0.0,0.0,0.0
2025-01-03 05:27:00-05:00,586.31,586.42,586.31,586.42,1060.0,10.0,586.368
2025-01-03 05:28:00-05:00,586.46,586.46,586.46,586.46,564.0,4.0,586.4737
2025-01-03 05:29:00-05:00,586.46,586.46,586.46,586.46,0.0,0.0,0.0
2025-01-03 05:30:00-05:00,586.55,586.55,586.55,586.55,202.0,2.0,586.5495
2025-01-03 05:31:00-05:00,586.55,586.55,586.55,586.55,0.0,0.0,0.0
2025-01-03 05:32:00-05:00,586.55,586.55,586.55,586.55,0.0,0.0,0.0
2025-01-03 05:33:00-05:00,586.55,586.55,586.55,586.55,0.0,0.0,0.0
2025-01-03 05:34:00-05:00,586.55,586.55,586.55,586.55,0.0,0.0,0.0
2025-01-03 05:35:00-05:00,586.55,586.55,586.55,586.55,0.0,0.0,0.0
2025-01-03 05:36:00-05:00,586.25,586.25,586.25,586.25,387.0,8.0,586.2532
2025-01-03 05:37:00-05:00,586.25,586.25,586.25,586.25,0.0,0.0,0.0
2025-01-03 05:38:00-05:00,586.25,586.25,586.25,586.25,0.0,0.0,0.0
2025-01-03 05:39:00-05:00,586.36,586.44,586.36,586.44,239.0,5.0,586.4035
2025-01-03 05:40:00-05:00,586.44,586.44,586.44,586.44,0.0,0.0,0.0
2025-01-03 05:41:00-05:00,586.44,586.44,586.44,586.44,0.0,0.0,0.0
2025-01-03 05:42:00-05:00,586.44,586.44,586.44,586.44,0.0,0.0,0.0
2025-01-03 05:43:00-05:00,586.44,586.44,586.44,586.44,0.0,0.0,0.0
2025-01-03 05:44:00-05:00,586.44,586.44,586.44,586.44,0.0,0.0,0.0
2025-01-03 05:45:00-05:00,586.44,586.44,586.44,586.44,0.0,0.0,0.0
2025-01-03 05:46:00-05:00,586.44,586.44,586.44,586.44,0.0,0.0,0.0
2025-01-03 05:47:00-05:00,586.44,586.44,586.44,586.44,0.0,0.0,0.0
2025-01-03 05:48:00-05:00,586.35,586.35,586.35,586.35,214.0,10.0,586.3484
2025-01-03 05:49:00-05:00,586.32,586.32,586.32,586.32,161.0,2.0,586.32
2025-01-03 05:50:00-05:00,586.24,586.24,586.24,586.24,1393.0,45.0,586.2061
2025-01-03 05:51:00-05:00,586.24,586.24,586.24,586.24,0.0,0.0,0.0
2025-01-03 05:52:00-05:00,586.0,586.0,586.0,586.0,423.0,36.0,586.0025
2025-01-03 05:53:00-05:00,586.0,586.0,585.99,585.99,1468.0,26.0,585.9914
2025-01-03 05:54:00-05:00,585.97,585.97,585.97,585.97,750.0,3.0,585.9747
2025-01-03 05:55:00-05:00,585.96,585.96,585.96,585.96,2654.0,9.0,585.9612
2025-01-03 05:56:00-05:00,585.96,585.96,585.96,585.96,0.0,0.0,0.0
2025-01-03 05:57:00-05:00,586.01,586.01,586.01,586.01,500.0,2.0,586.01
2025-01-03 05:58:00-05:00,586.01,586.01,586.01,586.01,0.0,0.0,0.0
2025-01-03 05:59:00-05:00,586.1,586.1,586.1,586.1,136.0,1.0,586.1
2025-01-03 06:00:00-05:00,586.1,586.1,586.1,586.1,0.0,0.0,0.0
2025-01-03 06:01:00-05:00,586.02,586.02,586.02,586.02,484.0,13.0,586.0233
2025-01-03 06:02:00-05:00,586.02,586.02,586.02,586.02,0.0,0.0,0.0
2025-01-03 06:03:00-05:00,586.02,586.02,586.02,586.02,0.0,0.0,0.0
2025-01-03 06:04:00-05:00,586.06,586.12,586.06,586.12,407.0,10.0,586.1093
2025-01-03 06:05:00-05:00,586.12,586.12,586.12,586.12,0.0,0.0,0.0
2025-01-03 06:06:00-05:00,585.89,585.89,585.87,585.87,760.0,29.0,585.8757
2025-01-03 06:07:00-05:00,585.87,585.87,585.87,585.87,0.0,0.0,0.0
2025-01-03 06:08:00-05:00,585.8,585.8,585.8,585.8,360.0,11.0,585.8006
2025-01-03 06:09:00-05:00,585.8,585.8,585.8,585.8,0.0,0.0,0.0
2025-01-03 06:10:00-05:00,585.7,585.8,585.7,585.8,785.0,20.0,585.7533
2025-01-03 06:11:00-05:00,585.79,585.79,585.79,585.79,155.0,5.0,585.792
2025-01-03 06:12:00-05:00,585.75,585.75,585.75,585.75,139.0,10.0,585.7458
2025-01-03 06:13:00-05:00,585.75,585.75,585.75,585.75,0.0,0.0,0.0
2025-01-03 06:14:00-05:00,585.75,585.75,585.75,585.75,0.0,0.0,0.0
2025-01-03 06:15:00-05:00,585.75,585.75,585.75,585.75,0.0,0.0,0.0
2025-01-03 06:16:00-05:00,585.75,585.75,585.75,585.75,0.0,0.0,0.0
2025-01-03 06:17:00-05:00,585.75,585.75,585.75,585.75,0.0,0.0,0.0
2025-01-03 06:18:00-05:00,585.91,585.91,585.91,585.91,207.0,15.0,585.9153
2025-01-03 06:19:00-05:00,585.92,585.92,585.85,585.85,377.0,9.0,585.8989
2025-01-03 06:20:00-05:00,585.85,585.85,585.85,585.85,0.0,0.0,0.0
2025-01-03 06:21:00-05:00,585.9,585.9,585.9,585.9,111.0,5.0,585.8985
2025-01-03 06:22:00-05:00,585.9,585.9,585.9,585.9,0.0,0.0,0.0
2025-01-03 06:23:00-05:00,585.9,585.9,585.9,585.9,0.0,0.0,0.0
2025-01-03 06:24:00-05:00,585.96,585.96,585.96,585.96,146.0,3.0,585.9625
2025-01-03 06:25:00-05:00,585.96,585.96,585.96,585.96,0.0,0.0,0.0
2025-01-03 06:26:00-05:00,585.96,585.96,585.96,585.96,0.0,0.0,0.0
2025-01-03 06:27:00-05:00,586.19,586.19,586.19,586.19,281.0,5.0,586.1128
2025-01-03 06:28:00-05:00,586.19,586.19,586.19,586.19,0.0,0.0,0.0
2025-01-03 06:29:00-05:00,586.12,586.12,586.12,586.12,170.0,9.0,586.1115
2025-01-03 06:30:00-05:00,586.12,586.12,586.12,586.12,0.0,0.0,0.0
2025-01-03 06:31:00-05:00,586.12,586.12,586.12,586.12,0.0,0.0,0.0
2025-01-03 06:32:00-05:00,586.12,586.12,586.12,586.12,0.0,0.0,0.0
2025-01-03 06:33:00-05:00,586.12,586.12,586.12,586.12,0.0,0.0,0.0
2025-01-03 06:34:00-05:00,585.9,585.9,585.9,585.9,1208.0,9.0,585.9003
2025-01-03 06:35:00-05:00,585.9,585.9,585.9,585.9,0.0,0.0,0.0
2025-01-03 06:36:00-05:00,586.01,586.01,586.01,586.01,111.0,5.0,586.0103
2025-01-03 06:37:00-05:00,586.01,586.01,586.01,586.01,0.0,0.0,0.0
2025-01-03 06:38:00-05:00,586.01,586.01,586.01,586.01,0.0,0.0,0.0
2025-01-03 06:39:00-05:00,586.01,586.01,586.01,586.01,0.0,0.0,0.0
2025-01-03 06:40:00-05:00,586.11,586.11,586.03,586.03,408.0,7.0,586.0692
2025-01-03 06:41:00-05:00,586.03,586.03,586.03,586.03,0.0,0.0,0.0
2025-01-03 06:42:00-05:00,586.03,586.03,586.03,586.03,0.0,0.0,0.0
2025-01-03 06:43:00-05:00,586.03,586.03,586.03,586.03,0.0,0.0,0.0
2025-01-03 06:44:00-05:00,586.03,586.03,586.03,586.03,0.0,0.0,0.0
2025-01-03 06:45:00-05:00,586.03,586.03,586.03,586.03,0.0,0.0,0.0
2025-01-03 06:46:00-05:00,586.03,586.03,586.03,586.03,0.0,0.0,0.0
2025-01-03 06:47:00-05:00,586.03,586.03,586.03,586.03,0.0,0.0,0.0
2025-01-03 06:48:00-05:00,586.03,586.03,586.03,586.03,0.0,0.0,0.0
2025-01-03 06:49:00-05:00,586.03,586.03,586.03,586.03,0.0,0.0,0.0
2025-01-03 06:50:00-05:00,585.95,585.95,585.88,585.88,2305.0,35.0,585.9256
2025-01-03 06:51:00-05:00,585.88,585.88,585.88,585.88,0.0,0.0,0.0
2025-01-03 06:52:00-05:00,585.88,585.88,585.88,585.88,0.0,0.0,0.0
2025-01-03 06:53:00-05:00,586.03,586.03,586.03,586.03,274.0,9.0,586.0272
2025-01-03 06:54:00-05:00,585.99,585.99,585.99,585.99,158.0,4.0,585.9946
2025-01-03 06:55:00-05:00,585.99,585.99,585.99,585.99,0.0,0.0,0.0
2025-01-03 06:56:00-05:00,585.99,585.99,585.99,585.99,0.0,0.0,0.0
2025-01-03 06:57:00-05:00,585.99,585.99,585.99,585.99,0.0,0.0,0.0
2025-01-03 06:58:00-05:00,585.99,585.99,585.99,585.99,0.0,0.0,0.0
2025-01-03 06:59:00-05:00,585.99,585.99,585.99,585.99,0.0,0.0,0.0
2025-01-03 07:00:00-05:00,586.01,586.01,585.87,585.87,2174.0,77.0,585.9413
2025-01-03 07:01:00-05:00,585.89,585.96,585.89,585.96,2237.0,34.0,585.9422
2025-01-03 07:02:00-05:00,585.96,585.96,585.96,585.96,307.0,9.0,585.9544
2025-01-03 07:03:00-05:00,585.94,585.94,585.4,585.86,170674.0,576.0,585.7261
2025-01-03 07:04:00-05:00,585.85,585.85,585.84,585.84,1250.0,17.0,585.8367
2025-01-03 07:05:00-05:00,585.72,585.72,585.61,585.61,1917.0,24.0,585.6433
2025-01-03 07:06:00-05:00,585.58,585.62,585.58,585.58,1971.0,35.0,585.5864
2025-01-03 07:07:00-05:00,585.63,585.71,585.63,585.69,990.0,15.0,585.6661
2025-01-03 07:08:00-05:00,585.69,585.79,585.69,585.79,5779.0,37.0,585.7565
2025-01-03 07:09:00-05:00,585.75,585.751,585.75,585.751,597.0,16.0,585.7357
2025-01-03 07:10:00-05:00,585.69,585.69,585.69,585.69,154.0,7.0,585.6914
2025-01-03 07:11:00-05:00,585.74,585.75,585.7,585.75,2055.0,18.0,585.7369
2025-01-03 07:12:00-05:00,585.76,585.86,585.76,585.86,13627.0,64.0,585.7857
2025-01-03 07:13:00-05:00,585.85,585.85,585.85,585.85,352.0,12.0,585.878
2025-01-03 07:14:00-05:00,585.88,585.88,585.88,585.88,302.0,22.0,585.8826
2025-01-03 07:15:00-05:00,585.73,585.79,585.73,585.76,1536.0,23.0,585.746
2025-01-03 07:16:00-05:00,585.78,585.78,585.729,585.729,588.0,19.0,585.7363
2025-01-03 07:17:00-05:00,585.6,585.6,585.6,585.6,210.0,12.0,585.6015
2025-01-03 07:18:00-05:00,585.51,585.57,585.51,585.57,388.0,15.0,585.5378
2025-01-03 07:19:00-05:00,585.521,585.521,585.51,585.51,504.0,24.0,585.5163
2025-01-03 07:20:00-05:00,585.52,585.52,585.52,585.52,109.0,3.0,585.5177
2025-01-03 07:21:00-05:00,585.479,585.641,585.46,585.641,565.0,20.0,585.5512
2025-01-03 07:22:00-05:00,585.76,585.76,585.72,585.72,3395.0,22.0,585.734
2025-01-03 07:23:00-05:00,585.72,585.72,585.72,585.72,0.0,0.0,0.0
2025-01-03 07:24:00-05:00,585.761,585.761,585.761,585.761,122.0,6.0,585.7656
2025-01-03 07:25:00-05:00,585.83,585.83,585.83,585.83,305.0,3.0,585.8297
2025-01-03 07:26:00-05:00,585.83,585.83,585.83,585.83,0.0,0.0,0.0
2025-01-03 07:27:00-05:00,585.83,585.83,585.83,585.83,0.0,0.0,0.0
2025-01-03 07:28:00-05:00,585.84,585.84,585.84,585.84,336.0,31.0,585.8508
2025-01-03 07:29:00-05:00,585.901,586.05,585.901,586.04,1670.0,43.0,585.9767
2025-01-03 07:30:00-05:00,586.001,586.031,586.001,586.031,1043.0,40.0,586.0311
2025-01-03 07:31:00-05:00,586.031,586.031,586.031,586.031,0.0,0.0,0.0
2025-01-03 07:32:00-05:00,586.031,586.031,586.031,586.031,0.0,0.0,0.0
2025-01-03 07:33:00-05:00,586.031,586.031,586.031,586.031,0.0,0.0,0.0
2025-01-03 07:34:00-05:00,585.88,585.89,585.88,585.89,5273.0,41.0,585.8832
2025-01-03 07:35:00-05:00,585.89,585.89,585.89,585.89,0.0,0.0,0.0
2025-01-03 07:36:00-05:00,585.89,585.89,585.89,585.89,0.0,0.0,0.0
2025-01-03 07:37:00-05:00,585.95,585.95,585.95,585.95,315.0,14.0,585.9685
2025-01-03 07:38:00-05:00,585.95,585.95,585.95,585.95,0.0,0.0,0.0
2025-01-03 07:39:00-05:00,585.96,586.0,585.96,586.0,15756.0,75.0,585.987
2025-01-03 07:40:00-05:00,586.09,586.1,586.09,586.09,4625.0,40.0,586.0955
2025-01-03 07:41:00-05:00,586.07,586.07,586.07,586.07,639.0,36.0,586.0716
2025-01-03 07:42:00-05:00,586.001,586.03,586.0,586.03,1211.0,16.0,586.0056
2025-01-03 07:43:00-05:00,586.0,586.0,585.95,585.97,567.0,11.0,585.9689
2025-01-03 07:44:00-05:00,585.97,585.97,585.91,585.91,688.0,28.0,585.9277
2025-01-03 07:45:00-05:00,585.95,585.95,585.95,585.95,717.0,32.0,585.957
2025-01-03 07:46:00-05:00,585.95,585.95,585.95,585.95,0.0,0.0,0.0
2025-01-03 07:47:00-05:00,585.95,585.95,585.95,585.95,0.0,0.0,0.0
2025-01-03 07:48:00-05:00,586.1,586.1,586.1,586.1,3180.0,21.0,586.1009
2025-01-03 07:49:00-05:00,586.1,586.1,586.1,586.1,0.0,0.0,0.0
2025-01-03 07:50:00-05:00,586.01,586.16,586.01,586.16,5058.0,56.0,586.1241
2025-01-03 07:51:00-05:00,586.16,586.16,586.16,586.16,450.0,13.0,586.1609
2025-01-03 07:52:00-05:00,586.18,586.2,586.16,586.2,2061.0,38.0,586.1787
2025-01-03 07:53:00-05:00,586.19,586.21,586.19,586.21,1917.0,32.0,586.2009
2025-01-03 07:54:00-05:00,586.25,586.28,586.25,586.28,13055.0,90.0,586.259
2025-01-03 07:55:00-05:00,586.28,586.29,586.25,586.25,7596.0,61.0,586.2736
2025-01-03 07:56:00-05:00,586.27,586.27,586.27,586.27,290.0,11.0,586.2723
2025-01-03 07:57:00-05:00,586.3,586.33,586.29,586.29,3424.0,25.0,586.3047
2025-01-03 07:58:00-05:00,586.3,586.33,586.3,586.32,2694.0,30.0,586.3194
2025-01-03 07:59:00-05:00,586.35,586.35,586.28,586.28,891.0,28.0,586.3219
2025-01-03 08:00:00-05:00,586.0,586.75,585.48,586.29,31828.0,694.0,585.8653
2025-01-03 08:01:00-05:00,586.33,586.39,586.33,586.39,5346.0,391.0,586.2858
2025-01-03 08:02:00-05:00,586.36,586.37,586.36,586.37,1583.0,77.0,586.2573
2025-01-03 08:03:00-05:00,586.3305,586.57,586.3305,586.57,6997.0,79.0,586.4722
2025-01-03 08:04:00-05:00,586.69,586.7498,586.63,586.63,1292.0,53.0,586.6931
2025-01-03 08:05:00-05:00,586.67,586.76,586.67,586.72,4150.0,68.0,586.7007
2025-01-03 08:06:00-05:00,586.76,586.76,586.711,586.711,570.0,34.0,586.7273
2025-01-03 08:07:00-05:00,586.62,586.7568,586.62,586.7568,3524.0,39.0,586.6683
2025-01-03 08:08:00-05:00,586.74,586.77,586.68,586.68,1738.0,48.0,586.7362
2025-01-03 08:09:00-05:00,586.77,586.791,586.7,586.72,2373.0,61.0,586.7584
2025-01-03 08:10:00-05:00,586.721,586.805,586.721,586.8,17540.0,123.0,586.7718
2025-01-03 08:11:00-05:00,586.69,586.79,586.69,586.79,16228.0,91.0,586.7394
2025-01-03 08:12:00-05:00,586.79,586.79,586.79,586.79,0.0,0.0,0.0
2025-01-03 08:13:00-05:00,586.63,586.63,586.58,586.58,1249.0,54.0,586.6148
2025-01-03 08:14:00-05:00,586.57,586.591,586.57,586.591,610.0,28.0,586.5817
2025-01-03 08:15:00-05:00,586.58,586.58,586.58,586.58,267.0,27.0,586.5841
2025-01-03 08:16:00-05:00,586.63,586.63,586.63,586.63,582.0,39.0,586.608
2025-01-03 08:17:00-05:00,586.6,586.6,586.56,586.56,776.0,42.0,586.5751
2025-01-03 08:18:00-05:00,586.55,586.55,586.49,586.5,1514.0,39.0,586.5046
2025-01-03 08:19:00-05:00,586.46,586.46,586.4,586.4,1293.0,30.0,586.4167
2025-01-03 08:20:00-05:00,586.4,586.4,586.4,586.4,747.0,36.0,586.3964
2025-01-03 08:21:00-05:00,586.43,586.43,586.43,586.43,259.0,25.0,586.419
2025-01-03 08:22:00-05:00,586.44,586.44,586.44,586.44,630.0,29.0,586.4392
2025-01-03 08:23:00-05:00,586.44,586.44,586.4,586.42,6915.0,42.0,586.422
2025-01-03 08:24:00-05:00,586.52,586.52,586.52,586.52,1631.0,31.0,586.5251
2025-01-03 08:25:00-05:00,586.54,586.54,586.49,586.52,12132.0,72.0,586.5093
2025-01-03 08:26:00-05:00,586.52,586.55,586.52,586.55,794.0,24.0,586.53
2025-01-03 08:27:00-05:00,586.56,586.5604,586.56,586.5604,1339.0,35.0,586.562
2025-01-03 08:28:00-05:00,586.61,586.68,586.61,586.68,2381.0,49.0,586.6284
2025-01-03 08:29:00-05:00,586.67,586.69,586.67,586.69,1067.0,26.0,586.6742
2025-01-03 08:30:00-05:00,586.72,586.72,586.72,586.72,1156.0,32.0,586.7221
2025-01-03 08:31:00-05:00,586.75,586.79,586.75,586.78,4019.0,55.0,586.7616
2025-01-03 08:32:00-05:00,586.79,586.83,586.79,586.83,3826.0,54.0,586.8021
2025-01-03 08:33:00-05:00,586.84,586.88,586.83,586.88,1480.0,55.0,586.8458
2025-01-03 08:34:00-05:00,586.88,586.91,586.88,586.91,6904.0,70.0,586.8834
2025-01-03 08:35:00-05:00,586.9,586.9,586.86,586.86,848.0,56.0,586.8876
2025-01-03 08:36:00-05:00,586.9,586.92,586.85,586.87,6113.0,77.0,586.9052
2025-01-03 08:37:00-05:00,586.9,586.9,586.8,586.8,2481.0,45.0,586.8696
2025-01-03 08:38:00-05:00,586.83,586.83,586.75,586.75,774.0,46.0,586.7804
2025-01-03 08:39:00-05:00,586.78,586.78,586.7,586.7,8561.0,104.0,586.7319
2025-01-03 08:40:00-05:00,586.701,586.75,586.701,586.7204,1024.0,57.0,586.722
2025-01-03 08:41:00-05:00,586.701,586.701,586.701,586.701,826.0,86.0,586.7144
2025-01-03 08:42:00-05:00,586.75,586.83,586.75,586.82,2241.0,73.0,586.7987
2025-01-03 08:43:00-05:00,586.87,586.88,586.87,586.88,1165.0,60.0,586.8718
2025-01-03 08:44:00-05:00,586.85,586.85,586.691,586.691,2052.0,69.0,586.8041
2025-01-03 08:45:00-05:00,586.68,586.68,586.64,586.65,1319.0,55.0,586.6551
2025-01-03 08:46:00-05:00,586.74,586.74,586.65,586.68,16688.0,145.0,586.6656
2025-01-03 08:47:00-05:00,586.68,586.68,586.49,586.4901,6272.0,101.0,586.5433
2025-01-03 08:48:00-05:00,586.58,586.6,586.58,586.6,1766.0,64.0,586.5868
2025-01-03 08:49:00-05:00,586.61,586.62,586.61,586.62,1776.0,53.0,586.6344
2025-01-03 08:50:00-05:00,586.71,586.71,586.53,586.569,619.0,57.0,586.6151
2025-01-03 08:51:00-05:00,586.43,586.47,586.43,586.47,1266.0,62.0,586.4702
2025-01-03 08:52:00-05:00,586.42,586.42,586.27,586.27,5800.0,104.0,586.3365
2025-01-03 08:53:00-05:00,586.24,586.3,586.24,586.27,2812.0,77.0,586.2757
2025-01-03 08:54:00-05:00,586.309,586.38,586.309,586.38,941.0,56.0,586.3763
2025-01-03 08:55:00-05:00,586.37,586.37,586.25,586.25,1622.0,46.0,586.3328
2025-01-03 08:56:00-05:00,586.25,586.26,586.17,586.26,5979.0,98.0,586.2146
2025-01-03 08:57:00-05:00,586.2,586.27,586.2,586.2,7729.0,79.0,586.2342
2025-01-03 08:58:00-05:00,586.21,586.22,586.12,586.12,9088.0,108.0,586.1766
2025-01-03 08:59:00-05:00,586.1194,586.1194,586.1194,586.1194,781.0,52.0,586.1236
2025-01-03 09:00:00-05:00,586.1194,586.1194,586.1194,586.1194,0.0,0.0,0.0
2025-01-03 09:01:00-05:00,586.2,586.23,586.2,586.23,892.0,53.0,586.2128
2025-01-03 09:02:00-05:00,586.2,586.38,586.2,586.38,4807.0,68.0,586.3222
2025-01-03 09:03:00-05:00,586.36,586.43,586.36,586.42,2959.0,65.0,586.4162
2025-01-03 09:04:00-05:00,586.37,586.37,586.3,586.3,1635.0,80.0,586.3445
2025-01-03 09:05:00-05:00,586.25,586.33,586.25,586.33,2053.0,44.0,586.2919
2025-01-03 09:06:00-05:00,586.38,586.61,586.38,586.61,4296.0,73.0,586.4835
2025-01-03 09:07:00-05:00,586.64,586.6796,586.58,586.65,7921.0,93.0,586.6435
2025-01-03 09:08:00-05:00,586.69,586.77,586.68,586.77,4722.0,70.0,586.7344
2025-01-03 09:09:00-05:00,586.8,586.8,586.74,586.7905,7136.0,104.0,586.7652
2025-01-03 09:10:00-05:00,586.8,586.91,586.8,586.88,2479.0,92.0,586.8481
2025-01-03 09:11:00-05:00,586.86,586.86,586.76,586.76,916.0,65.0,586.7999
2025-01-03 09:12:00-05:00,586.85,586.85,586.85,586.85,862.0,63.0,586.8632
2025-01-03 09:13:00-05:00,586.91,586.92,586.88,586.92,3498.0,55.0,586.9032
2025-01-03 09:14:00-05:00,586.9,586.94,586.9,586.94,1589.0,53.0,586.9155
2025-01-03 09:15:00-05:00,586.85,586.95,586.85,586.95,8822.0,106.0,586.8905
2025-01-03 09:16:00-05:00,586.9502,586.97,586.94,586.96,6215.0,69.0,586.9505
2025-01-03 09:17:00-05:00,586.97,586.97,586.96,586.97,5927.0,69.0,586.9646
2025-01-03 09:18:00-05:00,586.97,587.01,586.96,586.99,16019.0,131.0,586.9836
2025-01-03 09:19:00-05:00,587.05,587.33,587.05,587.31,8215.0,115.0,587.2657
2025-01-03 09:20:00-05:00,587.3,587.36,587.29,587.35,9048.0,76.0,587.3122
2025-01-03 09:21:00-05:00,587.31,587.4,587.3,587.3707,18999.0,111.0,587.3464
2025-01-03 09:22:00-05:00,587.4,587.4,587.3,587.3,18439.0,134.0,587.3495
2025-01-03 09:23:00-05:00,587.34,587.3504,587.271,587.32,9385.0,166.0,587.3274
2025-01-03 09:24:00-05:00,587.3206,587.3206,587.28,587.28,12105.0,147.0,587.2967
2025-01-03 09:25:00-05:00,587.32,587.53,587.32,587.4695,17418.0,174.0,587.389
2025-01-03 09:26:00-05:00,587.39,587.47,587.39,587.47,10773.0,175.0,587.428
2025-01-03 09:27:00-05:00,587.37,587.5,587.34,587.48,10787.0,237.0,587.4251
2025-01-03 09:28:00-05:00,587.56,587.6,587.48,587.5,31095.0,250.0,587.5418
2025-01-03 09:29:00-05:00,587.42,587.57,587.4,587.47,13465.0,123.0,587.4735
2025-01-03 09:30:00-05:00,587.53,587.8,586.91,587.76,962987.0,8447.0,587.2994
2025-01-03 09:31:00-05:00,587.76,588.16,587.72,587.95,266542.0,2483.0,588.0103
2025-01-03 09:32:00-05:00,587.97,588.39,587.95,588.3795,140517.0,1773.0,588.1912
2025-01-03 09:33:00-05:00,588.39,588.62,588.32,588.47,202771.0,2039.0,588.4745
2025-01-03 09:34:00-05:00,588.45,588.47,588.0,588.069,156105.0,1870.0,588.2498
2025-01-03 09:35:00-05:00,588.07,588.31,587.97,588.11,127549.0,1696.0,588.1364
2025-01-03 09:36:00-05:00,588.1,588.18,587.58,587.911,158202.0,1881.0,587.8568
2025-01-03 09:37:00-05:00,587.92,588.34,587.88,588.25,84121.0,1301.0,588.1566
2025-01-03 09:38:00-05:00,588.27,588.52,588.27,588.51,124465.0,1604.0,588.3946
2025-01-03 09:39:00-05:00,588.51,589.49,588.4227,589.405,195776.0,2233.0,588.9514
2025-01-03 09:40:00-05:00,589.4,589.545,589.24,589.42,186974.0,1872.0,589.3675
2025-01-03 09:41:00-05:00,589.43,589.53,589.161,589.26,125010.0,1630.0,589.3125
2025-01-03 09:42:00-05:00,589.2,589.25,589.06,589.21,122192.0,1384.0,589.1319
2025-01-03 09:43:00-05:00,589.19,589.415,589.15,589.3,111837.0,1545.0,589.2276
2025-01-03 09:44:00-05:00,589.31,589.54,589.201,589.29,97252.0,1337.0,589.3854
2025-01-03 09:45:00-05:00,589.2808,589.46,588.95,589.08,164178.0,1800.0,589.2093
2025-01-03 09:46:00-05:00,589.12,589.205,588.68,588.69,116519.0,1466.0,588.9766
2025-01-03 09:47:00-05:00,588.695,588.695,587.85,587.96,182001.0,2127.0,588.2465
2025-01-03 09:48:00-05:00,587.99,588.149,587.52,587.79,190001.0,1862.0,587.8641
2025-01-03 09:49:00-05:00,587.78,587.93,587.53,587.88,437422.0,1955.0,587.8048
2025-01-03 09:50:00-05:00,587.85,588.24,587.8,588.2,150143.0,1955.0,588.0587
2025-01-03 09:51:00-05:00,588.16,588.16,586.79,587.02,214029.0,2778.0,587.3074
2025-01-03 09:52:00-05:00,587.0,587.5299,586.99,587.32,114515.0,1651.0,587.2786
2025-01-03 09:53:00-05:00,587.32,587.91,587.27,587.79,132071.0,1584.0,587.6586
2025-01-03 09:54:00-05:00,587.785,587.8038,587.54,587.68,110802.0,1361.0,587.669
2025-01-03 09:55:00-05:00,587.685,587.82,587.42,587.71,69055.0,1044.0,587.6344
2025-01-03 09:56:00-05:00,587.6851,588.06,587.44,588.03,175110.0,1960.0,587.8118
2025-01-03 09:57:00-05:00,588.05,588.11,587.5,587.52,53710.0,954.0,587.7966
2025-01-03 09:58:00-05:00,587.48,587.86,587.4548,587.86,53673.0,911.0,587.614
2025-01-03 09:59:00-05:00,587.87,588.01,587.74,588.01,55751.0,927.0,587.8939
2025-01-03 10:00:00-05:00,588.02,588.44,587.441,587.74,215866.0,2549.0,587.8484
2025-01-03 10:01:00-05:00,587.72,587.97,587.48,587.5301,112717.0,1436.0,587.6816
2025-01-03 10:02:00-05:00,587.555,588.09,587.47,587.99,99264.0,1491.0,587.7063
2025-01-03 10:03:00-05:00,587.97,588.3,587.92,588.2,72502.0,1301.0,588.0076
2025-01-03 10:04:00-05:00,588.2299,589.16,588.12,589.0801,125145.0,1941.0,588.7488
2025-01-03 10:05:00-05:00,589.02,589.37,588.87,589.17,134155.0,2121.0,589.1811
2025-01-03 10:06:00-05:00,589.16,589.46,589.0601,589.185,113993.0,1701.0,589.2238
2025-01-03 10:07:00-05:00,589.15,589.17,588.59,588.89,102534.0,1796.0,588.812
2025-01-03 10:08:00-05:00,588.93,589.36,588.875,589.26,68002.0,1293.0,589.0589
2025-01-03 10:09:00-05:00,589.2,589.32,589.05,589.0824,61296.0,1197.0,589.1799
2025-01-03 10:10:00-05:00,589.09,589.34,588.975,589.25,79454.0,1409.0,589.2154
2025-01-03 10:11:00-05:00,589.26,589.28,588.62,588.62,83891.0,1295.0,588.9468
2025-01-03 10:12:00-05:00,588.611,588.658,587.68,588.37,173975.0,2746.0,588.0673
2025-01-03 10:13:00-05:00,588.35,588.48,588.17,588.34,75997.0,1362.0,588.3502
2025-01-03 10:14:00-05:00,588.37,588.4,587.98,588.16,81872.0,1344.0,588.2147
2025-01-03 10:15:00-05:00,588.17,588.5,587.9,588.09,136189.0,1927.0,588.1313
2025-01-03 10:16:00-05:00,588.1,588.6,587.81,588.02,98821.0,1705.0,588.2239
2025-01-03 10:17:00-05:00,587.91,588.09,587.28,587.44,139796.0,2046.0,587.7161
2025-01-03 10:18:00-05:00,587.42,587.7099,587.13,587.43,88740.0,1390.0,587.4832
2025-01-03 10:19:00-05:00,587.43,587.72,587.38,587.61,93593.0,1249.0,587.5465
2025-01-03 10:20:00-05:00,587.64,587.745,586.73,586.77,121172.0,1915.0,587.1938
2025-01-03 10:21:00-05:00,586.78,586.85,586.43,586.61,141413.0,2098.0,586.6288
2025-01-03 10:22:00-05:00,586.64,587.26,586.53,587.2,120312.0,1550.0,586.8616
2025-01-03 10:23:00-05:00,587.18,587.4598,587.14,587.35,112994.0,1346.0,587.2878
2025-01-03 10:24:00-05:00,587.33,588.04,587.22,587.79,127622.0,1550.0,587.6981
2025-01-03 10:25:00-05:00,587.83,588.08,587.75,587.82,96198.0,1181.0,587.9069
2025-01-03 10:26:00-05:00,587.84,588.14,587.59,588.0,86177.0,3043.0,587.8814
2025-01-03 10:27:00-05:00,588.01,588.3199,587.91,587.91,75802.0,3555.0,588.0879
2025-01-03 10:28:00-05:00,587.94,588.3375,587.9301,588.3375,57231.0,1712.0,588.1294
2025-01-03 10:29:00-05:00,588.275,588.39,588.16,588.22,73245.0,1186.0,588.2715
2025-01-03 10:30:00-05:00,588.24,588.25,587.55,588.1,78273.0,1364.0,587.9354
2025-01-03 10:31:00-05:00,588.13,588.1399,587.76,587.94,51722.0,971.0,587.9086
2025-01-03 10:32:00-05:00,587.99,588.28,587.92,588.11,48035.0,944.0,588.1163
2025-01-03 10:33:00-05:00,588.1,588.5312,588.1,588.46,50735.0,1106.0,588.3448
2025-01-03 10:34:00-05:00,588.45,588.59,588.22,588.54,51263.0,961.0,588.4127
2025-01-03 10:35:00-05:00,588.47,588.73,588.175,588.73,50207.0,1010.0,588.3655
2025-01-03 10:36:00-05:00,588.71,589.12,588.71,588.93,84501.0,1422.0,588.9566
2025-01-03 10:37:00-05:00,588.96,589.08,588.5,588.71,100227.0,1359.0,588.8571
2025-01-03 10:38:00-05:00,588.71,588.75,588.19,588.3433,117229.0,1518.0,588.5057
2025-01-03 10:39:00-05:00,588.35,588.55,588.1965,588.545,68047.0,1154.0,588.3659
2025-01-03 10:40:00-05:00,588.59,588.8,588.5,588.73,68700.0,1012.0,588.6377
2025-01-03 10:41:00-05:00,588.75,588.96,588.69,588.87,50229.0,973.0,588.8355
2025-01-03 10:42:00-05:00,588.88,589.11,588.85,589.075,55643.0,1007.0,588.9557
2025-01-03 10:43:00-05:00,589.095,589.23,588.92,589.1,51218.0,977.0,589.0439
2025-01-03 10:44:00-05:00,589.12,589.4595,588.97,588.98,187502.0,1668.0,589.2171
2025-01-03 10:45:00-05:00,588.97,589.34,588.92,589.1967,96850.0,1170.0,589.1089
2025-01-03 10:46:00-05:00,589.17,589.195,588.74,588.84,73497.0,1118.0,588.9693
2025-01-03 10:47:00-05:00,588.8,588.91,588.63,588.825,42566.0,838.0,588.8109
2025-01-03 10:48:00-05:00,588.8,589.03,588.67,588.92,35818.0,745.0,588.8645
2025-01-03 10:49:00-05:00,588.93,589.09,588.82,588.99,37589.0,716.0,588.9544
2025-01-03 10:50:00-05:00,588.9705,589.07,588.5296,588.79,46299.0,956.0,588.7696
2025-01-03 10:51:00-05:00,588.78,588.93,588.71,588.755,41528.0,740.0,588.8264
2025-01-03 10:52:00-05:00,588.74,589.19,588.71,588.94,43381.0,775.0,589.0118
2025-01-03 10:53:00-05:00,588.91,588.95,588.57,588.7377,31054.0,621.0,588.7504
2025-01-03 10:54:00-05:00,588.72,588.77,588.405,588.72,47306.0,909.0,588.6024
2025-01-03 10:55:00-05:00,588.69,588.79,588.48,588.7474,23493.0,584.0,588.6487
2025-01-03 10:56:00-05:00,588.76,589.0899,588.7,589.05,44656.0,832.0,588.894
2025-01-03 10:57:00-05:00,589.045,589.13,588.82,588.87,34821.0,735.0,588.9707
2025-01-03 10:58:00-05:00,588.89,589.29,588.89,589.2601,62967.0,1034.0,589.1192
2025-01-03 10:59:00-05:00,589.265,589.305,589.06,589.15,43484.0,808.0,589.2182
2025-01-03 11:00:00-05:00,589.18,589.29,589.07,589.11,65286.0,916.0,589.1844
2025-01-03 11:01:00-05:00,589.12,589.2599,589.03,589.06,33005.0,664.0,589.1342
2025-01-03 11:02:00-05:00,589.061,589.3862,588.96,589.35,56970.0,702.0,589.1938
2025-01-03 11:03:00-05:00,589.37,589.85,589.37,589.67,134026.0,1593.0,589.6227
2025-01-03 11:04:00-05:00,589.66,589.79,589.5,589.55,43554.0,810.0,589.653
2025-01-03 11:05:00-05:00,589.56,589.59,589.07,589.09,61230.0,1024.0,589.3004
2025-01-03 11:06:00-05:00,589.03,589.12,588.76,588.78,85328.0,1288.0,588.9885
2025-01-03 11:07:00-05:00,588.82,588.86,588.39,588.57,126231.0,1520.0,588.7151
2025-01-03 11:08:00-05:00,588.5585,588.71,588.25,588.48,67769.0,1046.0,588.4073
2025-01-03 11:09:00-05:00,588.48,588.63,588.375,588.4751,62470.0,817.0,588.55
2025-01-03 11:10:00-05:00,588.51,588.62,588.31,588.4148,94536.0,1239.0,588.4546
2025-01-03 11:11:00-05:00,588.38,588.43,588.12,588.27,40384.0,951.0,588.2537
2025-01-03 11:12:00-05:00,588.2567,588.5,588.2038,588.37,50656.0,785.0,588.3831
2025-01-03 11:13:00-05:00,588.37,588.4,588.2801,588.37,25220.0,617.0,588.3337
2025-01-03 11:14:00-05:00,588.42,588.6599,588.28,588.5399,48835.0,849.0,588.4673
2025-01-03 11:15:00-05:00,588.55,588.58,588.325,588.54,44566.0,811.0,588.4614
2025-01-03 11:16:00-05:00,588.55,588.74,588.49,588.68,44218.0,822.0,588.6314
2025-01-03 11:17:00-05:00,588.71,588.71,588.47,588.535,23935.0,631.0,588.5607
2025-01-03 11:18:00-05:00,588.48,588.62,588.45,588.52,23113.0,600.0,588.5245
2025-01-03 11:19:00-05:00,588.515,588.78,588.46,588.75,47154.0,805.0,588.6643
2025-01-03 11:20:00-05:00,588.77,589.06,588.7,588.71,53030.0,998.0,588.8395
2025-01-03 11:21:00-05:00,588.68,589.09,588.68,589.09,53723.0,997.0,588.8316
2025-01-03 11:22:00-05:00,589.07,589.25,588.82,588.85,60594.0,951.0,589.0579
2025-01-03 11:23:00-05:00,588.84,588.9101,588.56,588.9,42778.0,888.0,588.7863
2025-01-03 11:24:00-05:00,588.91,589.03,588.87,589.0,37819.0,669.0,588.9304
2025-01-03 11:25:00-05:00,588.97,589.23,588.95,589.2,33964.0,834.0,589.1183
2025-01-03 11:26:00-05:00,589.21,589.56,589.21,589.35,74414.0,1258.0,589.3897
2025-01-03 11:27:00-05:00,589.345,589.65,589.31,589.605,30611.0,759.0,589.4978
2025-01-03 11:28:00-05:00,589.58,589.65,589.451,589.52,111265.0,1056.0,589.5429
2025-01-03 11:29:00-05:00,589.51,589.65,589.46,589.63,45429.0,816.0,589.5572
2025-01-03 11:30:00-05:00,589.6,589.95,589.555,589.9,81915.0,1200.0,589.7345
2025-01-03 11:31:00-05:00,589.91,590.08,589.73,589.86,188354.0,1833.0,589.9397
2025-01-03 11:32:00-05:00,589.85,590.15,589.76,590.15,81765.0,1150.0,589.9365
2025-01-03 11:33:00-05:00,590.1379,590.29,590.1135,590.16,67871.0,978.0,590.2148
2025-01-03 11:34:00-05:00,590.17,590.28,590.1266,590.25,46281.0,775.0,590.2264
2025-01-03 11:35:00-05:00,590.24,590.24,589.905,590.1,57761.0,981.0,590.0375
2025-01-03 11:36:00-05:00,590.1,590.53,590.08,590.485,121372.0,1411.0,590.4233
2025-01-03 11:37:00-05:00,590.48,590.61,590.32,590.4101,41748.0,827.0,590.4545
2025-01-03 11:38:00-05:00,590.405,590.52,590.265,590.44,59512.0,896.0,590.3982
2025-01-03 11:39:00-05:00,590.42,590.48,590.29,590.33,33220.0,734.0,590.3849
2025-01-03 11:40:00-05:00,590.33,590.52,590.27,590.37,40615.0,923.0,590.4094
2025-01-03 11:41:00-05:00,590.385,590.49,590.374,590.46,27427.0,659.0,590.4423
2025-01-03 11:42:00-05:00,590.5,590.7599,590.5,590.705,46822.0,1043.0,590.6545
2025-01-03 11:43:00-05:00,590.715,590.8,590.615,590.7,45291.0,783.0,590.7025
2025-01-03 11:44:00-05:00,590.705,590.7367,590.645,590.67,36915.0,639.0,590.7013
2025-01-03 11:45:00-05:00,590.65,590.77,590.52,590.7401,60843.0,852.0,590.6597
2025-01-03 11:46:00-05:00,590.74,590.84,590.64,590.6902,59792.0,868.0,590.7317
2025-01-03 11:47:00-05:00,590.7,590.77,590.64,590.74,49999.0,821.0,590.6789
2025-01-03 11:48:00-05:00,590.7,590.7962,590.69,590.775,39898.0,638.0,590.732
2025-01-03 11:49:00-05:00,590.765,590.86,590.7513,590.77,45002.0,763.0,590.8154
2025-01-03 11:50:00-05:00,590.79,590.97,590.72,590.95,122491.0,1521.0,590.8099
2025-01-03 11:51:00-05:00,590.96,590.99,590.7438,590.7514,42037.0,779.0,590.8609
2025-01-03 11:52:00-05:00,590.77,590.91,590.68,590.8475,50345.0,872.0,590.7599
2025-01-03 11:53:00-05:00,590.85,590.93,590.69,590.78,41529.0,713.0,590.8459
2025-01-03 11:54:00-05:00,590.79,590.97,590.7659,590.83,35641.0,632.0,590.8614
2025-01-03 11:55:00-05:00,590.83,590.95,590.7,590.72,47449.0,782.0,590.8391
2025-01-03 11:56:00-05:00,590.74,590.75,590.552,590.64,58398.0,932.0,590.6186
2025-01-03 11:57:00-05:00,590.63,590.7194,590.51,590.71,41996.0,825.0,590.6281
2025-01-03 11:58:00-05:00,590.71,590.71,590.5027,590.66,61097.0,949.0,590.5895
2025-01-03 11:59:00-05:00,590.664,590.6999,590.3024,590.3861,45840.0,890.0,590.4742
2025-01-03 12:00:00-05:00,590.39,590.71,590.39,590.52,37885.0,830.0,590.523
2025-01-03 12:01:00-05:00,590.52,590.6834,590.49,590.65,44867.0,796.0,590.5692
2025-01-03 12:02:00-05:00,590.68,590.71,590.525,590.56,39202.0,609.0,590.6034
2025-01-03 12:03:00-05:00,590.565,590.81,590.56,590.7456,33514.0,653.0,590.7151
2025-01-03 12:04:00-05:00,590.76,590.81,590.66,590.785,42126.0,716.0,590.7781
2025-01-03 12:05:00-05:00,590.79,590.94,590.79,590.84,56036.0,863.0,590.8544
2025-01-03 12:06:00-05:00,590.83,590.97,590.82,590.94,55549.0,746.0,590.9199
2025-01-03 12:07:00-05:00,590.94,591.01,590.85,590.86,87892.0,1131.0,590.9771
2025-01-03 12:08:00-05:00,590.87,590.9,590.745,590.83,42193.0,577.0,590.811
2025-01-03 12:09:00-05:00,590.83,590.8401,590.65,590.68,25932.0,573.0,590.7445
2025-01-03 12:10:00-05:00,590.66,590.8401,590.59,590.82,35154.0,649.0,590.7275
2025-01-03 12:11:00-05:00,590.81,590.83,590.7401,590.79,48507.0,629.0,590.7821
2025-01-03 12:12:00-05:00,590.7901,590.7901,590.54,590.56,34790.0,612.0,590.641
2025-01-03 12:13:00-05:00,590.56,590.695,590.56,590.67,28809.0,507.0,590.6369
2025-01-03 12:14:00-05:00,590.63,590.63,590.26,590.31,51485.0,869.0,590.4115
2025-01-03 12:15:00-05:00,590.295,590.75,590.2107,590.74,44479.0,891.0,590.4892
2025-01-03 12:16:00-05:00,590.74,590.8899,590.63,590.7,35159.0,666.0,590.7364
2025-01-03 12:17:00-05:00,590.685,590.705,590.498,590.55,50790.0,713.0,590.5891
2025-01-03 12:18:00-05:00,590.54,590.55,590.4,590.43,57825.0,809.0,590.4752
2025-01-03 12:19:00-05:00,590.42,590.448,590.1,590.1405,54808.0,1014.0,590.2581
2025-01-03 12:20:00-05:00,590.18,590.309,590.14,590.2499,34645.0,682.0,590.2391
2025-01-03 12:21:00-05:00,590.24,590.33,590.04,590.32,59168.0,857.0,590.2226
2025-01-03 12:22:00-05:00,590.3,590.34,590.19,590.33,50071.0,688.0,590.2878
2025-01-03 12:23:00-05:00,590.34,590.435,590.31,590.42,45684.0,583.0,590.3899
2025-01-03 12:24:00-05:00,590.43,590.51,590.34,590.5,74590.0,814.0,590.4416
2025-01-03 12:25:00-05:00,590.5,590.79,590.49,590.7005,85692.0,883.0,590.6454
2025-01-03 12:26:00-05:00,590.73,590.8205,590.61,590.65,36202.0,764.0,590.7011
2025-01-03 12:27:00-05:00,590.66,590.708,590.495,590.52,32322.0,660.0,590.6062
2025-01-03 12:28:00-05:00,590.53,590.535,590.305,590.41,45583.0,723.0,590.4009
2025-01-03 12:29:00-05:00,590.41,590.42,590.11,590.145,43401.0,741.0,590.2675
2025-01-03 12:30:00-05:00,590.15,590.3854,590.12,590.17,47760.0,737.0,590.2317
2025-01-03 12:31:00-05:00,590.16,590.31,590.13,590.22,26557.0,600.0,590.2154
2025-01-03 12:32:00-05:00,590.22,590.25,590.0,590.005,32440.0,731.0,590.1202
2025-01-03 12:33:00-05:00,590.01,590.23,589.9,590.23,58839.0,749.0,590.0647
2025-01-03 12:34:00-05:00,590.25,590.349,590.2174,590.3199,34343.0,486.0,590.2722
2025-01-03 12:35:00-05:00,590.23,590.42,590.16,590.31,31983.0,592.0,590.3218
2025-01-03 12:36:00-05:00,590.32,590.335,590.21,590.32,17070.0,384.0,590.2518
2025-01-03 12:37:00-05:00,590.3,590.39,590.21,590.39,32208.0,516.0,590.2631
2025-01-03 12:38:00-05:00,590.355,590.38,590.22,590.25,21915.0,487.0,590.3173
2025-01-03 12:39:00-05:00,590.255,590.37,590.255,590.31,13814.0,376.0,590.3187
2025-01-03 12:40:00-05:00,590.32,590.5,590.25,590.46,36645.0,721.0,590.4017
2025-01-03 12:41:00-05:00,590.47,590.5,590.325,590.34,29692.0,538.0,590.4054
2025-01-03 12:42:00-05:00,590.34,590.44,590.3385,590.4,21149.0,457.0,590.3826
2025-01-03 12:43:00-05:00,590.41,590.42,590.265,590.33,35161.0,676.0,590.3372
2025-01-03 12:44:00-05:00,590.335,590.4158,590.26,590.28,44153.0,639.0,590.3425
2025-01-03 12:45:00-05:00,590.305,590.3617,590.16,590.33,32501.0,627.0,590.2451
2025-01-03 12:46:00-05:00,590.33,590.42,590.22,590.26,44990.0,683.0,590.276
2025-01-03 12:47:00-05:00,590.2693,590.32,590.09,590.2699,82123.0,894.0,590.2039
2025-01-03 12:48:00-05:00,590.26,590.37,590.178,590.27,86596.0,947.0,590.2694
2025-01-03 12:49:00-05:00,590.29,590.49,590.22,590.45,33827.0,582.0,590.3384
2025-01-03 12:50:00-05:00,590.44,590.66,590.43,590.54,133466.0,1270.0,590.5477
2025-01-03 12:51:00-05:00,590.56,590.69,590.54,590.57,37325.0,714.0,590.616
2025-01-03 12:52:00-05:00,590.56,590.58,590.425,590.515,46108.0,660.0,590.5027
2025-01-03 12:53:00-05:00,590.51,590.64,590.435,590.64,80858.0,998.0,590.4884
2025-01-03 12:54:00-05:00,590.6395,590.65,590.46,590.53,23705.0,589.0,590.5643
2025-01-03 12:55:00-05:00,590.51,590.58,590.4263,590.555,93159.0,1040.0,590.5254
2025-01-03 12:56:00-05:00,590.57,590.62,590.525,590.57,50046.0,667.0,590.5708
2025-01-03 12:57:00-05:00,590.56,590.69,590.5238,590.6701,20226.0,464.0,590.6022
2025-01-03 12:58:00-05:00,590.68,590.73,590.625,590.71,33438.0,614.0,590.6655
2025-01-03 12:59:00-05:00,590.7199,590.76,590.62,590.69,36320.0,651.0,590.7103
2025-01-03 13:00:00-05:00,590.69,590.77,590.5,590.53,85440.0,847.0,590.6719
2025-01-03 13:01:00-05:00,590.53,590.55,590.2,590.22,56498.0,850.0,590.3756
2025-01-03 13:02:00-05:00,590.25,590.57,590.24,590.49,100502.0,796.0,590.3487
2025-01-03 13:03:00-05:00,590.48,590.54,590.39,590.395,22892.0,472.0,590.4436
2025-01-03 13:04:00-05:00,590.4,590.51,590.34,590.47,27447.0,441.0,590.4469
2025-01-03 13:05:00-05:00,590.47,590.64,590.45,590.61,72286.0,737.0,590.5602
2025-01-03 13:06:00-05:00,590.6,590.61,590.5,590.5892,40761.0,504.0,590.5738
2025-01-03 13:07:00-05:00,590.5734,590.629,590.5734,590.6,34256.0,436.0,590.5998
2025-01-03 13:08:00-05:00,590.591,590.62,590.46,590.6,70399.0,755.0,590.564
2025-01-03 13:09:00-05:00,590.6,590.725,590.5624,590.62,61893.0,713.0,590.6367
2025-01-03 13:10:00-05:00,590.62,590.69,590.54,590.65,39760.0,443.0,590.6559
2025-01-03 13:11:00-05:00,590.66,590.75,590.58,590.6,45568.0,603.0,590.6699
2025-01-03 13:12:00-05:00,590.58,590.7,590.56,590.64,13033.0,366.0,590.6274
2025-01-03 13:13:00-05:00,590.63,590.75,590.625,590.6928,50847.0,473.0,590.728
2025-01-03 13:14:00-05:00,590.71,590.76,590.67,590.69,50964.0,495.0,590.7266
2025-01-03 13:15:00-05:00,590.69,590.76,590.688,590.7,73323.0,686.0,590.733
2025-01-03 13:16:00-05:00,590.68,590.76,590.6515,590.6515,30002.0,500.0,590.7142
2025-01-03 13:17:00-05:00,590.65,590.748,590.6101,590.6801,31987.0,521.0,590.6834
2025-01-03 13:18:00-05:00,590.68,590.83,590.66,590.81,77940.0,696.0,590.7788
2025-01-03 13:19:00-05:00,590.8,590.88,590.78,590.88,70829.0,612.0,590.807
2025-01-03 13:20:00-05:00,590.9,591.01,590.89,590.9833,142859.0,1046.0,590.9747
2025-01-03 13:21:00-05:00,590.9908,591.0,590.85,590.908,51193.0,763.0,590.915
2025-01-03 13:22:00-05:00,590.91,590.9101,590.75,590.781119,52285.0,772.0,590.8175
2025-01-03 13:23:00-05:00,590.78,590.85,590.7158,590.85,45593.0,715.0,590.7984
2025-01-03 13:24:00-05:00,590.82,590.83,590.73,590.82,71803.0,764.0,590.7865
2025-01-03 13:25:00-05:00,590.82,591.0,590.815,591.0,65892.0,700.0,590.9284
2025-01-03 13:26:00-05:00,591.0,591.1,590.961,591.05,150144.0,1035.0,591.0444
2025-01-03 13:27:00-05:00,591.05,591.07,591.01,591.045,108828.0,723.0,591.049
2025-01-03 13:28:00-05:00,591.05,591.2491,591.03,591.2491,63170.0,775.0,591.1009
2025-01-03 13:29:00-05:00,591.2305,591.5,591.22,591.495,85154.0,1176.0,591.3712
2025-01-03 13:30:00-05:00,591.5,591.55,591.38,591.5,222746.0,1802.0,591.497
2025-01-03 13:31:00-05:00,591.4801,591.71,591.46,591.69,75330.0,1125.0,591.5706
2025-01-03 13:32:00-05:00,591.68,591.7799,591.45,591.51,55543.0,1109.0,591.5661
2025-01-03 13:33:00-05:00,591.52,591.55,591.25,591.265,130239.0,1384.0,591.3403
2025-01-03 13:34:00-05:00,591.27,591.3,591.16,591.3,47420.0,772.0,591.2208
2025-01-03 13:35:00-05:00,591.32,591.51,591.31,591.505,39241.0,722.0,591.3857
2025-01-03 13:36:00-05:00,591.51,591.589,591.45,591.5399,37518.0,690.0,591.5214
2025-01-03 13:37:00-05:00,591.555,591.58,591.495,591.545,36078.0,610.0,591.5432
2025-01-03 13:38:00-05:00,591.545,591.68,591.51,591.68,32548.0,511.0,591.5565
2025-01-03 13:39:00-05:00,591.665,591.82,591.65,591.7773,36916.0,664.0,591.7176
2025-01-03 13:40:00-05:00,591.77,591.8401,591.66,591.66,43180.0,688.0,591.7677
2025-01-03 13:41:00-05:00,591.658,591.8,591.658,591.7708,47377.0,621.0,591.7414
2025-01-03 13:42:00-05:00,591.77,591.795,591.59,591.61,45817.0,713.0,591.6854
2025-01-03 13:43:00-05:00,591.62,591.73,591.62,591.695,37236.0,535.0,591.6728
2025-01-03 13:44:00-05:00,591.68,591.69,591.59,591.64,34079.0,607.0,591.6525
2025-01-03 13:45:00-05:00,591.64,591.72,591.64,591.72,24982.0,455.0,591.6804
2025-01-03 13:46:00-05:00,591.72,591.76,591.641,591.705,34408.0,523.0,591.7169
2025-01-03 13:47:00-05:00,591.6901,591.71,591.61,591.6701,47250.0,556.0,591.6748
2025-01-03 13:48:00-05:00,591.6608,591.75,591.6532,591.7201,33515.0,468.0,591.7112
2025-01-03 13:49:00-05:00,591.74,591.81,591.67,591.67,35604.0,555.0,591.7475
2025-01-03 13:50:00-05:00,591.68,591.6801,591.43,591.47,43517.0,716.0,591.5603
2025-01-03 13:51:00-05:00,591.48,591.5399,591.45,591.451,27240.0,517.0,591.4952
2025-01-03 13:52:00-05:00,591.445,591.5,591.38,591.43,28791.0,581.0,591.4352
2025-01-03 13:53:00-05:00,591.43,591.54,591.43,591.5,22441.0,422.0,591.48
2025-01-03 13:54:00-05:00,591.5,591.5901,591.47,591.59,19208.0,490.0,591.5415
2025-01-03 13:55:00-05:00,591.59,591.7,591.58,591.6301,27512.0,525.0,591.6466
2025-01-03 13:56:00-05:00,591.6245,591.635,591.6,591.621,21206.0,468.0,591.6168
2025-01-03 13:57:00-05:00,591.625,591.69,591.5746,591.685,35428.0,530.0,591.6343
2025-01-03 13:58:00-05:00,591.685,591.7,591.6101,591.66,27827.0,514.0,591.6517
2025-01-03 13:59:00-05:00,591.68,591.72,591.05,591.29,220868.0,2397.0,591.3771
2025-01-03 14:00:00-05:00,591.31,591.53,591.11,591.48,71298.0,988.0,591.3288
2025-01-03 14:01:00-05:00,591.47,591.52,591.39,591.4,64424.0,634.0,591.4664
2025-01-03 14:02:00-05:00,591.41,591.63,591.41,591.61,32603.0,465.0,591.5544
2025-01-03 14:03:00-05:00,591.62,591.65,591.5,591.55,16671.0,371.0,591.5631
2025-01-03 14:04:00-05:00,591.54,591.66,591.525,591.615,67722.0,610.0,591.6067
2025-01-03 14:05:00-05:00,591.63,591.68,591.46,591.62,95812.0,760.0,591.582
2025-01-03 14:06:00-05:00,591.64,591.8,591.625,591.6701,70209.0,694.0,591.7349
2025-01-03 14:07:00-05:00,591.6899,591.7399,591.61,591.73,46094.0,660.0,591.6722
2025-01-03 14:08:00-05:00,591.75,591.81,591.74,591.785,42032.0,562.0,591.7717
2025-01-03 14:09:00-05:00,591.785,591.88,591.755,591.86,64232.0,780.0,591.8036
2025-01-03 14:10:00-05:00,591.85,591.96,591.79,591.83,54203.0,771.0,591.8806
2025-01-03 14:11:00-05:00,591.81,591.84,591.75,591.8015,37059.0,670.0,591.7896
2025-01-03 14:12:00-05:00,591.795,591.8,591.67,591.78,40005.0,516.0,591.7416
2025-01-03 14:13:00-05:00,591.78,591.9241,591.771,591.92,39876.0,634.0,591.8734
2025-01-03 14:14:00-05:00,591.9,591.98,591.8601,591.89,34540.0,651.0,591.9298
2025-01-03 14:15:00-05:00,591.91,591.91,591.8001,591.87,37740.0,583.0,591.8369
2025-01-03 14:16:00-05:00,591.875,591.95,591.875,591.93,32154.0,566.0,591.8999
2025-01-03 14:17:00-05:00,591.92,592.14,591.9,592.11,100822.0,1130.0,592.0354
2025-01-03 14:18:00-05:00,592.1299,592.1498,591.97,591.99,84841.0,888.0,592.0613
2025-01-03 14:19:00-05:00,592.01,592.13,592.01,592.1001,59042.0,720.0,592.0802
2025-01-03 14:20:00-05:00,592.11,592.2,592.03,592.07,46206.0,745.0,592.1227
2025-01-03 14:21:00-05:00,592.06,592.12,591.97,592.02,54652.0,721.0,592.0529
2025-01-03 14:22:00-05:00,592.02,592.05,591.96,592.05,38448.0,604.0,592.0154
2025-01-03 14:23:00-05:00,592.03,592.055,592.0001,592.045,48975.0,540.0,592.0292
2025-01-03 14:24:00-05:00,592.04,592.04,591.88,591.91,62000.0,843.0,591.9394
2025-01-03 14:25:00-05:00,591.9,591.93,591.765,591.89,59986.0,837.0,591.857
2025-01-03 14:26:00-05:00,591.89,591.93,591.77,591.9,71333.0,837.0,591.8397
2025-01-03 14:27:00-05:00,591.9,592.0,591.875,591.9961,33824.0,499.0,591.9459
2025-01-03 14:28:00-05:00,591.99,592.055,591.975,592.0,45522.0,583.0,592.0121
2025-01-03 14:29:00-05:00,592.0,592.11,592.0,592.1,38503.0,558.0,592.0505
2025-01-03 14:30:00-05:00,592.08,592.105,592.0,592.085,37811.0,515.0,592.0652
2025-01-03 14:31:00-05:00,592.08,592.11,592.06,592.08,38802.0,557.0,592.0826
2025-01-03 14:32:00-05:00,592.07,592.24,592.07,592.21,84170.0,890.0,592.1504
2025-01-03 14:33:00-05:00,592.2,592.32,592.14,592.31,110100.0,963.0,592.2376
2025-01-03 14:34:00-05:00,592.3,592.36,592.28,592.2924,34248.0,572.0,592.3161
2025-01-03 14:35:00-05:00,592.31,592.41,592.23,592.315,46201.0,656.0,592.3082
2025-01-03 14:36:00-05:00,592.34,592.5,592.3,592.45,73434.0,793.0,592.3986
2025-01-03 14:37:00-05:00,592.45,592.52,592.42,592.5,64906.0,706.0,592.4741
2025-01-03 14:38:00-05:00,592.5,592.52,592.43,592.49,41181.0,581.0,592.4811
2025-01-03 14:39:00-05:00,592.5,592.6,592.49,592.5711,58623.0,606.0,592.5453
2025-01-03 14:40:00-05:00,592.58,592.59,592.43,592.495,67549.0,687.0,592.4973
2025-01-03 14:41:00-05:00,592.5,592.535,592.48,592.5065,69983.0,682.0,592.5063
2025-01-03 14:42:00-05:00,592.51,592.56,592.505,592.55,71756.0,521.0,592.3865
2025-01-03 14:43:00-05:00,592.54,592.58,592.41,592.42,81727.0,876.0,592.4731
2025-01-03 14:44:00-05:00,592.4324,592.4799,592.3301,592.38,50597.0,626.0,592.4075
2025-01-03 14:45:00-05:00,592.36,592.41,592.24,592.39,68438.0,707.0,592.3225
2025-01-03 14:46:00-05:00,592.4,592.52,592.4,592.51,49127.0,550.0,592.4734
2025-01-03 14:47:00-05:00,592.5,592.5,592.21,592.3101,51341.0,659.0,592.3327
2025-01-03 14:48:00-05:00,592.33,592.3784,592.28,592.34,27796.0,420.0,592.3462
2025-01-03 14:49:00-05:00,592.36,592.36,592.26,592.35,32230.0,530.0,592.322
2025-01-03 14:50:00-05:00,592.34,592.35,592.27,592.27,39804.0,552.0,592.3038
2025-01-03 14:51:00-05:00,592.29,592.3,592.1,592.15,94297.0,734.0,592.154
2025-01-03 14:52:00-05:00,592.15,592.17,592.0201,592.08,61857.0,732.0,592.1353
2025-01-03 14:53:00-05:00,592.07,592.15,591.88,592.02,149887.0,1605.0,592.0309
2025-01-03 14:54:00-05:00,592.01,592.21,592.0,592.13,107555.0,1019.0,592.1355
2025-01-03 14:55:00-05:00,592.14,592.17,591.98,592.02,78104.0,889.0,592.0824
2025-01-03 14:56:00-05:00,592.02,592.09,591.96,592.06,53197.0,841.0,592.0177
2025-01-03 14:57:00-05:00,592.09,592.18,592.07,592.18,42324.0,585.0,592.1216
2025-01-03 14:58:00-05:00,592.17,592.17,592.06,592.06,39907.0,581.0,592.1246
2025-01-03 14:59:00-05:00,592.07,592.18,592.07,592.07,55618.0,793.0,592.1237
2025-01-03 15:00:00-05:00,592.04,592.04,591.67,591.72,107062.0,1281.0,591.7992
2025-01-03 15:01:00-05:00,591.71,591.71,591.45,591.45,67973.0,901.0,591.5586
2025-01-03 15:02:00-05:00,591.44,591.7599,591.43,591.7,160828.0,1442.0,591.6414
2025-01-03 15:03:00-05:00,591.71,591.85,591.63,591.73,65961.0,915.0,591.7636
2025-01-03 15:04:00-05:00,591.74,591.74,591.56,591.56,43124.0,680.0,591.6963
2025-01-03 15:05:00-05:00,591.59,591.6399,591.51,591.56,45127.0,707.0,591.578
2025-01-03 15:06:00-05:00,591.55,591.69,591.55,591.64,46031.0,676.0,591.6454
2025-01-03 15:07:00-05:00,591.64,591.93,591.64,591.9,82011.0,1014.0,591.8235
2025-01-03 15:08:00-05:00,591.895,591.9687,591.81,591.81,86944.0,1009.0,591.8881
2025-01-03 15:09:00-05:00,591.81,591.88,591.73,591.8,60528.0,749.0,591.8078
2025-01-03 15:10:00-05:00,591.8,591.94,591.77,591.935,50257.0,703.0,591.8696
2025-01-03 15:11:00-05:00,591.93,591.935,591.74,591.74,55556.0,776.0,591.8285
2025-01-03 15:12:00-05:00,591.75,591.83,591.682,591.83,63291.0,878.0,591.7377
2025-01-03 15:13:00-05:00,591.83,591.86,591.765,591.825,40600.0,649.0,591.8108
2025-01-03 15:14:00-05:00,591.825,591.96,591.8,591.9199,44897.0,648.0,591.8921
2025-01-03 15:15:00-05:00,591.91,591.959,591.86,591.93,47869.0,689.0,591.9099
2025-01-03 15:16:00-05:00,591.92,591.94,591.84,591.895,37686.0,663.0,591.8903
2025-01-03 15:17:00-05:00,591.895,591.92,591.87,591.89,45378.0,670.0,591.8938
2025-01-03 15:18:00-05:00,591.89,591.94,591.835,591.88,48204.0,618.0,591.8868
2025-01-03 15:19:00-05:00,591.87,591.91,591.85,591.86,41369.0,590.0,591.8783
2025-01-03 15:20:00-05:00,591.87,591.88,591.68,591.7999,76533.0,899.0,591.7766
2025-01-03 15:21:00-05:00,591.78,591.79,591.67,591.78,51466.0,617.0,591.7282
2025-01-03 15:22:00-05:00,591.78,591.94,591.73,591.9305,47492.0,692.0,591.8272
2025-01-03 15:23:00-05:00,591.95,591.98,591.76,591.78,52284.0,846.0,591.8575
2025-01-03 15:24:00-05:00,591.8,591.825,591.71,591.77,36148.0,678.0,591.7799
2025-01-03 15:25:00-05:00,591.76,591.8,591.73,591.7999,33237.0,618.0,591.7669
2025-01-03 15:26:00-05:00,591.78,591.8,591.6701,591.72,65534.0,880.0,591.7285
2025-01-03 15:27:00-05:00,591.73,591.93,591.73,591.93,96381.0,891.0,591.8243
2025-01-03 15:28:00-05:00,591.925,592.0,591.895,591.94,93227.0,1086.0,591.9381
2025-01-03 15:29:00-05:00,591.95,592.0,591.9,591.93,99947.0,883.0,591.9593
2025-01-03 15:30:00-05:00,591.93,591.93,591.69,591.72,98962.0,1184.0,591.7989
2025-01-03 15:31:00-05:00,591.72,591.809,591.59,591.65,159822.0,1668.0,591.6935
2025-01-03 15:32:00-05:00,591.62,591.76,591.44,591.575,163769.0,1740.0,591.5975
2025-01-03 15:33:00-05:00,591.59,591.59,591.375,591.434,109397.0,1043.0,591.4939
2025-01-03 15:34:00-05:00,591.44,591.75,591.44,591.72,55067.0,788.0,591.6511
2025-01-03 15:35:00-05:00,591.71,591.79,591.625,591.77,83970.0,864.0,591.7066
2025-01-03 15:36:00-05:00,591.74,591.78,591.63,591.76,86246.0,991.0,591.6996
2025-01-03 15:37:00-05:00,591.7598,591.9,591.66,591.87,106518.0,1283.0,591.78
2025-01-03 15:38:00-05:00,591.87,591.97,591.75,591.76,116367.0,1229.0,591.8548
2025-01-03 15:39:00-05:00,591.76,591.84,591.72,591.74,72125.0,825.0,591.7858
2025-01-03 15:40:00-05:00,591.74,591.745,591.5624,591.69,107153.0,1246.0,591.6515
2025-01-03 15:41:00-05:00,591.67,591.709,591.56,591.69,80995.0,926.0,591.6418
2025-01-03 15:42:00-05:00,591.685,591.815,591.6117,591.76,91687.0,1043.0,591.7163
2025-01-03 15:43:00-05:00,591.75,591.765,591.52,591.56,81556.0,977.0,591.6241
2025-01-03 15:44:00-05:00,591.56,591.6899,591.53,591.56,92399.0,1228.0,591.6026
2025-01-03 15:45:00-05:00,591.56,591.64,591.48,591.51,115332.0,1470.0,591.5824
2025-01-03 15:46:00-05:00,591.51,591.69,591.5,591.62,167783.0,1689.0,591.5873
2025-01-03 15:47:00-05:00,591.61,591.62,591.33,591.37,192627.0,2146.0,591.4718
2025-01-03 15:48:00-05:00,591.38,591.38,591.15,591.25,189354.0,2072.0,591.2591
2025-01-03 15:49:00-05:00,591.25,591.4,591.05,591.35,769007.0,2746.0,591.2303
2025-01-03 15:50:00-05:00,591.34,591.4438,591.17,591.25,249301.0,2325.0,591.3142
2025-01-03 15:51:00-05:00,591.255,591.28,591.11,591.2,224426.0,2134.0,591.1968
2025-01-03 15:52:00-05:00,591.22,591.44,591.2,591.3485,134744.0,1555.0,591.2989
2025-01-03 15:53:00-05:00,591.345,591.42,591.15,591.1613,177456.0,1712.0,591.2916
2025-01-03 15:54:00-05:00,591.165,591.63,591.13,591.385,309608.0,2884.0,591.3694
2025-01-03 15:55:00-05:00,591.39,591.74,591.36,591.735,259089.0,2762.0,591.5655
2025-01-03 15:56:00-05:00,591.735,591.79,591.62,591.715,226727.0,2380.0,591.7165
2025-01-03 15:57:00-05:00,591.72,591.8,591.65,591.74,312051.0,2785.0,591.7173
2025-01-03 15:58:00-05:00,591.75,591.87,591.63,591.79,940292.0,4503.0,590.822
2025-01-03 15:59:00-05:00,591.78,592.21,591.7,591.87,1326534.0,10601.0,591.9623
2025-01-03 16:00:00-05:00,591.9,591.95,591.67,591.82,221223.0,742.0,591.8271
2025-01-03 16:01:00-05:00,591.76,591.81,591.63,591.63,115568.0,502.0,591.7341
2025-01-03 16:02:00-05:00,591.64,591.76,591.56,591.6,163111.0,621.0,591.6567
2025-01-03 16:03:00-05:00,591.59,591.6,591.51,591.55,88143.0,346.0,591.5613
2025-01-03 16:04:00-05:00,591.55,591.64,591.53,591.64,70204.0,267.0,591.5468
2025-01-03 16:05:00-05:00,591.62,591.71,591.6,591.69,18728.0,119.0,591.6252
2025-01-03 16:06:00-05:00,591.72,591.75,591.72,591.73,22584.0,94.0,591.7394
2025-01-03 16:07:00-05:00,591.7,591.77,591.69,591.77,44317.0,213.0,591.7314
2025-01-03 16:08:00-05:00,591.77,591.8,591.75,591.8,9867.0,74.0,591.778
2025-01-03 16:09:00-05:00,591.79,591.8,591.77,591.77,8853.0,88.0,591.7834
2025-01-03 16:10:00-05:00,591.76,591.76,591.65,591.65,16302.0,119.0,591.6894
2025-01-03 16:11:00-05:00,591.67,591.73,591.65,591.69,962688.0,124.0,591.8884
2025-01-03 16:12:00-05:00,591.7,591.7,591.63,591.63,9710.0,83.0,591.6771
2025-01-03 16:13:00-05:00,591.6,591.65,591.6,591.62,2708.0,43.0,591.6261
2025-01-03 16:14:00-05:00,591.61,591.66,591.59,591.6,15241.0,212.0,591.6225
2025-01-03 16:15:00-05:00,591.6,591.6,591.521,591.55,8193.0,69.0,591.5525
2025-01-03 16:16:00-05:00,591.55,591.6,591.54,591.6,3458.0,31.0,591.5503
2025-01-03 16:17:00-05:00,591.63,591.64,591.6,591.61,12470.0,69.0,591.6345
2025-01-03 16:18:00-05:00,591.6,591.6,591.55,591.55,8288.0,49.0,591.2322
2025-01-03 16:19:00-05:00,591.53,591.5496,591.45,591.45,132625.0,76.0,584.8481
2025-01-03 16:20:00-05:00,591.41,591.44,591.4,591.4,4367.0,37.0,591.408
2025-01-03 16:21:00-05:00,591.43,591.43,591.42,591.42,2580.0,34.0,591.4288
2025-01-03 16:22:00-05:00,591.95,591.95,591.44,591.47,502982.0,47.0,591.9471
2025-01-03 16:23:00-05:00,591.47,591.53,591.42,591.49,30455.0,98.0,591.4638
2025-01-03 16:24:00-05:00,591.5,591.5,591.48,591.5,127914.0,28.0,584.6033
2025-01-03 16:25:00-05:00,591.46,591.46,591.45,591.45,4302.0,35.0,591.4521
2025-01-03 16:26:00-05:00,591.49,591.63,591.49,591.63,59216.0,198.0,591.5323
2025-01-03 16:27:00-05:00,591.48,591.52,591.48,591.52,15550.0,67.0,591.5071
2025-01-03 16:28:00-05:00,591.48,591.52,591.46,591.52,1973.0,31.0,591.4776
2025-01-03 16:29:00-05:00,591.54,591.54,591.51,591.51,2232.0,34.0,591.5259
2025-01-03 16:30:00-05:00,591.5,591.5,591.45,591.45,7396.0,47.0,591.481
2025-01-03 16:31:00-05:00,591.45,591.45,591.45,591.45,0.0,0.0,0.0
2025-01-03 16:32:00-05:00,591.49,591.57,591.48,591.57,3522.0,37.0,591.5277
2025-01-03 16:33:00-05:00,591.5,591.5,591.48,591.48,3492.0,50.0,591.4856
2025-01-03 16:34:00-05:00,591.47,591.53,591.47,591.53,4384.0,35.0,591.4788
2025-01-03 16:35:00-05:00,591.63,591.64,591.59,591.6,2620.0,31.0,591.6073
2025-01-03 16:36:00-05:00,591.6,591.6,591.6,591.6,0.0,0.0,0.0
2025-01-03 16:37:00-05:00,591.55,591.55,591.51,591.51,3578.0,29.0,591.5344
2025-01-03 16:38:00-05:00,591.5399,591.54,591.53,591.53,2782.0,22.0,591.5316
2025-01-03 16:39:00-05:00,591.54,591.54,591.54,591.54,557.0,14.0,591.5425
2025-01-03 16:40:00-05:00,591.55,591.57,591.52,591.57,2819.0,29.0,591.5381
2025-01-03 16:41:00-05:00,591.57,591.59,591.57,591.57,1632.0,18.0,591.576
2025-01-03 16:42:00-05:00,591.57,591.57,591.57,591.57,252.0,22.0,591.5538
2025-01-03 16:43:00-05:00,591.57,591.57,591.57,591.57,0.0,0.0,0.0
2025-01-03 16:44:00-05:00,591.57,591.57,591.57,591.57,0.0,0.0,0.0
2025-01-03 16:45:00-05:00,591.4,591.42,591.4,591.42,636.0,35.0,591.415
2025-01-03 16:46:00-05:00,591.49,591.49,591.49,591.49,623.0,24.0,591.4858
2025-01-03 16:47:00-05:00,591.45,591.46,591.45,591.46,2656.0,43.0,591.4592
2025-01-03 16:48:00-05:00,591.46,591.46,591.44,591.46,9266.0,70.0,591.4586
2025-01-03 16:49:00-05:00,591.49,591.49,591.49,591.49,2598.0,25.0,591.4925
2025-01-03 16:50:00-05:00,591.45,591.49,591.45,591.49,2795.0,28.0,591.4824
2025-01-03 16:51:00-05:00,591.49,591.52,591.49,591.51,14585.0,55.0,591.494
2025-01-03 16:52:00-05:00,591.51,591.51,591.51,591.51,0.0,0.0,0.0
2025-01-03 16:53:00-05:00,591.51,591.51,591.51,591.51,0.0,0.0,0.0
2025-01-03 16:54:00-05:00,591.51,591.51,591.51,591.51,0.0,0.0,0.0
2025-01-03 16:55:00-05:00,591.46,591.4899,591.4301,591.4899,3788.0,26.0,591.4665
2025-01-03 16:56:00-05:00,591.5,591.5,591.5,591.5,142.0,10.0,591.4995
2025-01-03 16:57:00-05:00,591.5,591.5,591.5,591.5,0.0,0.0,0.0
2025-01-03 16:58:00-05:00,591.49,591.49,591.49,591.49,407.0,18.0,590.57
2025-01-03 16:59:00-05:00,591.49,591.49,591.49,591.49,0.0,0.0,0.0
2025-01-03 17:00:00-05:00,591.54,591.54,591.54,591.54,254.0,15.0,591.5335
2025-01-03 17:01:00-05:00,591.5,591.62,591.5,591.6,4705.0,24.0,591.5136
2025-01-03 17:02:00-05:00,591.6,591.6,591.6,591.6,0.0,0.0,0.0
2025-01-03 17:03:00-05:00,591.6,591.6,591.6,591.6,0.0,0.0,0.0
2025-01-03 17:04:00-05:00,591.6,591.6,591.6,591.6,0.0,0.0,0.0
2025-01-03 17:05:00-05:00,591.6,591.6,591.6,591.6,0.0,0.0,0.0
2025-01-03 17:06:00-05:00,591.54,591.54,591.54,591.54,310.0,13.0,591.5365
2025-01-03 17:07:00-05:00,591.54,591.54,591.54,591.54,0.0,0.0,0.0
2025-01-03 17:08:00-05:00,591.54,591.54,591.54,591.54,229.0,14.0,591.5395
2025-01-03 17:09:00-05:00,591.54,591.54,591.5302,591.5302,342.0,11.0,591.5437
2025-01-03 17:10:00-05:00,591.5302,591.5302,591.5302,591.5302,0.0,0.0,0.0
2025-01-03 17:11:00-05:00,591.5302,591.5302,591.5302,591.5302,0.0,0.0,0.0
2025-01-03 17:12:00-05:00,591.6,591.6298,591.6,591.6298,1210.0,21.0,591.6049
2025-01-03 17:13:00-05:00,591.63,591.65,591.62,591.65,1128.0,33.0,591.6351
2025-01-03 17:14:00-05:00,591.64,591.66,591.64,591.66,1507.0,38.0,591.6509
2025-01-03 17:15:00-05:00,591.67,591.7,591.67,591.67,1369.0,29.0,591.6746
2025-01-03 17:16:00-05:00,591.7,591.7,591.67,591.67,1168.0,25.0,591.6887
2025-01-03 17:17:00-05:00,591.7,591.7,591.67,591.67,1114.0,26.0,591.678
2025-01-03 17:18:00-05:00,591.67,591.67,591.67,591.67,0.0,0.0,0.0
2025-01-03 17:19:00-05:00,591.67,591.67,591.67,591.67,0.0,0.0,0.0
2025-01-03 17:20:00-05:00,591.59,591.59,591.55,591.55,2920.0,62.0,591.5538
2025-01-03 17:21:00-05:00,591.55,591.55,591.55,591.55,0.0,0.0,0.0
2025-01-03 17:22:00-05:00,591.6382,591.6382,591.6382,591.6382,2046.0,17.0,591.6374
2025-01-03 17:23:00-05:00,591.6382,591.6382,591.6382,591.6382,0.0,0.0,0.0
2025-01-03 17:24:00-05:00,591.57,591.57,591.57,591.57,137.0,13.0,591.5697
2025-01-03 17:25:00-05:00,591.57,591.57,591.57,591.57,2348.0,21.0,591.5699
2025-01-03 17:26:00-05:00,591.57,591.57,591.57,591.57,515.0,26.0,591.5727
2025-01-03 17:27:00-05:00,591.57,591.57,591.57,591.57,0.0,0.0,0.0
2025-01-03 17:28:00-05:00,591.58,591.58,591.58,591.58,334.0,24.0,591.5848
2025-01-03 17:29:00-05:00,591.58,591.58,591.58,591.58,0.0,0.0,0.0
2025-01-03 17:30:00-05:00,591.62,591.62,591.62,591.62,1033.0,18.0,591.6207
2025-01-03 17:31:00-05:00,591.6,591.6,591.6,591.6,222.0,7.0,591.6153
2025-01-03 17:32:00-05:00,591.6,591.6,591.6,591.6,0.0,0.0,0.0
2025-01-03 17:33:00-05:00,591.6,591.6,591.6,591.6,0.0,0.0,0.0
2025-01-03 17:34:00-05:00,591.6,591.6,591.6,591.6,0.0,0.0,0.0
2025-01-03 17:35:00-05:00,591.6,591.6,591.6,591.6,0.0,0.0,0.0
2025-01-03 17:36:00-05:00,591.6,591.6,591.6,591.6,0.0,0.0,0.0
2025-01-03 17:37:00-05:00,591.6,591.6,591.6,591.6,0.0,0.0,0.0
2025-01-03 17:38:00-05:00,591.6,591.6,591.6,591.6,0.0,0.0,0.0
2025-01-03 17:39:00-05:00,591.6,591.6,591.6,591.6,0.0,0.0,0.0
2025-01-03 17:40:00-05:00,591.6,591.6,591.6,591.6,0.0,0.0,0.0
2025-01-03 17:41:00-05:00,591.58,591.58,591.58,591.58,482.0,12.0,591.6031
2025-01-03 17:42:00-05:00,591.58,591.58,591.58,591.58,0.0,0.0,0.0
2025-01-03 17:43:00-05:00,591.58,591.58,591.58,591.58,0.0,0.0,0.0
2025-01-03 17:44:00-05:00,591.58,591.58,591.58,591.58,0.0,0.0,0.0
2025-01-03 17:45:00-05:00,591.58,591.58,591.58,591.58,0.0,0.0,0.0
2025-01-03 17:46:00-05:00,591.58,591.58,591.58,591.58,0.0,0.0,0.0
2025-01-03 17:47:00-05:00,591.6225,591.6225,591.6225,591.6225,315.0,12.0,591.6274
2025-01-03 17:48:00-05:00,591.6225,591.6225,591.6225,591.6225,0.0,0.0,0.0
2025-01-03 17:49:00-05:00,591.6225,591.6225,591.6225,591.6225,0.0,0.0,0.0
2025-01-03 17:50:00-05:00,591.66,591.66,591.66,591.66,554.0,18.0,591.6552
2025-01-03 17:51:00-05:00,591.62,591.62,591.62,591.62,292.0,10.0,591.6237
2025-01-03 17:52:00-05:00,591.62,591.62,591.62,591.62,0.0,0.0,0.0
2025-01-03 17:53:00-05:00,591.62,591.62,591.62,591.62,0.0,0.0,0.0
2025-01-03 17:54:00-05:00,591.62,591.62,591.62,591.62,0.0,0.0,0.0
2025-01-03 17:55:00-05:00,591.62,591.62,591.62,591.62,0.0,0.0,0.0
2025-01-03 17:56:00-05:00,591.62,591.62,591.62,591.62,0.0,0.0,0.0
2025-01-03 17:57:00-05:00,591.62,591.62,591.62,591.62,0.0,0.0,0.0
2025-01-03 17:58:00-05:00,591.62,591.62,591.62,591.62,0.0,0.0,0.0
2025-01-03 17:59:00-05:00,591.62,591.62,591.62,591.62,0.0,0.0,0.0
2025-01-03 18:00:00-05:00,591.72,591.72,591.72,591.72,186.0,18.0,591.7282
2025-01-03 18:01:00-05:00,591.72,591.72,591.72,591.72,0.0,0.0,0.0
2025-01-03 18:02:00-05:00,591.72,591.72,591.72,591.72,0.0,0.0,0.0
2025-01-03 18:03:00-05:00,591.72,591.72,591.72,591.72,0.0,0.0,0.0
2025-01-03 18:04:00-05:00,591.76,591.76,591.76,591.76,349.0,12.0,591.7598
2025-01-03 18:05:00-05:00,591.76,591.76,591.76,591.76,0.0,0.0,0.0
2025-01-03 18:06:00-05:00,591.75,591.76,591.75,591.76,2457.0,132.0,591.759
2025-01-03 18:07:00-05:00,591.79,591.8,591.79,591.8,5037.0,127.0,591.7988
2025-01-03 18:08:00-05:00,591.8,591.8,591.8,591.8,0.0,0.0,0.0
2025-01-03 18:09:00-05:00,591.8,591.8,591.8,591.8,0.0,0.0,0.0
2025-01-03 18:10:00-05:00,591.78,591.78,591.72,591.72,807.0,23.0,591.7286
2025-01-03 18:11:00-05:00,591.71,591.72,591.71,591.72,1633.0,20.0,591.7167
2025-01-03 18:12:00-05:00,591.72,591.72,591.72,591.72,0.0,0.0,0.0
2025-01-03 18:13:00-05:00,591.72,591.72,591.72,591.72,591.0,17.0,591.7161
2025-01-03 18:14:00-05:00,591.72,591.72,591.72,591.72,0.0,0.0,0.0
2025-01-03 18:15:00-05:00,591.72,591.72,591.72,591.72,0.0,0.0,0.0
2025-01-03 18:16:00-05:00,591.72,591.72,591.72,591.72,0.0,0.0,0.0
2025-01-03 18:17:00-05:00,591.72,591.72,591.72,591.72,0.0,0.0,0.0
2025-01-03 18:18:00-05:00,591.72,591.72,591.72,591.72,0.0,0.0,0.0
2025-01-03 18:19:00-05:00,591.72,591.72,591.72,591.72,0.0,0.0,0.0
2025-01-03 18:20:00-05:00,591.72,591.72,591.72,591.72,0.0,0.0,0.0
2025-01-03 18:21:00-05:00,591.63,591.63,591.63,591.63,223.0,9.0,591.6572
2025-01-03 18:22:00-05:00,591.63,591.63,591.63,591.63,0.0,0.0,0.0
2025-01-03 18:23:00-05:00,591.72,591.72,591.72,591.72,1257.0,9.0,591.7187
2025-01-03 18:24:00-05:00,591.72,591.72,591.72,591.72,0.0,0.0,0.0
2025-01-03 18:25:00-05:00,591.72,591.72,591.72,591.72,1486.0,15.0,591.7198
2025-01-03 18:26:00-05:00,591.72,591.72,591.72,591.72,2196.0,13.0,591.72
2025-01-03 18:27:00-05:00,591.72,591.72,591.72,591.72,0.0,0.0,0.0
2025-01-03 18:28:00-05:00,591.72,591.72,591.72,591.72,0.0,0.0,0.0
2025-01-03 18:29:00-05:00,591.72,591.72,591.72,591.72,216.0,8.0,591.7184
2025-01-03 18:30:00-05:00,591.72,591.72,591.72,591.72,0.0,0.0,0.0
2025-01-03 18:31:00-05:00,591.72,591.72,591.72,591.72,0.0,0.0,0.0
2025-01-03 18:32:00-05:00,591.72,591.82,591.72,591.82,2499.0,24.0,591.7312
2025-01-03 18:33:00-05:00,591.82,591.83,591.82,591.83,439.0,13.0,591.8207
2025-01-03 18:34:00-05:00,591.83,591.83,591.83,591.83,0.0,0.0,0.0
2025-01-03 18:35:00-05:00,591.8295,591.87,591.8295,591.87,3535.0,38.0,591.8451
2025-01-03 18:36:00-05:00,591.87,591.9,591.82,591.82,1421.0,16.0,591.8691
2025-01-03 18:37:00-05:00,591.82,591.82,591.82,591.82,0.0,0.0,0.0
2025-01-03 18:38:00-05:00,591.82,591.82,591.82,591.82,0.0,0.0,0.0
2025-01-03 18:39:00-05:00,591.82,591.82,591.82,591.82,0.0,0.0,0.0
2025-01-03 18:40:00-05:00,591.8215,591.8215,591.8215,591.8215,117.0,8.0,591.8239
2025-01-03 18:41:00-05:00,591.8215,591.8215,591.8215,591.8215,0.0,0.0,0.0
2025-01-03 18:42:00-05:00,591.8215,591.8215,591.8215,591.8215,0.0,0.0,0.0
2025-01-03 18:43:00-05:00,591.8215,591.8215,591.8215,591.8215,0.0,0.0,0.0
2025-01-03 18:44:00-05:00,591.91,591.91,591.91,591.91,276.0,11.0,591.9083
2025-01-03 18:45:00-05:00,591.91,591.91,591.91,591.91,0.0,0.0,0.0
2025-01-03 18:46:00-05:00,591.91,591.91,591.91,591.91,0.0,0.0,0.0
2025-01-03 18:47:00-05:00,591.91,591.91,591.91,591.91,0.0,0.0,0.0
2025-01-03 18:48:00-05:00,591.82,591.82,591.82,591.82,110.0,9.0,591.824
2025-01-03 18:49:00-05:00,591.82,591.82,591.82,591.82,0.0,0.0,0.0
2025-01-03 18:50:00-05:00,591.8999,591.8999,591.8999,591.8999,214.0,6.0,591.8992
2025-01-03 18:51:00-05:00,591.89,591.89,591.89,591.89,430.0,8.0,591.8897
2025-01-03 18:52:00-05:00,591.826,591.826,591.826,591.826,226.0,10.0,591.8282
2025-01-03 18:53:00-05:00,591.85,591.85,591.85,591.85,524.0,16.0,591.8516
2025-01-03 18:54:00-05:00,591.85,591.85,591.85,591.85,0.0,0.0,0.0
2025-01-03 18:55:00-05:00,591.85,591.85,591.85,591.85,0.0,0.0,0.0
2025-01-03 18:56:00-05:00,591.85,591.85,591.85,591.85,0.0,0.0,0.0
2025-01-03 18:57:00-05:00,591.85,591.85,591.85,591.85,0.0,0.0,0.0
2025-01-03 18:58:00-05:00,591.85,591.85,591.85,591.85,0.0,0.0,0.0
2025-01-03 18:59:00-05:00,591.84,591.84,591.84,591.84,218.0,13.0,591.8423
2025-01-03 19:00:00-05:00,591.84,591.84,591.84,591.84,0.0,0.0,0.0
2025-01-03 19:01:00-05:00,591.9,591.9,591.9,591.9,490.0,18.0,591.9006
2025-01-03 19:02:00-05:00,591.9,591.9,591.9,591.9,0.0,0.0,0.0
2025-01-03 19:03:00-05:00,591.9,591.9,591.9,591.9,0.0,0.0,0.0
2025-01-03 19:04:00-05:00,591.9,591.9,591.9,591.9,0.0,0.0,0.0
2025-01-03 19:05:00-05:00,591.9,591.9,591.9,591.9,0.0,0.0,0.0
2025-01-03 19:06:00-05:00,591.87,591.87,591.86,591.86,697.0,17.0,591.879
2025-01-03 19:07:00-05:00,591.87,591.87,591.87,591.87,114.0,13.0,591.8773
2025-01-03 19:08:00-05:00,591.91,591.93,591.8701,591.8701,660.0,12.0,591.8992
2025-01-03 19:09:00-05:00,591.8701,591.8701,591.8701,591.8701,0.0,0.0,0.0
2025-01-03 19:10:00-05:00,591.8703,591.8703,591.8703,591.8703,235.0,17.0,591.889
2025-01-03 19:11:00-05:00,591.8703,591.8703,591.8703,591.8703,0.0,0.0,0.0
2025-01-03 19:12:00-05:00,591.91,591.91,591.91,591.91,134.0,10.0,591.91
2025-01-03 19:13:00-05:00,591.86,591.95,591.86,591.95,1739.0,13.0,591.8675
2025-01-03 19:14:00-05:00,591.9,591.9,591.9,591.9,1097.0,17.0,591.9004
2025-01-03 19:15:00-05:00,591.9,591.9,591.9,591.9,1067.0,13.0,591.9023
2025-01-03 19:16:00-05:00,591.9,591.9,591.9,591.9,0.0,0.0,0.0
2025-01-03 19:17:00-05:00,591.9,591.9,591.9,591.9,0.0,0.0,0.0
2025-01-03 19:18:00-05:00,591.9,591.9,591.9,591.9,0.0,0.0,0.0
2025-01-03 19:19:00-05:00,591.93,591.93,591.93,591.93,709.0,10.0,591.9296
2025-01-03 19:20:00-05:00,591.93,591.93,591.93,591.93,0.0,0.0,0.0
2025-01-03 19:21:00-05:00,591.93,591.93,591.93,591.93,0.0,0.0,0.0
2025-01-03 19:22:00-05:00,591.93,591.95,591.93,591.95,5011.0,25.0,591.9453
2025-01-03 19:23:00-05:00,591.95,591.95,591.95,591.95,1145.0,16.0,591.9499
2025-01-03 19:24:00-05:00,591.95,591.95,591.95,591.95,432.0,14.0,591.9516
2025-01-03 19:25:00-05:00,591.95,591.95,591.95,591.95,0.0,0.0,0.0
2025-01-03 19:26:00-05:00,591.93,591.93,591.93,591.93,349.0,9.0,591.931
2025-01-03 19:27:00-05:00,591.93,591.93,591.93,591.93,1026.0,5.0,591.931
2025-01-03 19:28:00-05:00,591.95,591.95,591.93,591.93,271.0,8.0,591.938
2025-01-03 19:29:00-05:00,591.93,591.93,591.93,591.93,151.0,13.0,591.9352
2025-01-03 19:30:00-05:00,591.93,591.93,591.93,591.93,0.0,0.0,0.0
2025-01-03 19:31:00-05:00,591.93,591.93,591.93,591.93,0.0,0.0,0.0
2025-01-03 19:32:00-05:00,591.96,591.9851,591.96,591.9851,352.0,16.0,591.9642
2025-01-03 19:33:00-05:00,591.9851,591.9851,591.9851,591.9851,0.0,0.0,0.0
2025-01-03 19:34:00-05:00,591.91,591.91,591.91,591.91,229.0,17.0,591.9185
2025-01-03 19:35:00-05:00,591.91,591.91,591.91,591.91,0.0,0.0,0.0
2025-01-03 19:36:00-05:00,591.9,591.9,591.9,591.9,296.0,19.0,591.9125
2025-01-03 19:37:00-05:00,591.9,591.9,591.9,591.9,0.0,0.0,0.0
2025-01-03 19:38:00-05:00,591.9,591.9,591.87,591.87,559.0,19.0,591.9064
2025-01-03 19:39:00-05:00,591.87,591.87,591.87,591.87,623.0,19.0,591.8831
2025-01-03 19:40:00-05:00,591.95,591.95,591.91,591.91,619.0,25.0,591.9228
2025-01-03 19:41:00-05:00,591.91,591.91,591.91,591.91,0.0,0.0,0.0
2025-01-03 19:42:00-05:00,591.89,591.89,591.87,591.87,608.0,21.0,591.8829
2025-01-03 19:43:00-05:00,591.96,591.96,591.88,591.88,589.0,20.0,591.9176
2025-01-03 19:44:00-05:00,591.88,591.88,591.88,591.88,0.0,0.0,0.0
2025-01-03 19:45:00-05:00,591.88,591.88,591.88,591.88,0.0,0.0,0.0
2025-01-03 19:46:00-05:00,591.9874,591.9874,591.92,591.92,618.0,24.0,591.9502
2025-01-03 19:47:00-05:00,591.93,591.98,591.93,591.98,1092.0,36.0,591.9741
2025-01-03 19:48:00-05:00,592.0,592.0,591.99,591.99,812.0,20.0,591.9969
2025-01-03 19:49:00-05:00,591.99,591.99,591.99,591.99,0.0,0.0,0.0
2025-01-03 19:50:00-05:00,592.0,592.0,592.0,592.0,970.0,50.0,592.0344
2025-01-03 19:51:00-05:00,592.0,592.0,591.94,592.0,955.0,20.0,591.995
2025-01-03 19:52:00-05:00,591.99,592.0,591.99,592.0,1204.0,26.0,591.9953
2025-01-03 19:53:00-05:00,592.0,592.0,591.96,591.96,527.0,23.0,591.9745
2025-01-03 19:54:00-05:00,591.96,591.96,591.96,591.96,0.0,0.0,0.0
2025-01-03 19:55:00-05:00,591.96,591.96,591.96,591.96,0.0,0.0,0.0
2025-01-03 19:56:00-05:00,592.02,592.02,591.95,591.95,884.0,22.0,591.9988
2025-01-03 19:57:00-05:00,591.95,591.95,591.95,591.95,467.0,34.0,591.9682
2025-01-03 19:58:00-05:00,592.0,592.0,591.96,592.0,854.0,23.0,591.9948
2025-01-03 19:59:00-05:00,592.03,592.07,592.02,592.0401,2873.0,45.0,592.0359
2025-01-06 04:00:00-05:00,593.73,593.91,593.73,593.91,2438.0,71.0,593.7016
2025-01-06 04:01:00-05:00,594.0,594.1,593.99,594.04,3506.0,74.0,594.0267
2025-01-06 04:02:00-05:00,594.19,594.19,594.19,594.19,760.0,26.0,594.1687
2025-01-06 04:03:00-05:00,594.06,594.06,594.06,594.06,294.0,11.0,594.0639
2025-01-06 04:04:00-05:00,594.06,594.06,594.06,594.06,790.0,25.0,594.0738
2025-01-06 04:05:00-05:00,594.0,594.0,593.97,593.97,2420.0,33.0,594.0055
2025-01-06 04:06:00-05:00,594.0,594.0,594.0,594.0,422.0,12.0,593.999
2025-01-06 04:07:00-05:00,594.02,594.02,594.02,594.02,403.0,36.0,594.0312
2025-01-06 04:08:00-05:00,594.02,594.02,594.02,594.02,0.0,0.0,0.0
2025-01-06 04:09:00-05:00,594.07,594.07,594.07,594.07,485.0,24.0,594.0734
2025-01-06 04:10:00-05:00,594.2,594.2,594.1,594.1,714.0,29.0,594.1322
2025-01-06 04:11:00-05:00,594.1,594.1,594.1,594.1,432.0,14.0,594.1077
2025-01-06 04:12:00-05:00,594.1,594.1,594.1,594.1,0.0,0.0,0.0
2025-01-06 04:13:00-05:00,594.19,594.22,594.19,594.22,615.0,20.0,594.2078
2025-01-06 04:14:00-05:00,594.21,594.21,594.21,594.21,940.0,39.0,594.1914
2025-01-06 04:15:00-05:00,594.16,594.16,594.16,594.16,844.0,28.0,594.1411
2025-01-06 04:16:00-05:00,594.07,594.16,594.06,594.16,2471.0,25.0,594.1133
2025-01-06 04:17:00-05:00,594.13,594.13,594.1,594.1,542.0,15.0,594.1167
2025-01-06 04:18:00-05:00,594.1,594.1,594.1,594.1,0.0,0.0,0.0
2025-01-06 04:19:00-05:00,594.1,594.1,594.1,594.1,0.0,0.0,0.0
2025-01-06 04:20:00-05:00,594.17,594.17,594.17,594.17,244.0,15.0,594.1297
2025-01-06 04:21:00-05:00,594.17,594.17,594.17,594.17,0.0,0.0,0.0
2025-01-06 04:22:00-05:00,594.2,594.34,594.2,594.21,5606.0,45.0,594.292
2025-01-06 04:23:00-05:00,594.2,594.29,594.2,594.29,2908.0,42.0,594.209
2025-01-06 04:24:00-05:00,594.29,594.29,594.29,594.29,0.0,0.0,0.0
2025-01-06 04:25:00-05:00,594.28,594.28,594.28,594.28,390.0,13.0,594.2548
2025-01-06 04:26:00-05:00,594.19,594.25,594.19,594.25,309.0,10.0,594.2277
2025-01-06 04:27:00-05:00,594.25,594.25,594.25,594.25,0.0,0.0,0.0
2025-01-06 04:28:00-05:00,594.25,594.25,594.12,594.12,1656.0,23.0,594.2039
2025-01-06 04:29:00-05:00,594.14,594.14,594.14,594.14,1048.0,9.0,594.1397
2025-01-06 04:30:00-05:00,594.14,594.14,594.14,594.14,0.0,0.0,0.0
2025-01-06 04:31:00-05:00,594.22,594.22,594.22,594.22,296.0,11.0,594.1951
2025-01-06 04:32:00-05:00,594.22,594.22,594.22,594.22,0.0,0.0,0.0
2025-01-06 04:33:00-05:00,594.22,594.22,594.22,594.22,0.0,0.0,0.0
2025-01-06 04:34:00-05:00,594.22,594.22,594.22,594.22,0.0,0.0,0.0
2025-01-06 04:35:00-05:00,594.37,594.37,594.37,594.37,1114.0,11.0,594.3692
2025-01-06 04:36:00-05:00,594.37,594.37,594.37,594.37,0.0,0.0,0.0
2025-01-06 04:37:00-05:00,594.37,594.37,594.37,594.37,0.0,0.0,0.0
2025-01-06 04:38:00-05:00,594.35,594.35,594.35,594.35,135.0,7.0,594.3506
2025-01-06 04:39:00-05:00,594.17,594.17,594.16,594.16,496.0,11.0,594.159
2025-01-06 04:40:00-05:00,594.16,594.16,594.16,594.16,0.0,0.0,0.0
2025-01-06 04:41:00-05:00,594.16,594.16,594.16,594.16,0.0,0.0,0.0
2025-01-06 04:42:00-05:00,594.29,594.29,594.29,594.29,382.0,6.0,594.2884
2025-01-06 04:43:00-05:00,594.29,594.29,594.29,594.29,0.0,0.0,0.0
2025-01-06 04:44:00-05:00,594.34,594.34,594.34,594.34,818.0,15.0,594.3476
2025-01-06 04:45:00-05:00,594.34,594.34,594.34,594.34,0.0,0.0,0.0
2025-01-06 04:46:00-05:00,594.34,594.34,594.34,594.34,0.0,0.0,0.0
2025-01-06 04:47:00-05:00,594.34,594.34,594.34,594.34,0.0,0.0,0.0
2025-01-06 04:48:00-05:00,594.34,594.34,594.34,594.34,0.0,0.0,0.0
2025-01-06 04:49:00-05:00,594.55,594.55,594.49,594.49,694.0,7.0,594.4979
2025-01-06 04:50:00-05:00,594.49,594.49,594.49,594.49,0.0,0.0,0.0
2025-01-06 04:51:00-05:00,594.49,594.49,594.49,594.49,0.0,0.0,0.0
2025-01-06 04:52:00-05:00,594.49,594.49,594.49,594.49,0.0,0.0,0.0
2025-01-06 04:53:00-05:00,594.59,594.64,594.59,594.64,682.0,7.0,594.6025
2025-01-06 04:54:00-05:00,594.66,594.66,594.66,594.66,2092.0,29.0,594.6592
2025-01-06 04:55:00-05:00,594.66,594.66,594.66,594.66,0.0,0.0,0.0
2025-01-06 04:56:00-05:00,594.65,594.67,594.65,594.67,1575.0,17.0,594.6567
2025-01-06 04:57:00-05:00,594.65,594.65,594.65,594.65,243.0,9.0,594.6438
2025-01-06 04:58:00-05:00,594.71,594.71,594.71,594.71,1139.0,80.0,594.7189
2025-01-06 04:59:00-05:00,594.78,594.79,594.78,594.78,1342.0,16.0,594.7778
2025-01-06 05:00:00-05:00,594.77,594.77,594.77,594.77,447.0,31.0,594.7545
2025-01-06 05:01:00-05:00,594.77,594.77,594.77,594.77,0.0,0.0,0.0
2025-01-06 05:02:00-05:00,594.77,594.77,594.77,594.77,0.0,0.0,0.0
2025-01-06 05:03:00-05:00,594.55,594.55,594.55,594.55,368.0,16.0,594.5636
2025-01-06 05:04:00-05:00,594.53,594.59,594.53,594.59,739.0,13.0,594.5652
2025-01-06 05:05:00-05:00,594.59,594.59,594.59,594.59,0.0,0.0,0.0
2025-01-06 05:06:00-05:00,594.7,594.7,594.7,594.7,217.0,5.0,594.6887
2025-01-06 05:07:00-05:00,594.7,594.7,594.7,594.7,0.0,0.0,0.0
2025-01-06 05:08:00-05:00,594.7,594.7,594.7,594.7,0.0,0.0,0.0
2025-01-06 05:09:00-05:00,594.7,594.7,594.7,594.7,0.0,0.0,0.0
2025-01-06 05:10:00-05:00,594.7,594.7,594.7,594.7,0.0,0.0,0.0
2025-01-06 05:11:00-05:00,594.69,594.69,594.69,594.69,168.0,10.0,594.719
2025-01-06 05:12:00-05:00,594.74,594.74,594.7,594.7,762.0,14.0,594.7398
2025-01-06 05:13:00-05:00,594.7,594.7,594.7,594.7,0.0,0.0,0.0
2025-01-06 05:14:00-05:00,594.82,594.82,594.82,594.82,458.0,16.0,594.843
2025-01-06 05:15:00-05:00,594.75,594.75,594.75,594.75,727.0,13.0,594.7557
2025-01-06 05:16:00-05:00,594.75,594.75,594.75,594.75,0.0,0.0,0.0
2025-01-06 05:17:00-05:00,594.75,594.75,594.75,594.75,0.0,0.0,0.0
2025-01-06 05:18:00-05:00,594.75,594.75,594.75,594.75,0.0,0.0,0.0
2025-01-06 05:19:00-05:00,595.0,595.21,595.0,595.14,5430.0,94.0,595.0549
2025-01-06 05:20:00-05:00,595.14,595.14,595.14,595.14,0.0,0.0,0.0
2025-01-06 05:21:00-05:00,594.96,595.09,594.94,595.09,1546.0,17.0,595.0385
2025-01-06 05:22:00-05:00,595.09,595.09,595.09,595.09,0.0,0.0,0.0
2025-01-06 05:23:00-05:00,595.09,595.09,595.09,595.09,0.0,0.0,0.0
2025-01-06 05:24:00-05:00,595.09,595.09,595.09,595.09,0.0,0.0,0.0
2025-01-06 05:25:00-05:00,595.09,595.09,595.09,595.09,0.0,0.0,0.0
2025-01-06 05:26:00-05:00,595.0,595.0,594.93,594.93,917.0,37.0,594.9863
2025-01-06 05:27:00-05:00,594.95,594.95,594.95,594.95,358.0,11.0,594.9364
2025-01-06 05:28:00-05:00,594.94,594.94,594.94,594.94,402.0,8.0,594.9394
2025-01-06 05:29:00-05:00,594.94,594.94,594.94,594.94,0.0,0.0,0.0
2025-01-06 05:30:00-05:00,594.85,594.85,594.85,594.85,351.0,21.0,594.8692
2025-01-06 05:31:00-05:00,594.64,594.65,594.63,594.63,895.0,22.0,594.6676
2025-01-06 05:32:00-05:00,594.63,594.63,594.63,594.63,0.0,0.0,0.0
2025-01-06 05:33:00-05:00,594.63,594.63,594.63,594.63,0.0,0.0,0.0
2025-01-06 05:34:00-05:00,594.67,594.77,594.67,594.77,297.0,10.0,594.7185
2025-01-06 05:35:00-05:00,594.78,594.81,594.78,594.81,748.0,20.0,594.7828
2025-01-06 05:36:00-05:00,594.63,594.63,594.59,594.59,617.0,21.0,594.612
2025-01-06 05:37:00-05:00,594.67,594.81,594.67,594.81,316.0,8.0,594.7589
2025-01-06 05:38:00-05:00,594.81,594.81,594.81,594.81,0.0,0.0,0.0
2025-01-06 05:39:00-05:00,594.81,594.81,594.81,594.81,0.0,0.0,0.0
2025-01-06 05:40:00-05:00,594.75,594.75,594.75,594.75,278.0,6.0,594.7573
2025-01-06 05:41:00-05:00,594.75,594.75,594.75,594.75,0.0,0.0,0.0
2025-01-06 05:42:00-05:00,594.75,594.75,594.75,594.75,0.0,0.0,0.0
2025-01-06 05:43:00-05:00,594.85,594.85,594.85,594.85,124.0,3.0,594.8498
2025-01-06 05:44:00-05:00,594.81,594.81,594.71,594.71,529.0,14.0,594.7715
2025-01-06 05:45:00-05:00,594.66,594.66,594.59,594.6,1518.0,22.0,594.6256
2025-01-06 05:46:00-05:00,594.61,594.61,594.53,594.53,519.0,16.0,594.56
2025-01-06 05:47:00-05:00,594.53,594.53,594.44,594.46,1395.0,19.0,594.482
2025-01-06 05:48:00-05:00,594.46,594.46,594.46,594.46,0.0,0.0,0.0
2025-01-06 05:49:00-05:00,594.46,594.46,594.46,594.46,0.0,0.0,0.0
2025-01-06 05:50:00-05:00,594.46,594.46,594.46,594.46,0.0,0.0,0.0
2025-01-06 05:51:00-05:00,594.46,594.46,594.46,594.46,0.0,0.0,0.0
2025-01-06 05:52:00-05:00,594.46,594.46,594.46,594.46,0.0,0.0,0.0
2025-01-06 05:53:00-05:00,594.46,594.46,594.46,594.46,0.0,0.0,0.0
2025-01-06 05:54:00-05:00,594.46,594.46,594.46,594.46,0.0,0.0,0.0
2025-01-06 05:55:00-05:00,594.52,594.52,594.52,594.52,208.0,7.0,594.5427
2025-01-06 05:56:00-05:00,594.52,594.52,594.52,594.52,0.0,0.0,0.0
2025-01-06 05:57:00-05:00,594.52,594.52,594.52,594.52,0.0,0.0,0.0
2025-01-06 05:58:00-05:00,594.52,594.52,594.52,594.52,0.0,0.0,0.0
2025-01-06 05:59:00-05:00,594.52,594.52,594.52,594.52,0.0,0.0,0.0
2025-01-06 06:00:00-05:00,594.52,594.52,594.52,594.52,0.0,0.0,0.0
2025-01-06 06:01:00-05:00,594.52,594.52,594.52,594.52,0.0,0.0,0.0
2025-01-06 06:02:00-05:00,594.37,594.37,593.87,593.87,7130.0,109.0,594.0677
2025-01-06 06:03:00-05:00,594.13,594.29,594.13,594.29,1802.0,8.0,594.2747
2025-01-06 06:04:00-05:00,594.29,594.29,594.29,594.29,0.0,0.0,0.0
2025-01-06 06:05:00-05:00,594.34,594.46,594.34,594.46,675.0,6.0,594.3727
2025-01-06 06:06:00-05:00,594.54,594.59,594.54,594.59,722.0,11.0,594.5861
2025-01-06 06:07:00-05:00,594.67,594.67,594.67,594.67,491.0,10.0,594.6569
2025-01-06 06:08:00-05:00,594.51,594.51,594.47,594.47,419.0,15.0,594.4924
2025-01-06 06:09:00-05:00,594.47,594.47,594.47,594.47,0.0,0.0,0.0
2025-01-06 06:10:00-05:00,594.47,594.47,594.47,594.47,0.0,0.0,0.0
2025-01-06 06:11:00-05:00,594.69,594.69,594.69,594.69,337.0,15.0,594.7283
2025-01-06 06:12:00-05:00,594.77,594.77,594.77,594.77,285.0,23.0,594.7011
2025-01-06 06:13:00-05:00,594.77,594.77,594.77,594.77,0.0,0.0,0.0
2025-01-06 06:14:00-05:00,594.77,594.77,594.77,594.77,0.0,0.0,0.0
2025-01-06 06:15:00-05:00,595.05,595.05,595.05,595.05,1365.0,20.0,595.0391
2025-01-06 06:16:00-05:00,594.88,594.88,594.87,594.87,1018.0,26.0,594.8851
2025-01-06 06:17:00-05:00,595.05,595.06,595.04,595.04,1562.0,17.0,595.0473
2025-01-06 06:18:00-05:00,595.02,595.02,594.91,594.98,1767.0,16.0,594.9946
2025-01-06 06:19:00-05:00,595.07,595.09,595.07,595.09,504.0,12.0,595.0814
2025-01-06 06:20:00-05:00,595.12,595.2,595.12,595.16,5751.0,31.0,595.1767
2025-01-06 06:21:00-05:00,595.18,595.18,595.11,595.15,2443.0,26.0,595.1627
2025-01-06 06:22:00-05:00,595.19,595.19,595.19,595.19,505.0,14.0,595.2132
2025-01-06 06:23:00-05:00,595.25,595.28,595.22,595.28,6471.0,37.0,595.2559
2025-01-06 06:24:00-05:00,595.24,595.4,595.22,595.4,2182.0,34.0,595.2882
2025-01-06 06:25:00-05:00,595.64,595.66,595.57,595.57,3597.0,47.0,595.6314
2025-01-06 06:26:00-05:00,595.65,595.77,595.62,595.75,1988.0,30.0,595.6954
2025-01-06 06:27:00-05:00,595.8,595.8,595.8,595.8,663.0,23.0,595.8309
2025-01-06 06:28:00-05:00,595.86,595.87,595.86,595.87,781.0,19.0,595.872
2025-01-06 06:29:00-05:00,595.9,595.9,595.9,595.9,2894.0,27.0,595.8975
2025-01-06 06:30:00-05:00,595.9,596.12,595.9,596.12,8579.0,85.0,595.9898
2025-01-06 06:31:00-05:00,596.1,596.15,596.1,596.14,4798.0,81.0,596.1253
2025-01-06 06:32:00-05:00,596.11,596.17,595.92,595.92,1773.0,29.0,596.0947
2025-01-06 06:33:00-05:00,595.98,595.98,595.91,595.92,1682.0,18.0,595.937
2025-01-06 06:34:00-05:00,595.76,595.83,595.76,595.83,772.0,26.0,595.799
2025-01-06 06:35:00-05:00,595.79,595.79,595.79,595.79,504.0,17.0,595.8089
2025-01-06 06:36:00-05:00,595.79,595.79,595.79,595.79,0.0,0.0,0.0
2025-01-06 06:37:00-05:00,596.06,596.11,596.06,596.11,671.0,21.0,596.0602
2025-01-06 06:38:00-05:00,596.12,596.27,596.12,596.27,1209.0,25.0,596.2082
2025-01-06 06:39:00-05:00,596.18,596.18,596.18,596.18,303.0,25.0,596.1983
2025-01-06 06:40:00-05:00,596.08,596.08,596.08,596.08,370.0,18.0,596.0969
2025-01-06 06:41:00-05:00,596.13,596.13,596.03,596.03,590.0,24.0,596.0599
2025-01-06 06:42:00-05:00,596.04,596.08,596.04,596.05,1609.0,22.0,596.0774
2025-01-06 06:43:00-05:00,596.08,596.08,596.0,596.0,999.0,17.0,596.0319
2025-01-06 06:44:00-05:00,596.0,596.0,596.0,596.0,1097.0,16.0,596.0009
2025-01-06 06:45:00-05:00,596.0,596.0,596.0,596.0,1853.0,20.0,596.0018
2025-01-06 06:46:00-05:00,596.04,596.04,596.0,596.0,504.0,6.0,596.0242
2025-01-06 06:47:00-05:00,596.03,596.03,596.03,596.03,274.0,17.0,596.0814
2025-01-06 06:48:00-05:00,595.98,595.98,595.91,595.92,1369.0,19.0,595.9435
2025-01-06 06:49:00-05:00,595.96,596.0,595.81,595.86,16730.0,47.0,595.9499
2025-01-06 06:50:00-05:00,595.8,595.8,595.7,595.7,657.0,14.0,595.7302
2025-01-06 06:51:00-05:00,595.78,595.78,595.71,595.71,688.0,14.0,595.7196
2025-01-06 06:52:00-05:00,595.95,595.95,595.95,595.95,414.0,18.0,595.8825
2025-01-06 06:53:00-05:00,595.93,595.95,595.92,595.92,3528.0,25.0,595.9397
2025-01-06 06:54:00-05:00,595.96,596.11,595.96,596.11,1039.0,19.0,596.0054
2025-01-06 06:55:00-05:00,596.2,596.2,596.16,596.16,586.0,13.0,596.1909
2025-01-06 06:56:00-05:00,596.16,596.16,596.16,596.16,0.0,0.0,0.0
2025-01-06 06:57:00-05:00,596.16,596.16,596.16,596.16,0.0,0.0,0.0
2025-01-06 06:58:00-05:00,596.14,596.14,596.14,596.14,272.0,10.0,596.1164
2025-01-06 06:59:00-05:00,596.15,596.19,596.15,596.19,2331.0,34.0,596.1654
2025-01-06 07:00:00-05:00,596.24,596.34,596.2,596.291,4269.0,113.0,596.2696
2025-01-06 07:01:00-05:00,596.33,596.35,596.18,596.18,4317.0,68.0,596.3233
2025-01-06 07:02:00-05:00,596.2,596.25,596.2,596.25,4391.0,59.0,596.2393
2025-01-06 07:03:00-05:00,596.27,596.34,596.02,596.25,37500.0,159.0,596.1498
2025-01-06 07:04:00-05:00,596.25,596.29,596.24,596.29,2581.0,17.0,596.2506
2025-01-06 07:05:00-05:00,596.29,596.29,596.15,596.16,2238.0,34.0,596.2077
2025-01-06 07:06:00-05:00,596.211,596.3,596.211,596.29,1332.0,28.0,596.2793
2025-01-06 07:07:00-05:00,596.21,596.22,596.131,596.131,3244.0,53.0,596.1927
2025-01-06 07:08:00-05:00,596.15,596.18,596.121,596.121,1697.0,30.0,596.1524
2025-01-06 07:09:00-05:00,596.04,596.06,596.01,596.01,1451.0,28.0,596.0344
2025-01-06 07:10:00-05:00,596.0,596.03,596.0,596.03,2345.0,47.0,596.016
2025-01-06 07:11:00-05:00,595.99,596.03,595.92,595.93,11411.0,100.0,595.9695
2025-01-06 07:12:00-05:00,595.96,595.96,595.86,595.87,964.0,23.0,595.9204
2025-01-06 07:13:00-05:00,595.86,595.94,595.86,595.94,480.0,23.0,595.9044
2025-01-06 07:14:00-05:00,596.05,596.07,595.97,595.97,1175.0,24.0,596.0487
2025-01-06 07:15:00-05:00,596.04,596.15,596.04,596.15,1581.0,21.0,596.0806
2025-01-06 07:16:00-05:00,596.22,596.23,596.04,596.04,1594.0,31.0,596.1821
2025-01-06 07:17:00-05:00,596.02,596.02,596.02,596.02,283.0,14.0,596.0235
2025-01-06 07:18:00-05:00,596.09,596.09,595.9,595.9,1158.0,41.0,595.9595
2025-01-06 07:19:00-05:00,595.91,596.07,595.91,596.07,1271.0,23.0,595.947
2025-01-06 07:20:00-05:00,596.115,596.125,596.06,596.09,1174.0,31.0,596.0949
2025-01-06 07:21:00-05:00,596.06,596.06,596.0,596.0,879.0,29.0,596.02
2025-01-06 07:22:00-05:00,596.0,596.175,595.96,596.175,2759.0,47.0,596.0253
2025-01-06 07:23:00-05:00,596.131,596.21,596.09,596.14,5179.0,44.0,596.173
2025-01-06 07:24:00-05:00,596.21,596.31,596.18,596.295,3772.0,41.0,596.2617
2025-01-06 07:25:00-05:00,596.3,596.31,596.191,596.23,4161.0,34.0,596.2727
2025-01-06 07:26:00-05:00,596.3,596.35,596.29,596.35,6393.0,55.0,596.3317
2025-01-06 07:27:00-05:00,596.27,596.27,596.16,596.16,968.0,28.0,596.2265
2025-01-06 07:28:00-05:00,596.12,596.2,596.11,596.16,2014.0,35.0,596.139
2025-01-06 07:29:00-05:00,596.22,596.27,596.2,596.27,2099.0,42.0,596.2391
2025-01-06 07:30:00-05:00,596.23,596.341,596.22,596.33,12561.0,79.0,596.2539
2025-01-06 07:31:00-05:00,596.32,596.32,596.28,596.28,2105.0,45.0,596.2927
2025-01-06 07:32:00-05:00,596.19,596.19,596.13,596.13,1630.0,29.0,596.1617
2025-01-06 07:33:00-05:00,596.07,596.07,596.07,596.07,404.0,21.0,596.0896
2025-01-06 07:34:00-05:00,596.14,596.15,596.14,596.15,3083.0,47.0,596.1442
2025-01-06 07:35:00-05:00,596.05,596.05,596.05,596.05,765.0,25.0,596.0728
2025-01-06 07:36:00-05:00,596.05,596.05,596.05,596.05,0.0,0.0,0.0
2025-01-06 07:37:00-05:00,596.05,596.05,596.05,596.05,0.0,0.0,0.0
2025-01-06 07:38:00-05:00,596.24,596.24,596.24,596.24,560.0,21.0,596.244
2025-01-06 07:39:00-05:00,596.3,596.34,596.28,596.29,4592.0,53.0,596.2938
2025-01-06 07:40:00-05:00,596.36,596.37,596.29,596.35,3335.0,44.0,596.3484
2025-01-06 07:41:00-05:00,596.35,596.35,596.35,596.35,0.0,0.0,0.0
2025-01-06 07:42:00-05:00,596.35,596.36,596.35,596.36,594.0,24.0,596.3509
2025-01-06 07:43:00-05:00,596.35,596.4,596.341,596.4,1362.0,43.0,596.357
2025-01-06 07:44:00-05:00,596.42,596.42,596.41,596.41,589.0,23.0,596.4238
2025-01-06 07:45:00-05:00,596.48,596.5,596.43,596.48,1535.0,40.0,596.4766
2025-01-06 07:46:00-05:00,596.53,596.78,596.48,596.78,4097.0,69.0,596.5675
2025-01-06 07:47:00-05:00,596.78,596.94,596.78,596.85,7279.0,76.0,596.8825
2025-01-06 07:48:00-05:00,596.83,596.95,596.83,596.95,1202.0,53.0,596.8794
2025-01-06 07:49:00-05:00,596.85,596.92,596.84,596.84,3168.0,68.0,596.8722
2025-01-06 07:50:00-05:00,596.87,596.88,596.86,596.86,2131.0,60.0,596.8641
2025-01-06 07:51:00-05:00,596.87,596.92,596.87,596.92,4377.0,78.0,596.8903
2025-01-06 07:52:00-05:00,596.95,596.95,596.77,596.9,22576.0,196.0,596.8311
2025-01-06 07:53:00-05:00,596.82,596.82,596.66,596.66,1272.0,35.0,596.7653
2025-01-06 07:54:00-05:00,596.62,596.62,596.55,596.59,1077.0,56.0,596.593
2025-01-06 07:55:00-05:00,596.611,596.611,596.5,596.5,3216.0,55.0,596.5604
2025-01-06 07:56:00-05:00,596.45,596.45,596.45,596.45,359.0,31.0,596.464
2025-01-06 07:57:00-05:00,596.44,596.54,596.44,596.53,3159.0,49.0,596.4855
2025-01-06 07:58:00-05:00,596.54,596.54,596.43,596.46,2490.0,66.0,596.475
2025-01-06 07:59:00-05:00,596.47,596.5,596.47,596.5,1275.0,32.0,596.4731
2025-01-06 08:00:00-05:00,596.23,596.88,591.89,596.45,71405.0,1110.0,595.3657
2025-01-06 08:01:00-05:00,596.45,596.46,596.37,596.37,13920.0,423.0,596.133
2025-01-06 08:02:00-05:00,596.39,596.41,596.38,596.39,2051.0,68.0,596.372
2025-01-06 08:03:00-05:00,596.46,596.46,596.46,596.46,476.0,57.0,596.1867
2025-01-06 08:04:00-05:00,596.57,596.57,596.57,596.57,398.0,43.0,596.5778
2025-01-06 08:05:00-05:00,596.55,596.55,596.55,596.55,628.0,55.0,596.5022
2025-01-06 08:06:00-05:00,596.47,596.48,596.46,596.48,9964.0,78.0,596.4708
2025-01-06 08:07:00-05:00,596.5,596.52,596.5,596.52,3943.0,66.0,596.5088
2025-01-06 08:08:00-05:00,596.5401,596.59,596.54,596.55,6986.0,56.0,596.5675
2025-01-06 08:09:00-05:00,596.6,596.66,596.57,596.57,12301.0,142.0,596.6197
2025-01-06 08:10:00-05:00,596.57,596.57,596.53,596.53,1510.0,64.0,596.5584
2025-01-06 08:11:00-05:00,596.53,596.53,596.53,596.53,508.0,60.0,596.5255
2025-01-06 08:12:00-05:00,596.33,596.41,596.33,596.34,2702.0,93.0,596.3587
2025-01-06 08:13:00-05:00,596.35,596.37,596.32,596.34,2464.0,93.0,596.3379
2025-01-06 08:14:00-05:00,596.33,596.3842,596.33,596.3842,1819.0,79.0,596.3418
2025-01-06 08:15:00-05:00,596.31,596.3499,596.27,596.32,4479.0,138.0,596.3122
2025-01-06 08:16:00-05:00,596.27,596.35,596.26,596.35,2605.0,107.0,596.2933
2025-01-06 08:17:00-05:00,596.2759,596.39,596.2759,596.34,1579.0,89.0,596.3285
2025-01-06 08:18:00-05:00,596.31,596.31,596.31,596.31,1201.0,87.0,596.3091
2025-01-06 08:19:00-05:00,596.41,596.41,596.41,596.41,1506.0,83.0,596.3829
2025-01-06 08:20:00-05:00,596.36,596.36,596.36,596.36,967.0,69.0,596.4005
2025-01-06 08:21:00-05:00,596.32,596.4,596.32,596.4,1440.0,84.0,596.379
2025-01-06 08:22:00-05:00,596.39,596.39,596.39,596.39,1264.0,83.0,596.3589
2025-01-06 08:23:00-05:00,596.36,596.46,596.36,596.41,1261.0,79.0,596.3928
2025-01-06 08:24:00-05:00,596.41,596.41,596.41,596.41,0.0,0.0,0.0
2025-01-06 08:25:00-05:00,596.41,596.41,596.41,596.41,0.0,0.0,0.0
2025-01-06 08:26:00-05:00,596.45,596.51,596.45,596.51,1633.0,76.0,596.4998
2025-01-06 08:27:00-05:00,596.48,596.48,596.48,596.48,1548.0,124.0,596.5043
2025-01-06 08:28:00-05:00,596.55,596.55,596.55,596.55,819.0,65.0,596.5424
2025-01-06 08:29:00-05:00,596.56,596.5855,596.56,596.58,1337.0,96.0,596.5671
2025-01-06 08:30:00-05:00,596.58,596.69,596.58,596.69,4344.0,108.0,596.6332
2025-01-06 08:31:00-05:00,596.44,596.52,596.43,596.5,10049.0,125.0,596.4595
2025-01-06 08:32:00-05:00,596.53,596.57,596.53,596.57,871.0,70.0,596.541
2025-01-06 08:33:00-05:00,596.67,596.67,596.67,596.67,1431.0,70.0,596.6569
2025-01-06 08:34:00-05:00,596.56,596.56,596.5598,596.5598,490.0,48.0,596.5761
2025-01-06 08:35:00-05:00,596.53,596.58,596.53,596.57,1285.0,56.0,596.5555
2025-01-06 08:36:00-05:00,596.59,596.65,596.58,596.64,2396.0,84.0,596.626
2025-01-06 08:37:00-05:00,596.69,596.69,596.6501,596.6501,1241.0,56.0,596.6556
2025-01-06 08:38:00-05:00,596.6,596.6,596.599,596.6,3275.0,89.0,596.5974
2025-01-06 08:39:00-05:00,596.58,596.58,596.43,596.47,9887.0,114.0,596.4646
2025-01-06 08:40:00-05:00,596.48,596.52,596.42,596.42,4551.0,91.0,596.4621
2025-01-06 08:41:00-05:00,596.42,596.42,596.3,596.34,7125.0,114.0,596.3719
2025-01-06 08:42:00-05:00,596.31,596.34,596.21,596.24,6829.0,111.0,596.1264
2025-01-06 08:43:00-05:00,596.25,596.3,596.15,596.2295,11701.0,149.0,596.2346
2025-01-06 08:44:00-05:00,596.23,596.44,596.23,596.41,6296.0,81.0,596.4058
2025-01-06 08:45:00-05:00,596.47,596.56,596.47,596.4912,4939.0,75.0,596.495
2025-01-06 08:46:00-05:00,596.451,596.46,596.43,596.43,1557.0,96.0,596.4479
2025-01-06 08:47:00-05:00,596.4398,596.69,596.4398,596.69,4737.0,73.0,596.5769
2025-01-06 08:48:00-05:00,596.7,596.71,596.66,596.66,3771.0,63.0,596.6928
2025-01-06 08:49:00-05:00,596.62,596.62,596.62,596.62,870.0,65.0,596.6397
2025-01-06 08:50:00-05:00,596.66,596.66,596.66,596.66,507.0,57.0,596.6447
2025-01-06 08:51:00-05:00,596.66,596.8,596.66,596.8,3741.0,91.0,596.73
2025-01-06 08:52:00-05:00,596.83,596.98,596.83,596.98,11833.0,124.0,596.8828
2025-01-06 08:53:00-05:00,596.98,596.99,596.91,596.93,2797.0,148.0,596.9504
2025-01-06 08:54:00-05:00,596.98,597.0,596.95,596.99,2454.0,108.0,596.9662
2025-01-06 08:55:00-05:00,596.96,596.992,596.96,596.992,1367.0,93.0,596.9722
2025-01-06 08:56:00-05:00,596.95,596.955,596.9,596.955,3264.0,106.0,596.9443
2025-01-06 08:57:00-05:00,596.99,597.0,596.93,596.93,5948.0,119.0,596.9653
2025-01-06 08:58:00-05:00,596.87,596.9,596.84,596.9,2435.0,104.0,596.8737
2025-01-06 08:59:00-05:00,596.96,597.0,596.96,597.0,3884.0,102.0,596.9915
2025-01-06 09:00:00-05:00,597.03,597.0604,596.98,596.98,12458.0,111.0,597.0449
2025-01-06 09:01:00-05:00,597.0,597.01,597.0,597.01,6824.0,96.0,596.9989
2025-01-06 09:02:00-05:00,597.08,597.08,596.95,597.02,3587.0,115.0,597.0174
2025-01-06 09:03:00-05:00,596.98,596.99,596.98,596.99,1750.0,144.0,596.9877
2025-01-06 09:04:00-05:00,596.84,596.87,596.72,596.72,8338.0,141.0,596.8473
2025-01-06 09:05:00-05:00,596.7,596.7,596.6,596.68,2477.0,104.0,596.6564
2025-01-06 09:06:00-05:00,596.68,596.68,596.68,596.68,0.0,0.0,0.0
2025-01-06 09:07:00-05:00,596.64,596.7,596.6,596.7,14465.0,157.0,596.6523
2025-01-06 09:08:00-05:00,596.71,596.71,596.69,596.69,1375.0,79.0,596.7068
2025-01-06 09:09:00-05:00,596.73,596.73,596.67,596.7,6359.0,108.0,596.7175
2025-01-06 09:10:00-05:00,596.73,596.76,596.695,596.73,7788.0,82.0,596.7323
2025-01-06 09:11:00-05:00,596.715,596.92,596.715,596.87,3813.0,102.0,596.7876
2025-01-06 09:12:00-05:00,596.81,596.81,596.74,596.77,3159.0,90.0,596.7656
2025-01-06 09:13:00-05:00,596.72,596.72,596.66,596.66,11619.0,143.0,596.7063
2025-01-06 09:14:00-05:00,596.68,596.78,596.68,596.78,3578.0,97.0,596.7175
2025-01-06 09:15:00-05:00,596.781,596.79,595.16,595.4,420925.0,2107.0,595.9669
2025-01-06 09:16:00-05:00,595.51,595.94,594.57,595.17,174052.0,1015.0,595.3506
2025-01-06 09:17:00-05:00,595.17,595.81,595.16,595.61,109357.0,577.0,595.4157
2025-01-06 09:18:00-05:00,595.64,595.64,594.8,594.9,82298.0,464.0,595.1247
2025-01-06 09:19:00-05:00,594.89,595.42,594.89,594.97,61074.0,418.0,595.1278
2025-01-06 09:20:00-05:00,594.92,595.17,594.87,595.0,20700.0,230.0,594.9829
2025-01-06 09:21:00-05:00,595.1,595.43,594.95,595.18,31938.0,275.0,595.1635
2025-01-06 09:22:00-05:00,595.19,595.55,595.15,595.53,25794.0,225.0,595.436
2025-01-06 09:23:00-05:00,595.4,595.52,595.4,595.5,15152.0,159.0,595.4775
2025-01-06 09:24:00-05:00,595.42,595.42,595.16,595.26,17228.0,145.0,595.2665
2025-01-06 09:25:00-05:00,595.43,595.84,595.35,595.66,36840.0,237.0,595.7376
2025-01-06 09:26:00-05:00,595.67,595.7,595.42,595.42,8865.0,135.0,595.5573
2025-01-06 09:27:00-05:00,595.48,595.77,595.48,595.75,32449.0,186.0,595.7447
2025-01-06 09:28:00-05:00,595.84,596.0,595.8,596.0,36977.0,200.0,595.8523
2025-01-06 09:29:00-05:00,595.96,596.35,595.96,596.25,65985.0,361.0,596.134
2025-01-06 09:30:00-05:00,596.27,596.611,595.9,596.47,815514.0,9603.0,596.1487
2025-01-06 09:31:00-05:00,596.47,596.785,596.14,596.15,307409.0,2875.0,596.4299
2025-01-06 09:32:00-05:00,596.14,596.93,596.12,596.39,217561.0,2466.0,596.5313
2025-01-06 09:33:00-05:00,596.35,596.96,596.295,596.81,152912.0,2035.0,596.6728
2025-01-06 09:34:00-05:00,596.81,597.21,596.69,596.84,167650.0,2455.0,596.908
2025-01-06 09:35:00-05:00,596.82,596.94,596.41,596.4863,358490.0,2648.0,595.0248
2025-01-06 09:36:00-05:00,596.5,596.61,596.25,596.41,174853.0,2799.0,596.4139
2025-01-06 09:37:00-05:00,596.4301,597.0,596.12,596.82,205626.0,2405.0,596.5418
2025-01-06 09:38:00-05:00,596.78,596.89,596.57,596.67,131313.0,1983.0,596.7279
2025-01-06 09:39:00-05:00,596.66,596.72,596.39,596.51,105060.0,1834.0,596.5082
2025-01-06 09:40:00-05:00,596.51,597.33,596.51,597.03,180455.0,2563.0,596.9094
2025-01-06 09:41:00-05:00,597.05,597.43,596.93,597.42,411688.0,2370.0,596.8979
2025-01-06 09:42:00-05:00,597.41,597.47,597.15,597.3501,156947.0,1915.0,597.3192
2025-01-06 09:43:00-05:00,597.36,597.78,597.35,597.42,283044.0,2141.0,595.0466
2025-01-06 09:44:00-05:00,597.44,597.56,596.8,597.19,188484.0,2226.0,597.1285
2025-01-06 09:45:00-05:00,597.19,597.83,597.18,597.72,192803.0,2234.0,597.6403
2025-01-06 09:46:00-05:00,597.74,598.2,597.7,597.96,189215.0,2532.0,597.9618
2025-01-06 09:47:00-05:00,597.96,598.02,597.65,597.875,132757.0,1782.0,597.8822
2025-01-06 09:48:00-05:00,597.89,598.0,597.47,597.72,254485.0,1738.0,594.886
2025-01-06 09:49:00-05:00,597.72,598.0,597.64,597.97,106597.0,1656.0,597.851
2025-01-06 09:50:00-05:00,597.97,598.15,597.425,597.48,189079.0,2244.0,597.8388
2025-01-06 09:51:00-05:00,597.49,597.88,597.47,597.7,102304.0,1522.0,597.6441
2025-01-06 09:52:00-05:00,597.69,597.83,597.5301,597.68,111310.0,1594.0,597.685
2025-01-06 09:53:00-05:00,597.7,598.19,597.6768,597.7499,122349.0,1937.0,597.9714
2025-01-06 09:54:00-05:00,597.77,598.06,597.77,597.9482,72214.0,1335.0,597.9405
2025-01-06 09:55:00-05:00,597.97,598.25,597.8,598.22,90069.0,1529.0,598.0194
2025-01-06 09:56:00-05:00,598.19,598.27,597.69,597.81,92895.0,1565.0,597.9636
2025-01-06 09:57:00-05:00,597.82,597.91,597.45,597.53,85097.0,1478.0,597.7106
2025-01-06 09:58:00-05:00,597.537,597.885,597.51,597.8,60107.0,990.0,597.7299
2025-01-06 09:59:00-05:00,597.83,597.94,597.69,597.88,75311.0,1065.0,597.7982
2025-01-06 10:00:00-05:00,597.9,598.1,597.82,597.84,103137.0,1569.0,598.012
2025-01-06 10:01:00-05:00,597.84,598.01,597.7,597.96,76981.0,1388.0,597.8673
2025-01-06 10:02:00-05:00,597.96,598.299,597.845,598.24,144702.0,1918.0,598.1088
2025-01-06 10:03:00-05:00,598.2,598.27,598.03,598.19,94464.0,1449.0,598.1878
2025-01-06 10:04:00-05:00,598.15,598.34,598.04,598.32,126970.0,1837.0,598.2002
2025-01-06 10:05:00-05:00,598.31,598.4,598.13,598.17,70389.0,1419.0,598.2841
2025-01-06 10:06:00-05:00,598.17,598.3691,598.14,598.2,66430.0,1364.0,598.2605
2025-01-06 10:07:00-05:00,598.195,598.3,597.97,598.13,79676.0,1563.0,598.1285
2025-01-06 10:08:00-05:00,598.15,598.39,598.15,598.31,58145.0,1171.0,598.2685
2025-01-06 10:09:00-05:00,598.2898,598.49,598.27,598.49,57004.0,1141.0,598.3728
2025-01-06 10:10:00-05:00,598.47,598.65,597.81,597.982,182101.0,2208.0,598.1874
2025-01-06 10:11:00-05:00,597.93,598.52,597.68,598.42,216927.0,2615.0,598.079
2025-01-06 10:12:00-05:00,598.39,598.55,598.1651,598.18,110524.0,1673.0,598.3704
2025-01-06 10:13:00-05:00,598.1999,598.63,598.13,598.63,82535.0,1345.0,598.3668
2025-01-06 10:14:00-05:00,598.635,598.84,598.57,598.73,111966.0,1505.0,598.7134
2025-01-06 10:15:00-05:00,598.7299,598.828,598.54,598.67,95443.0,1343.0,598.6955
2025-01-06 10:16:00-05:00,598.69,598.69,598.08,598.3,87140.0,1339.0,598.2958
2025-01-06 10:17:00-05:00,598.2538,598.5,598.2538,598.49,80340.0,1180.0,598.3853
2025-01-06 10:18:00-05:00,598.49,598.632,598.395,598.49,85036.0,1208.0,598.52
2025-01-06 10:19:00-05:00,598.5,598.55,598.352,598.42,47276.0,1054.0,598.4363
2025-01-06 10:20:00-05:00,598.43,598.46,598.22,598.32,71767.0,1141.0,598.3679
2025-01-06 10:21:00-05:00,598.32,598.49,598.26,598.46,46842.0,961.0,598.4094
2025-01-06 10:22:00-05:00,598.45,598.7249,598.39,598.7,58231.0,1100.0,598.5738
2025-01-06 10:23:00-05:00,598.705,598.87,598.44,598.53,223815.0,1386.0,594.8489
2025-01-06 10:24:00-05:00,598.53,598.59,598.34,598.48,82628.0,1173.0,598.4637
2025-01-06 10:25:00-05:00,598.4775,598.54,598.3347,598.54,49519.0,1030.0,598.4618
2025-01-06 10:26:00-05:00,598.52,598.63,598.41,598.55,64476.0,1174.0,598.5038
2025-01-06 10:27:00-05:00,598.56,598.72,598.44,598.63,74796.0,1235.0,598.5785
2025-01-06 10:28:00-05:00,598.66,598.97,598.62,598.86,92648.0,1412.0,598.8541
2025-01-06 10:29:00-05:00,598.87,599.0,598.82,598.89,85783.0,1089.0,598.9308
2025-01-06 10:30:00-05:00,598.91,598.9499,598.74,598.8099,129469.0,1769.0,598.7646
2025-01-06 10:31:00-05:00,598.79,598.85,598.345,598.5599,149005.0,1774.0,598.5216
2025-01-06 10:32:00-05:00,598.5324,598.73,598.48,598.66,104603.0,1091.0,598.7173
2025-01-06 10:33:00-05:00,598.64,598.78,598.54,598.75,563510.0,896.0,598.6365
2025-01-06 10:34:00-05:00,598.76,598.79,598.47,598.5,57411.0,1161.0,598.6546
2025-01-06 10:35:00-05:00,598.4935,598.51,598.15,598.39,98467.0,1413.0,598.2992
2025-01-06 10:36:00-05:00,598.405,598.49,598.29,598.46,64742.0,1023.0,598.389
2025-01-06 10:37:00-05:00,598.4714,598.575,598.345,598.43,56251.0,905.0,598.478
2025-01-06 10:38:00-05:00,598.42,598.46,598.19,598.29,184891.0,1014.0,593.9493
2025-01-06 10:39:00-05:00,598.2801,598.39,598.07,598.2,47410.0,906.0,598.2025
2025-01-06 10:40:00-05:00,598.22,598.4,598.21,598.394,255154.0,1030.0,598.2103
2025-01-06 10:41:00-05:00,598.395,598.48,598.32,598.48,59588.0,1064.0,598.3886
2025-01-06 10:42:00-05:00,598.49,598.49,598.2307,598.36,34559.0,889.0,598.3404
2025-01-06 10:43:00-05:00,598.38,598.58,598.3301,598.47,49744.0,1004.0,598.4528
2025-01-06 10:44:00-05:00,598.48,598.55,598.4,598.45,38428.0,841.0,598.4549
2025-01-06 10:45:00-05:00,598.43,598.74,598.43,598.74,78179.0,1232.0,598.5753
2025-01-06 10:46:00-05:00,598.75,598.88,598.54,598.74,77276.0,1230.0,598.7056
2025-01-06 10:47:00-05:00,598.72,598.75,598.5,598.73,40198.0,814.0,598.6335
2025-01-06 10:48:00-05:00,598.72,598.95,598.57,598.58,82319.0,1154.0,598.755
2025-01-06 10:49:00-05:00,598.59,598.665,598.468,598.57,51123.0,921.0,598.5514
2025-01-06 10:50:00-05:00,598.6,598.75,598.46,598.68,64813.0,1211.0,598.6152
2025-01-06 10:51:00-05:00,598.68,598.79,598.615,598.72,45736.0,904.0,598.726
2025-01-06 10:52:00-05:00,598.705,598.944,598.705,598.91,49129.0,970.0,598.8617
2025-01-06 10:53:00-05:00,598.92,599.2,598.9,599.01,216783.0,2469.0,599.0962
2025-01-06 10:54:00-05:00,599.01,599.14,598.98,599.05,56799.0,1014.0,599.0593
2025-01-06 10:55:00-05:00,599.045,599.08,598.9,599.05,52771.0,981.0,598.998
2025-01-06 10:56:00-05:00,599.06,599.22,598.99,598.99,68865.0,1161.0,599.1058
2025-01-06 10:57:00-05:00,598.95,599.04,598.875,598.91,74801.0,1173.0,598.9577
2025-01-06 10:58:00-05:00,598.91,599.0,598.9,598.92,85244.0,1171.0,598.9544
2025-01-06 10:59:00-05:00,598.91,598.95,598.75,598.87,112688.0,1351.0,598.9047
2025-01-06 11:00:00-05:00,598.88,599.035,598.86,598.88,86745.0,1126.0,598.9754
2025-01-06 11:01:00-05:00,598.88,598.91,598.66,598.82,54358.0,1098.0,598.7621
2025-01-06 11:02:00-05:00,598.82,598.84,598.48,598.64,178266.0,1220.0,598.5757
2025-01-06 11:03:00-05:00,598.63,598.84,598.55,598.78,47167.0,1212.0,598.7066
2025-01-06 11:04:00-05:00,598.79,598.93,598.79,598.85,30151.0,2885.0,598.8578
2025-01-06 11:05:00-05:00,598.845,598.93,598.81,598.87,38008.0,3009.0,598.8504
2025-01-06 11:06:00-05:00,598.87,598.91,598.77,598.81,32762.0,2313.0,598.8351
2025-01-06 11:07:00-05:00,598.83,598.92,598.705,598.73,58331.0,893.0,598.7664
2025-01-06 11:08:00-05:00,598.71,598.92,598.67,598.911,37723.0,801.0,598.7702
2025-01-06 11:09:00-05:00,598.91,598.91,598.8231,598.89,24205.0,635.0,598.8791
2025-01-06 11:10:00-05:00,598.9,599.12,598.9,599.11,46469.0,1003.0,599.0041
2025-01-06 11:11:00-05:00,599.11,599.19,598.99,599.02,44645.0,788.0,599.0872
2025-01-06 11:12:00-05:00,599.01,599.07,598.905,599.02,35709.0,757.0,598.995
2025-01-06 11:13:00-05:00,599.0125,599.06,598.875,599.02,37873.0,698.0,598.9532
2025-01-06 11:14:00-05:00,599.03,599.13,599.0,599.07,37286.0,635.0,599.0746
2025-01-06 11:15:00-05:00,599.07,599.36,598.9,599.32,88261.0,1398.0,599.1769
2025-01-06 11:16:00-05:00,599.325,599.34,599.21,599.26,77788.0,1022.0,599.2757
2025-01-06 11:17:00-05:00,599.26,599.26,599.04,599.14,438986.0,1046.0,599.0451
2025-01-06 11:18:00-05:00,599.13,599.15,599.03,599.13,29656.0,622.0,599.1006
2025-01-06 11:19:00-05:00,599.13,599.31,599.13,599.282,33906.0,611.0,599.2273
2025-01-06 11:20:00-05:00,599.28,599.46,599.2701,599.42,46161.0,828.0,599.374
2025-01-06 11:21:00-05:00,599.43,599.44,599.23,599.23,63179.0,805.0,599.3231
2025-01-06 11:22:00-05:00,599.23,599.33,599.2099,599.26,65840.0,946.0,599.2633
2025-01-06 11:23:00-05:00,599.25,599.32,599.24,599.2601,32359.0,644.0,599.2841
2025-01-06 11:24:00-05:00,599.2583,599.3,599.1,599.2,62790.0,814.0,599.2073
2025-01-06 11:25:00-05:00,599.19,599.23,598.9801,599.202,49198.0,853.0,599.1158
2025-01-06 11:26:00-05:00,599.2,599.26,599.145,599.22,33021.0,631.0,599.204
2025-01-06 11:27:00-05:00,599.22,599.385,599.19,599.37,46610.0,751.0,599.3211
2025-01-06 11:28:00-05:00,599.38,599.5,599.3701,599.42,60448.0,900.0,599.4414
2025-01-06 11:29:00-05:00,599.45,599.51,599.42,599.509,46744.0,789.0,599.4714
2025-01-06 11:30:00-05:00,599.492,599.53,599.38,599.5,41008.0,763.0,599.4634
2025-01-06 11:31:00-05:00,599.52,599.7,599.465,599.66,81545.0,987.0,599.5907
2025-01-06 11:32:00-05:00,599.66,599.7,599.58,599.7,54036.0,894.0,599.6475
2025-01-06 11:33:00-05:00,599.69,599.69,599.36,599.55,94938.0,1299.0,599.5551
2025-01-06 11:34:00-05:00,599.54,599.54,599.37,599.45,121752.0,1107.0,599.4652
2025-01-06 11:35:00-05:00,599.43,599.49,599.37,599.41,42291.0,674.0,599.4372
2025-01-06 11:36:00-05:00,599.39,599.49,599.35,599.4801,37426.0,694.0,599.4344
2025-01-06 11:37:00-05:00,599.48,599.55,599.4,599.5,39044.0,748.0,599.4793
2025-01-06 11:38:00-05:00,599.51,599.66,599.49,599.62,70687.0,783.0,599.5904
2025-01-06 11:39:00-05:00,599.61,599.66,599.5233,599.62,49295.0,737.0,599.604
2025-01-06 11:40:00-05:00,599.63,599.7,599.6,599.605,62845.0,852.0,599.6499
2025-01-06 11:41:00-05:00,599.6,599.69,599.48,599.65,31797.0,727.0,599.5777
2025-01-06 11:42:00-05:00,599.64,599.66,599.385,599.44,304707.0,834.0,593.2122
2025-01-06 11:43:00-05:00,599.43,599.5,599.4,599.5,35608.0,655.0,599.4396
2025-01-06 11:44:00-05:00,599.51,599.52,599.4301,599.48,39768.0,536.0,599.4619
2025-01-06 11:45:00-05:00,599.485,599.51,599.2301,599.34,63866.0,861.0,599.3353
2025-01-06 11:46:00-05:00,599.35,599.43,599.31,599.39,49089.0,812.0,599.3761
2025-01-06 11:47:00-05:00,599.395,599.42,599.17,599.25,66027.0,763.0,599.2484
2025-01-06 11:48:00-05:00,599.23,599.33,599.17,599.32,48826.0,695.0,599.2122
2025-01-06 11:49:00-05:00,599.32,599.43,599.25,599.38,57958.0,723.0,599.3283
2025-01-06 11:50:00-05:00,599.4,599.5,599.32,599.4,51250.0,829.0,599.4127
2025-01-06 11:51:00-05:00,599.4,599.5,599.37,599.5,22948.0,471.0,599.452
2025-01-06 11:52:00-05:00,599.5,599.51,599.405,599.44,27386.0,511.0,599.4791
2025-01-06 11:53:00-05:00,599.44,599.52,599.38,599.48,28723.0,500.0,599.4625
2025-01-06 11:54:00-05:00,599.485,599.5499,599.475,599.48,40316.0,634.0,599.5035
2025-01-06 11:55:00-05:00,599.48,599.5695,599.4,599.48,24599.0,577.0,599.4702
2025-01-06 11:56:00-05:00,599.475,599.4983,599.41,599.49,19105.0,459.0,599.4704
2025-01-06 11:57:00-05:00,599.485,599.5,599.38,599.405,44629.0,653.0,599.4262
2025-01-06 11:58:00-05:00,599.4012,599.54,599.4012,599.53,22071.0,553.0,599.4788
2025-01-06 11:59:00-05:00,599.52,599.5651,599.46,599.46,21621.0,608.0,599.5159
2025-01-06 12:00:00-05:00,599.46,599.465,599.04,599.1,79446.0,1073.0,599.1551
2025-01-06 12:01:00-05:00,599.1198,599.3093,599.1198,599.23,35815.0,617.0,599.2251
2025-01-06 12:02:00-05:00,599.23,599.4299,599.23,599.34,23598.0,501.0,599.3437
2025-01-06 12:03:00-05:00,599.31,599.36,599.24,599.24,24802.0,543.0,599.2965
2025-01-06 12:04:00-05:00,599.28,599.33,599.19,599.31,27752.0,608.0,599.2692
2025-01-06 12:05:00-05:00,599.32,599.33,599.18,599.25,26536.0,511.0,599.2557
2025-01-06 12:06:00-05:00,599.25,599.2801,599.07,599.16,54902.0,778.0,599.1498
2025-01-06 12:07:00-05:00,599.165,599.275,599.165,599.2,31137.0,520.0,599.2068
2025-01-06 12:08:00-05:00,599.21,599.36,599.21,599.29,29135.0,579.0,599.2838
2025-01-06 12:09:00-05:00,599.3,599.42,599.29,599.34,23779.0,476.0,599.3694
2025-01-06 12:10:00-05:00,599.34,599.34,599.135,599.1501,30512.0,556.0,599.1846
2025-01-06 12:11:00-05:00,599.17,599.17,599.08,599.105,27945.0,570.0,599.1296
2025-01-06 12:12:00-05:00,599.11,599.17,599.05,599.1,30869.0,527.0,599.0985
2025-01-06 12:13:00-05:00,599.11,599.11,599.01,599.055,27618.0,498.0,599.0528
2025-01-06 12:14:00-05:00,599.07,599.11,598.8,598.925,55594.0,945.0,598.9444
2025-01-06 12:15:00-05:00,598.93,598.965,598.78,598.8,40919.0,701.0,598.8875
2025-01-06 12:16:00-05:00,598.8,599.12,598.79,599.11,324314.0,987.0,593.4923
2025-01-06 12:17:00-05:00,599.1165,599.12,598.9901,599.0,34119.0,666.0,599.0669
2025-01-06 12:18:00-05:00,599.02,599.09,598.84,598.86,51413.0,671.0,598.9148
2025-01-06 12:19:00-05:00,598.87,598.87,598.66,598.82,48550.0,783.0,598.7508
2025-01-06 12:20:00-05:00,598.82,598.89,598.665,598.71,52934.0,836.0,598.7683
2025-01-06 12:21:00-05:00,598.71,598.86,598.653,598.86,57512.0,846.0,598.707
2025-01-06 12:22:00-05:00,598.9,598.91,598.72,598.7801,30050.0,576.0,598.7849
2025-01-06 12:23:00-05:00,598.8,598.85,598.75,598.81,18741.0,460.0,598.786
2025-01-06 12:24:00-05:00,598.82,598.83,598.68,598.71,29474.0,488.0,598.7338
2025-01-06 12:25:00-05:00,598.71,598.76,598.6,598.74,54918.0,798.0,598.6881
2025-01-06 12:26:00-05:00,598.74,598.78,598.652,598.71,50448.0,611.0,598.7239
2025-01-06 12:27:00-05:00,598.69,598.77,598.63,598.65,28780.0,513.0,598.6855
2025-01-06 12:28:00-05:00,598.61,598.65,598.37,598.56,61413.0,1032.0,598.5053
2025-01-06 12:29:00-05:00,598.55,598.64,598.44,598.57,34007.0,600.0,598.5529
2025-01-06 12:30:00-05:00,598.53,598.68,598.39,598.5,38163.0,615.0,598.515
2025-01-06 12:31:00-05:00,598.5,598.58,598.45,598.45,24654.0,486.0,598.5353
2025-01-06 12:32:00-05:00,598.44,598.56,598.3,598.37,53202.0,782.0,598.4244
2025-01-06 12:33:00-05:00,598.38,598.67,598.372,598.67,52804.0,660.0,598.5513
2025-01-06 12:34:00-05:00,598.6899,598.73,598.58,598.59,67624.0,763.0,598.6765
2025-01-06 12:35:00-05:00,598.61,598.74,598.56,598.585,44717.0,719.0,598.6564
2025-01-06 12:36:00-05:00,598.58,598.66,598.54,598.63,30112.0,606.0,598.6157
2025-01-06 12:37:00-05:00,598.61,598.64,598.52,598.54,388266.0,631.0,598.644
2025-01-06 12:38:00-05:00,598.54,598.68,598.52,598.605,69341.0,737.0,598.6087
2025-01-06 12:39:00-05:00,598.565,598.58,598.23,598.29,81164.0,1024.0,598.3505
2025-01-06 12:40:00-05:00,598.275,598.3599,598.07,598.17,47343.0,823.0,598.2212
2025-01-06 12:41:00-05:00,598.15,598.23,597.9,597.96,73125.0,1260.0,598.0226
2025-01-06 12:42:00-05:00,597.954,598.07,597.7,597.775,101234.0,1188.0,597.939
2025-01-06 12:43:00-05:00,597.775,598.1,597.71,598.05,93586.0,1154.0,597.86
2025-01-06 12:44:00-05:00,598.04,598.1461,597.94,597.985,58843.0,869.0,598.0298
2025-01-06 12:45:00-05:00,597.985,597.985,597.69,597.91,86352.0,1152.0,597.8513
2025-01-06 12:46:00-05:00,597.92,598.0399,597.8,598.0198,60394.0,788.0,597.8973
2025-01-06 12:47:00-05:00,598.02,598.1303,597.95,598.07,83904.0,897.0,598.0492
2025-01-06 12:48:00-05:00,598.065,598.0899,597.86,597.87,56116.0,769.0,597.9868
2025-01-06 12:49:00-05:00,597.89,598.03,597.8199,597.9,44136.0,628.0,597.8937
2025-01-06 12:50:00-05:00,597.89,597.94,597.78,597.8,61429.0,820.0,597.8411
2025-01-06 12:51:00-05:00,597.81,597.8199,597.49,597.6,86280.0,1211.0,597.6457
2025-01-06 12:52:00-05:00,597.6,597.7474,597.4,597.66,95329.0,1176.0,597.5643
2025-01-06 12:53:00-05:00,597.67,597.77,597.63,597.68,53458.0,738.0,597.6912
2025-01-06 12:54:00-05:00,597.7,598.09,597.7,597.865,139928.0,1386.0,597.9326
2025-01-06 12:55:00-05:00,597.85,597.9,597.52,597.54,63559.0,928.0,597.6901
2025-01-06 12:56:00-05:00,597.55,597.56,597.41,597.43,52107.0,765.0,597.4785
2025-01-06 12:57:00-05:00,597.45,597.6962,597.45,597.645,57332.0,734.0,597.6052
2025-01-06 12:58:00-05:00,597.66,597.845,597.66,597.77,48175.0,700.0,597.7684
2025-01-06 12:59:00-05:00,597.785,597.88,597.71,597.75,48388.0,639.0,597.7998
2025-01-06 13:00:00-05:00,597.75,597.79,597.47,597.47,67989.0,859.0,597.6558
2025-01-06 13:01:00-05:00,597.48,597.52,596.93,596.96,130824.0,1767.0,597.1485
2025-01-06 13:02:00-05:00,596.96,597.2485,596.58,597.16,163562.0,1975.0,596.9445
2025-01-06 13:03:00-05:00,597.16,597.38,596.99,597.19,101628.0,1133.0,597.1865
2025-01-06 13:04:00-05:00,597.21,597.4,597.19,597.33,70963.0,1042.0,597.3184
2025-01-06 13:05:00-05:00,597.3293,597.3979,597.1821,597.25,57335.0,801.0,597.2633
2025-01-06 13:06:00-05:00,597.23,597.45,597.22,597.26,47256.0,724.0,597.3306
2025-01-06 13:07:00-05:00,597.28,597.29,597.03,597.1199,65650.0,941.0,597.0972
2025-01-06 13:08:00-05:00,597.12,597.1913,596.9595,596.965,42856.0,799.0,597.0552
2025-01-06 13:09:00-05:00,596.98,597.33,596.9789,597.185,42558.0,746.0,597.1806
2025-01-06 13:10:00-05:00,597.18,597.33,597.04,597.27,45349.0,771.0,597.168
2025-01-06 13:11:00-05:00,597.27,597.295,597.08,597.14,60013.0,753.0,597.1813
2025-01-06 13:12:00-05:00,597.14,597.23,597.07,597.19,24926.0,545.0,597.1704
2025-01-06 13:13:00-05:00,597.19,597.31,597.15,597.25,47491.0,623.0,597.2266
2025-01-06 13:14:00-05:00,597.22,597.3599,597.19,597.29,58640.0,656.0,597.2961
2025-01-06 13:15:00-05:00,597.31,597.37,597.041,597.105,66762.0,883.0,597.2397
2025-01-06 13:16:00-05:00,597.07,597.14,596.94,597.02,56535.0,828.0,597.0616
2025-01-06 13:17:00-05:00,596.99,597.02,596.8101,596.99,43536.0,654.0,596.9622
2025-01-06 13:18:00-05:00,596.96,597.2,596.93,597.06,22958.0,496.0,597.0745
2025-01-06 13:19:00-05:00,597.0533,597.1701,597.03,597.09,53714.0,540.0,597.1
2025-01-06 13:20:00-05:00,597.0918,597.2264,597.02,597.19,47733.0,699.0,597.1294
2025-01-06 13:21:00-05:00,597.1299,597.17,596.9692,597.06,34220.0,620.0,597.0854
2025-01-06 13:22:00-05:00,597.1,597.5,597.1,597.4,81592.0,1098.0,597.373
2025-01-06 13:23:00-05:00,597.37,597.56,597.37,597.49,63560.0,765.0,597.5088
2025-01-06 13:24:00-05:00,597.475,597.52,597.1851,597.22,80013.0,971.0,597.3231
2025-01-06 13:25:00-05:00,597.22,597.3884,597.19,597.36,43420.0,719.0,597.3192
2025-01-06 13:26:00-05:00,597.35,597.4,597.24,597.3,42502.0,670.0,597.3217
2025-01-06 13:27:00-05:00,597.2932,597.43,597.2932,597.39,121535.0,640.0,597.3811
2025-01-06 13:28:00-05:00,597.39,597.44,597.2,597.21,24124.0,584.0,597.3422
2025-01-06 13:29:00-05:00,597.21,597.4,597.16,597.39,58678.0,727.0,597.2635
2025-01-06 13:30:00-05:00,597.37,597.4299,597.31,597.35,37653.0,820.0,597.376
2025-01-06 13:31:00-05:00,597.37,597.42,597.23,597.28,57108.0,1090.0,597.3141
2025-01-06 13:32:00-05:00,597.28,597.28,596.79,596.8,60817.0,1205.0,596.9507
2025-01-06 13:33:00-05:00,596.82,597.0799,596.75,597.06,72095.0,1104.0,596.9826
2025-01-06 13:34:00-05:00,597.06,597.06,596.81,596.93,31052.0,763.0,596.9321
2025-01-06 13:35:00-05:00,596.94,597.05,596.89,596.99,34753.0,658.0,596.9718
2025-01-06 13:36:00-05:00,597.025,597.17,596.93,597.07,28698.0,683.0,597.0624
2025-01-06 13:37:00-05:00,597.076,597.08,596.76,596.8,43188.0,847.0,596.8824
2025-01-06 13:38:00-05:00,596.79,596.86,596.62,596.81,92509.0,970.0,596.7543
2025-01-06 13:39:00-05:00,596.805,596.94,596.75,596.9233,47838.0,645.0,596.8385
2025-01-06 13:40:00-05:00,596.9254,596.95,596.7901,596.91,70462.0,936.0,596.8804
2025-01-06 13:41:00-05:00,596.91,596.95,596.74,596.75,32506.0,594.0,596.8134
2025-01-06 13:42:00-05:00,596.77,596.77,596.31,596.59,123980.0,1611.0,596.4756
2025-01-06 13:43:00-05:00,596.575,596.69,596.56,596.69,34248.0,661.0,596.6222
2025-01-06 13:44:00-05:00,596.66,596.8,596.42,596.46,45498.0,785.0,596.6312
2025-01-06 13:45:00-05:00,596.49,596.55,595.6,595.8307,160728.0,2207.0,595.9432
2025-01-06 13:46:00-05:00,595.83,596.23,595.81,596.215,108428.0,1067.0,596.0646
2025-01-06 13:47:00-05:00,596.2199,596.315,595.9,596.138,54893.0,707.0,596.0844
2025-01-06 13:48:00-05:00,596.12,596.3,595.9,595.92,53826.0,817.0,596.147
2025-01-06 13:49:00-05:00,595.9,595.9,595.6501,595.732,49623.0,850.0,595.7863
2025-01-06 13:50:00-05:00,595.74,595.93,595.74,595.85,94990.0,1086.0,595.8463
2025-01-06 13:51:00-05:00,595.84,596.23,595.74,596.1833,81606.0,985.0,596.0444
2025-01-06 13:52:00-05:00,596.18,596.2499,596.1,596.195,48177.0,746.0,596.17
2025-01-06 13:53:00-05:00,596.2,596.407,596.2,596.245,77569.0,919.0,596.3178
2025-01-06 13:54:00-05:00,596.22,596.2577,596.12,596.225,35492.0,516.0,596.1847
2025-01-06 13:55:00-05:00,596.21,596.3142,596.03,596.11,40778.0,642.0,596.1643
2025-01-06 13:56:00-05:00,596.13,596.3799,596.13,596.29,25989.0,541.0,596.2602
2025-01-06 13:57:00-05:00,596.3,596.3,596.12,596.13,31657.0,572.0,596.198
2025-01-06 13:58:00-05:00,596.13,598.6987,595.95,595.97,79856.0,798.0,596.0962
2025-01-06 13:59:00-05:00,595.96,596.01,595.59,595.67,68153.0,842.0,595.8683
2025-01-06 14:00:00-05:00,595.63,595.81,595.24,595.36,255630.0,1632.0,593.7051
2025-01-06 14:01:00-05:00,595.33,595.42,594.88,594.9,140458.0,1879.0,595.1297
2025-01-06 14:02:00-05:00,594.9204,595.42,594.92,595.17,138937.0,1418.0,595.2163
2025-01-06 14:03:00-05:00,595.16,595.25,595.03,595.112,75843.0,898.0,595.1043
2025-01-06 14:04:00-05:00,595.112,595.245,594.92,594.9201,65208.0,875.0,595.0614
2025-01-06 14:05:00-05:00,594.92,595.6,594.92,595.516,142951.0,1365.0,595.3681
2025-01-06 14:06:00-05:00,595.53,595.55,595.15,595.26,72021.0,988.0,595.286
2025-01-06 14:07:00-05:00,595.25,595.45,595.22,595.3738,58469.0,809.0,595.3429
2025-01-06 14:08:00-05:00,595.39,595.5292,595.36,595.3837,54361.0,802.0,595.429
2025-01-06 14:09:00-05:00,595.4026,595.48,595.3,595.31,73346.0,883.0,595.3821
2025-01-06 14:10:00-05:00,595.31,595.33,594.94,595.1,176423.0,1650.0,595.1555
2025-01-06 14:11:00-05:00,595.12,595.365,595.1199,595.36,110920.0,1139.0,595.2392
2025-01-06 14:12:00-05:00,595.34,595.56,595.24,595.56,51367.0,827.0,595.4076
2025-01-06 14:13:00-05:00,595.57,595.57,595.26,595.38,53476.0,673.0,595.4109
2025-01-06 14:14:00-05:00,595.39,595.6,595.31,595.54,43374.0,589.0,595.4914
2025-01-06 14:15:00-05:00,595.535,595.535,595.38,595.42,93133.0,897.0,595.4505
2025-01-06 14:16:00-05:00,595.41,595.72,595.4,595.62,68443.0,870.0,595.617
2025-01-06 14:17:00-05:00,595.64,595.7286,595.59,595.61,98784.0,1185.0,595.6573
2025-01-06 14:18:00-05:00,595.63,595.85,595.63,595.79,61237.0,882.0,595.7612
2025-01-06 14:19:00-05:00,595.82,595.82,595.51,595.51,119952.0,1253.0,595.6857
2025-01-06 14:20:00-05:00,595.5,595.71,595.44,595.5211,204145.0,798.0,593.3285
2025-01-06 14:21:00-05:00,595.56,595.63,595.45,595.4758,44017.0,692.0,595.5492
2025-01-06 14:22:00-05:00,595.539,595.76,595.5324,595.59,43930.0,690.0,595.6369
2025-01-06 14:23:00-05:00,595.62,595.69,595.46,595.64,41106.0,701.0,595.5804
2025-01-06 14:24:00-05:00,595.66,595.74,595.565,595.6,66555.0,644.0,595.6729
2025-01-06 14:25:00-05:00,595.5998,595.615,595.3701,595.57,49992.0,750.0,595.4718
2025-01-06 14:26:00-05:00,595.58,595.74,595.52,595.52,34668.0,547.0,595.6351
2025-01-06 14:27:00-05:00,595.51,595.73,595.5,595.59,86424.0,586.0,595.6399
2025-01-06 14:28:00-05:00,595.59,595.6695,595.5,595.58,39709.0,580.0,595.5978
2025-01-06 14:29:00-05:00,595.59,595.59,595.31,595.35,78466.0,817.0,595.4075
2025-01-06 14:30:00-05:00,595.37,595.58,595.09,595.52,163038.0,1527.0,595.2914
2025-01-06 14:31:00-05:00,595.5,595.5,595.28,595.31,40938.0,668.0,595.3684
2025-01-06 14:32:00-05:00,595.3292,595.5646,595.2,595.21,174684.0,734.0,592.8958
2025-01-06 14:33:00-05:00,595.2084,595.41,595.18,595.2299,49166.0,667.0,595.3011
2025-01-06 14:34:00-05:00,595.24,595.34,595.17,595.24,39625.0,647.0,595.2519
2025-01-06 14:35:00-05:00,595.27,595.34,595.16,595.17,29860.0,626.0,595.2329
2025-01-06 14:36:00-05:00,595.15,595.3,594.95,595.275,61896.0,887.0,595.1279
2025-01-06 14:37:00-05:00,595.27,595.35,595.14,595.15,35096.0,560.0,595.283
2025-01-06 14:38:00-05:00,595.19,595.28,595.13,595.24,53167.0,632.0,595.211
2025-01-06 14:39:00-05:00,595.22,595.25,595.07,595.13,41550.0,538.0,595.1337
2025-01-06 14:40:00-05:00,595.11,595.26,595.09,595.13,65649.0,736.0,595.1852
2025-01-06 14:41:00-05:00,595.1,595.28,595.0219,595.18,35980.0,643.0,595.1598
2025-01-06 14:42:00-05:00,595.18,595.2486,594.995,595.015,51405.0,697.0,595.1032
2025-01-06 14:43:00-05:00,595.01,595.16,594.83,595.12,323252.0,960.0,595.0597
2025-01-06 14:44:00-05:00,595.16,595.32,595.11,595.305,71355.0,785.0,595.2243
2025-01-06 14:45:00-05:00,595.28,595.37,595.0404,595.09,59655.0,904.0,595.2108
2025-01-06 14:46:00-05:00,595.07,595.24,595.0,595.2365,56730.0,745.0,595.1092
2025-01-06 14:47:00-05:00,595.22,595.4,595.19,595.33,55256.0,763.0,595.3065
2025-01-06 14:48:00-05:00,595.32,595.58,595.2563,595.49,173317.0,829.0,592.875
2025-01-06 14:49:00-05:00,595.48,595.58,595.42,595.47,96676.0,791.0,595.5007
2025-01-06 14:50:00-05:00,595.45,595.47,595.21,595.24,79137.0,841.0,595.3415
2025-01-06 14:51:00-05:00,595.225,595.28,595.05,595.1,184783.0,785.0,592.9527
2025-01-06 14:52:00-05:00,595.11,595.18,594.89,595.07,79698.0,774.0,595.0713
2025-01-06 14:53:00-05:00,595.085,595.2273,595.05,595.14,49705.0,584.0,595.145
2025-01-06 14:54:00-05:00,595.12,595.19,595.1,595.1,33716.0,492.0,595.1317
2025-01-06 14:55:00-05:00,595.09,595.18,595.02,595.07,162783.0,573.0,592.6433
2025-01-06 14:56:00-05:00,595.08,595.14,594.8848,594.9401,51793.0,700.0,594.9928
2025-01-06 14:57:00-05:00,594.95,594.95,594.34,594.48,150345.0,1826.0,594.5777
2025-01-06 14:58:00-05:00,594.4984,594.51,594.2603,594.43,94161.0,1190.0,594.4267
2025-01-06 14:59:00-05:00,594.46,594.68,594.32,594.35,88653.0,1034.0,594.5115
2025-01-06 15:00:00-05:00,594.32,594.3293,594.04,594.2019,139736.0,1411.0,594.1541
2025-01-06 15:01:00-05:00,594.21,594.5399,594.1813,594.22,107446.0,1202.0,594.3688
2025-01-06 15:02:00-05:00,594.2,594.47,594.18,594.4656,95253.0,779.0,594.2657
2025-01-06 15:03:00-05:00,594.45,594.75,594.37,594.74,117568.0,1058.0,594.5881
2025-01-06 15:04:00-05:00,594.78,594.87,594.67,594.74,67411.0,829.0,594.7442
2025-01-06 15:05:00-05:00,594.73,594.84,594.68,594.72,53704.0,707.0,594.7506
2025-01-06 15:06:00-05:00,594.72,594.855,594.57,594.59,382380.0,1031.0,594.6016
2025-01-06 15:07:00-05:00,594.61,594.66,594.415,594.52,124974.0,1433.0,594.5435
2025-01-06 15:08:00-05:00,594.55,594.59,594.3348,594.59,85630.0,1019.0,594.4819
2025-01-06 15:09:00-05:00,594.6,594.72,594.58,594.58,64857.0,881.0,594.6456
2025-01-06 15:10:00-05:00,594.58,594.59,594.46,594.51,83818.0,1069.0,594.5122
2025-01-06 15:11:00-05:00,594.51,594.65,594.49,594.58,93460.0,1225.0,594.5745
2025-01-06 15:12:00-05:00,594.6,594.64,594.37,594.5466,108379.0,1138.0,594.4774
2025-01-06 15:13:00-05:00,594.57,594.81,594.52,594.69,138302.0,1293.0,594.6933
2025-01-06 15:14:00-05:00,594.71,594.72,594.495,594.5199,183831.0,720.0,592.7708
2025-01-06 15:15:00-05:00,594.51,594.53,594.36,594.42,69169.0,910.0,594.4444
2025-01-06 15:16:00-05:00,594.4,594.65,594.4,594.52,97699.0,985.0,594.524
2025-01-06 15:17:00-05:00,594.485,594.63,594.42,594.61,42788.0,642.0,594.5623
2025-01-06 15:18:00-05:00,594.5401,594.61,594.39,594.45,43552.0,688.0,594.518
2025-01-06 15:19:00-05:00,594.43,594.63,594.29,594.56,93756.0,1092.0,594.4122
2025-01-06 15:20:00-05:00,594.55,594.56,594.32,594.32,83973.0,1018.0,594.4306
2025-01-06 15:21:00-05:00,594.33,594.599,594.26,594.525,46724.0,716.0,594.4529
2025-01-06 15:22:00-05:00,594.54,594.76,594.5,594.7425,175040.0,789.0,592.6905
2025-01-06 15:23:00-05:00,594.74,594.93,594.72,594.91,92583.0,1078.0,594.857
2025-01-06 15:24:00-05:00,594.92,595.26,594.91,595.1987,147731.0,1524.0,595.133
2025-01-06 15:25:00-05:00,595.1901,595.2074,594.98,595.09,56823.0,918.0,595.0774
2025-01-06 15:26:00-05:00,595.08,595.12,594.9,595.06,74374.0,1012.0,595.0342
2025-01-06 15:27:00-05:00,595.05,595.155,594.92,595.1,88065.0,1042.0,595.0253
2025-01-06 15:28:00-05:00,595.08,595.08,594.93,594.98,57701.0,827.0,595.0107
2025-01-06 15:29:00-05:00,594.99,595.085,594.92,595.055,46882.0,737.0,595.0275
2025-01-06 15:30:00-05:00,595.055,595.46,595.01,595.45,103849.0,1422.0,595.2249
2025-01-06 15:31:00-05:00,595.44,595.44,595.105,595.14,129236.0,1468.0,595.2473
2025-01-06 15:32:00-05:00,595.11,595.25,595.07,595.19,51368.0,816.0,595.2097
2025-01-06 15:33:00-05:00,595.22,595.24,595.13,595.14,166763.0,775.0,592.7263
2025-01-06 15:34:00-05:00,595.13,595.13,594.96,595.07,105424.0,958.0,595.0704
2025-01-06 15:35:00-05:00,595.06,595.3,595.0,595.27,82214.0,1080.0,595.1533
2025-01-06 15:36:00-05:00,595.26,595.43,595.23,595.4,128676.0,1337.0,595.3648
2025-01-06 15:37:00-05:00,595.39,595.39,595.06,595.06,106568.0,1428.0,595.2432
2025-01-06 15:38:00-05:00,595.065,595.13,594.81,594.85,149201.0,1390.0,595.0136
2025-01-06 15:39:00-05:00,594.84,594.99,594.73,594.78,130427.0,1335.0,594.8709
2025-01-06 15:40:00-05:00,594.76,594.9473,594.59,594.88,134263.0,1377.0,594.7541
2025-01-06 15:41:00-05:00,594.89,594.94,594.77,594.885,80311.0,933.0,594.8643
2025-01-06 15:42:00-05:00,594.88,594.88,594.7245,594.815,90171.0,1034.0,594.8018
2025-01-06 15:43:00-05:00,594.82,594.86,594.48,594.54,327322.0,1699.0,593.5837
2025-01-06 15:44:00-05:00,594.54,594.66,594.53,594.58,264200.0,1394.0,593.3303
2025-01-06 15:45:00-05:00,594.61,594.66,594.325,594.4,201936.0,1826.0,594.4776
2025-01-06 15:46:00-05:00,594.395,594.54,594.34,594.5,220606.0,1772.0,594.4657
2025-01-06 15:47:00-05:00,594.48,594.51,594.09,594.1895,205028.0,2194.0,594.3398
2025-01-06 15:48:00-05:00,594.17,594.24,593.9,594.1,187841.0,2078.0,594.0637
2025-01-06 15:49:00-05:00,594.09,594.0928,593.68,593.75,225981.0,2332.0,593.8793
2025-01-06 15:50:00-05:00,593.75,594.67,593.6,594.64,408697.0,3605.0,594.2981
2025-01-06 15:51:00-05:00,594.64,594.75,594.55,594.7,203448.0,2102.0,594.6541
2025-01-06 15:52:00-05:00,594.7,594.84,594.55,594.74,193072.0,2062.0,594.6514
2025-01-06 15:53:00-05:00,594.76,594.97,594.59,594.66,320650.0,2325.0,593.6508
2025-01-06 15:54:00-05:00,594.67,594.95,594.32,594.77,534606.0,3026.0,593.3545
2025-01-06 15:55:00-05:00,594.77,595.11,594.7,594.9641,690998.0,3497.0,593.2781
2025-01-06 15:56:00-05:00,594.96,595.09,594.86,594.96,233721.0,2592.0,595.0003
2025-01-06 15:57:00-05:00,594.95,594.97,594.51,594.5801,530256.0,2903.0,593.3728
2025-01-06 15:58:00-05:00,594.6,594.81,594.5,594.81,526076.0,3558.0,593.9894
2025-01-06 15:59:00-05:00,594.81,595.5,594.71,595.4,1276384.0,6963.0,594.4731
2025-01-06 16:00:00-05:00,595.42,595.78,595.36,595.65,186524.0,768.0,595.5366
2025-01-06 16:01:00-05:00,595.68,595.71,595.57,595.59,30509.0,249.0,595.6373
2025-01-06 16:02:00-05:00,595.56,595.62,595.49,595.55,79007.0,373.0,595.5591
2025-01-06 16:03:00-05:00,595.54,595.69,595.52,595.66,35114.0,254.0,595.5769
2025-01-06 16:04:00-05:00,595.64,595.64,595.52,595.54,18051.0,146.0,595.5775
2025-01-06 16:05:00-05:00,595.56,595.8,595.56,595.8,15819.0,133.0,595.7083
2025-01-06 16:06:00-05:00,595.8,595.9,595.79,595.82,41855.0,233.0,595.8112
2025-01-06 16:07:00-05:00,595.79,595.84,595.71,595.81,643251.0,280.0,595.2645
2025-01-06 16:08:00-05:00,595.81,595.88,595.64,595.86,34280.0,246.0,595.7919
2025-01-06 16:09:00-05:00,595.9,595.95,595.8,595.88,49936.0,294.0,595.8548
2025-01-06 16:10:00-05:00,595.84,595.84,595.7,595.74,44407.0,272.0,595.7581
2025-01-06 16:11:00-05:00,595.74,595.84,595.2364,595.83,191765.0,139.0,595.6121
2025-01-06 16:12:00-05:00,595.83,595.84,595.69,595.7,2442625.0,121.0,595.2297
2025-01-06 16:13:00-05:00,595.7,595.8,595.63,595.8,9835.0,70.0,595.6906
2025-01-06 16:14:00-05:00,595.81,595.82,595.7,595.82,27167.0,327.0,595.7319
2025-01-06 16:15:00-05:00,595.86,595.86,595.82,595.82,3452.0,57.0,595.8317
2025-01-06 16:16:00-05:00,595.77,595.8,595.67,595.67,113827.0,86.0,595.7289
2025-01-06 16:17:00-05:00,595.76,595.76,595.7,595.7,3246.0,48.0,595.7167
2025-01-06 16:18:00-05:00,595.74,595.74,595.74,595.74,404.0,29.0,595.7457
2025-01-06 16:19:00-05:00,595.74,595.75,595.74,595.75,1581.0,43.0,595.7392
2025-01-06 16:20:00-05:00,595.7501,595.8,595.7501,595.8,6508.0,31.0,595.3851
2025-01-06 16:21:00-05:00,595.78,595.79,595.78,595.79,7264.0,48.0,595.785
2025-01-06 16:22:00-05:00,595.79,595.79,595.69,595.7,9237.0,61.0,595.7074
2025-01-06 16:23:00-05:00,595.7,595.79,595.7,595.79,19583.0,112.0,595.7751
2025-01-06 16:24:00-05:00,595.78,595.82,595.74,595.74,14864.0,101.0,595.797
2025-01-06 16:25:00-05:00,595.74,595.74,595.71,595.72,1396.0,34.0,595.7254
2025-01-06 16:26:00-05:00,595.7,595.72,595.69,595.72,1923.0,35.0,595.6959
2025-01-06 16:27:00-05:00,595.72,595.74,595.72,595.73,621.0,29.0,595.7233
2025-01-06 16:28:00-05:00,595.73,595.75,595.7,595.7,17207.0,73.0,595.7355
2025-01-06 16:29:00-05:00,595.7,595.7,595.7,595.7,0.0,0.0,0.0
2025-01-06 16:30:00-05:00,595.7,595.74,595.7,595.73,7989.0,73.0,595.715
2025-01-06 16:31:00-05:00,595.75,595.75,595.72,595.73,5541.0,42.0,595.73
2025-01-06 16:32:00-05:00,595.7,595.74,595.7,595.74,12535.0,83.0,595.727
2025-01-06 16:33:00-05:00,595.79,595.8,595.77,595.77,9565.0,62.0,595.7787
2025-01-06 16:34:00-05:00,595.77,595.77,595.74,595.74,5646.0,42.0,595.7439
2025-01-06 16:35:00-05:00,595.74,595.74,595.74,595.74,2161.0,40.0,595.7409
2025-01-06 16:36:00-05:00,595.7503,595.7503,595.72,595.72,839.0,32.0,595.7242
2025-01-06 16:37:00-05:00,595.68,595.68,595.67,595.67,850.0,33.0,595.682
2025-01-06 16:38:00-05:00,595.7,595.7,595.7,595.7,9188.0,63.0,595.7
2025-01-06 16:39:00-05:00,595.69,595.69,595.69,595.69,2810.0,44.0,595.6903
2025-01-06 16:40:00-05:00,595.69,595.7,595.68,595.69,10553.0,54.0,595.6903
2025-01-06 16:41:00-05:00,595.68,595.69,595.68,595.68,3516.0,40.0,595.6885
2025-01-06 16:42:00-05:00,595.68,595.69,595.68,595.69,3158.0,32.0,595.6881
2025-01-06 16:43:00-05:00,595.69,595.69,595.69,595.69,365.0,29.0,595.6921
2025-01-06 16:44:00-05:00,595.7,595.7,595.7,595.7,568.0,25.0,595.6984
2025-01-06 16:45:00-05:00,595.7,595.7,595.66,595.7,9422.0,53.0,595.6984
2025-01-06 16:46:00-05:00,595.7,595.7,595.7,595.7,0.0,0.0,0.0
2025-01-06 16:47:00-05:00,595.78,595.86,595.78,595.86,9929.0,73.0,595.7916
2025-01-06 16:48:00-05:00,595.87,595.92,595.87,595.9099,2601.0,32.0,595.8888
2025-01-06 16:49:00-05:00,595.92,595.92,595.86,595.9,8500.0,61.0,595.8736
2025-01-06 16:50:00-05:00,595.9,595.9,595.9,595.9,539.0,25.0,595.9069
2025-01-06 16:51:00-05:00,595.93,595.95,595.93,595.95,1407.0,26.0,595.9435
2025-01-06 16:52:00-05:00,595.9401,595.9401,595.94,595.94,428.0,26.0,595.9426
2025-01-06 16:53:00-05:00,595.95,595.95,595.95,595.95,364.0,30.0,595.9396
2025-01-06 16:54:00-05:00,595.95,595.95,595.95,595.95,901.0,26.0,595.9446
2025-01-06 16:55:00-05:00,595.96,595.96,595.96,595.96,454.0,34.0,595.9603
2025-01-06 16:56:00-05:00,595.96,595.96,595.96,595.96,0.0,0.0,0.0
2025-01-06 16:57:00-05:00,595.88,595.88,595.88,595.88,386.0,21.0,595.8783
2025-01-06 16:58:00-05:00,595.88,595.88,595.82,595.82,3274.0,52.0,595.8425
2025-01-06 16:59:00-05:00,595.88,595.9,595.88,595.9,3279.0,33.0,594.5824
2025-01-06 17:00:00-05:00,595.84,595.84,595.81,595.81,9568.0,37.0,595.8179
2025-01-06 17:01:00-05:00,595.9,595.9,595.82,595.82,5090.0,37.0,595.8449
2025-01-06 17:02:00-05:00,595.82,595.82,595.81,595.81,2695.0,34.0,595.5875
2025-01-06 17:03:00-05:00,595.81,595.81,595.81,595.81,166.0,8.0,595.8135
2025-01-06 17:04:00-05:00,595.81,595.81,595.8,595.8,1226.0,37.0,595.8078
2025-01-06 17:05:00-05:00,595.84,595.84,595.84,595.84,430.0,22.0,595.8331
2025-01-06 17:06:00-05:00,595.84,595.86,595.84,595.86,1918.0,29.0,595.4773
2025-01-06 17:07:00-05:00,595.8,595.8,595.8,595.8,249.0,16.0,590.156
2025-01-06 17:08:00-05:00,595.86,595.86,595.86,595.86,1095.0,19.0,595.856
2025-01-06 17:09:00-05:00,595.8487,595.8487,595.8487,595.8487,1159.0,11.0,595.0993
2025-01-06 17:10:00-05:00,595.83,595.83,595.83,595.83,148.0,16.0,595.834
2025-01-06 17:11:00-05:00,595.83,595.85,595.83,595.8499,495.0,21.0,595.8422
2025-01-06 17:12:00-05:00,595.8499,595.8499,595.8499,595.8499,354.0,14.0,595.8461
2025-01-06 17:13:00-05:00,595.8499,595.8499,595.8499,595.8499,0.0,0.0,0.0
2025-01-06 17:14:00-05:00,595.8499,595.8499,595.8499,595.8499,0.0,0.0,0.0
2025-01-06 17:15:00-05:00,595.8499,595.8499,595.8499,595.8499,0.0,0.0,0.0
2025-01-06 17:16:00-05:00,595.82,595.82,595.82,595.82,501.0,25.0,595.8245
2025-01-06 17:17:00-05:00,595.82,595.82,595.82,595.82,0.0,0.0,0.0
2025-01-06 17:18:00-05:00,595.85,595.86,595.85,595.86,1848.0,27.0,595.8502
2025-01-06 17:19:00-05:00,595.85,595.85,595.85,595.85,441.0,11.0,595.8516
2025-01-06 17:20:00-05:00,595.85,595.85,595.85,595.85,0.0,0.0,0.0
2025-01-06 17:21:00-05:00,595.85,595.85,595.85,595.85,0.0,0.0,0.0
2025-01-06 17:22:00-05:00,595.85,595.85,595.85,595.85,53793.0,11.0,595.3909
2025-01-06 17:23:00-05:00,595.85,595.85,595.78,595.78,4474.0,41.0,595.8039
2025-01-06 17:24:00-05:00,595.78,595.78,595.78,595.78,0.0,0.0,0.0
2025-01-06 17:25:00-05:00,595.78,595.78,595.78,595.78,0.0,0.0,0.0
2025-01-06 17:26:00-05:00,595.78,595.78,595.78,595.78,0.0,0.0,0.0
2025-01-06 17:27:00-05:00,595.78,595.78,595.78,595.78,0.0,0.0,0.0
2025-01-06 17:28:00-05:00,595.7808,595.7808,595.7808,595.7808,153.0,13.0,595.7852
2025-01-06 17:29:00-05:00,595.7808,595.7808,595.7808,595.7808,0.0,0.0,0.0
2025-01-06 17:30:00-05:00,595.7808,595.7808,595.7808,595.7808,0.0,0.0,0.0
2025-01-06 17:31:00-05:00,595.82,595.82,595.82,595.82,220.0,22.0,595.8222
2025-01-06 17:32:00-05:00,595.85,595.85,595.85,595.85,300.0,12.0,595.8162
2025-01-06 17:33:00-05:00,595.82,595.82,595.82,595.82,277.0,12.0,595.8159
2025-01-06 17:34:00-05:00,595.82,595.82,595.82,595.82,0.0,0.0,0.0
2025-01-06 17:35:00-05:00,595.82,595.82,595.82,595.82,0.0,0.0,0.0
2025-01-06 17:36:00-05:00,595.85,595.85,595.84,595.84,1259.0,21.0,595.8424
2025-01-06 17:37:00-05:00,595.84,595.84,595.84,595.84,0.0,0.0,0.0
2025-01-06 17:38:00-05:00,595.84,595.84,595.84,595.84,0.0,0.0,0.0
2025-01-06 17:39:00-05:00,595.84,595.84,595.84,595.84,0.0,0.0,0.0
2025-01-06 17:40:00-05:00,595.83,595.83,595.83,595.83,302.0,17.0,595.8446
2025-01-06 17:41:00-05:00,595.84,595.84,595.84,595.84,546.0,24.0,595.8417
2025-01-06 17:42:00-05:00,595.84,595.84,595.83,595.8397,5806.0,21.0,595.8396
2025-01-06 17:43:00-05:00,595.83,595.83,595.83,595.83,138.0,12.0,595.8312
2025-01-06 17:44:00-05:00,595.84,595.87,595.84,595.87,2116.0,21.0,595.8552
2025-01-06 17:45:00-05:00,595.84,595.84,595.84,595.84,2009.0,21.0,595.8401
2025-01-06 17:46:00-05:00,595.84,595.84,595.83,595.83,8812.0,104.0,595.8398
2025-01-06 17:47:00-05:00,595.83,595.83,595.83,595.83,0.0,0.0,0.0
2025-01-06 17:48:00-05:00,595.83,595.83,595.83,595.83,0.0,0.0,0.0
2025-01-06 17:49:00-05:00,595.84,595.84,595.84,595.84,206.0,9.0,595.8399
2025-01-06 17:50:00-05:00,595.83,595.84,595.83,595.84,530.0,8.0,595.8375
2025-01-06 17:51:00-05:00,595.84,595.84,595.84,595.84,0.0,0.0,0.0
2025-01-06 17:52:00-05:00,595.9,595.9,595.9,595.9,413.0,16.0,595.9023
2025-01-06 17:53:00-05:00,595.91,595.91,595.91,595.91,520.0,8.0,595.9035
2025-01-06 17:54:00-05:00,595.91,595.91,595.91,595.91,2536.0,12.0,595.9099
2025-01-06 17:55:00-05:00,595.9,595.9,595.9,595.9,1520.0,13.0,595.9
2025-01-06 17:56:00-05:00,595.91,595.91,595.89,595.89,1278.0,26.0,595.8931
2025-01-06 17:57:00-05:00,595.85,595.85,595.85,595.85,4013.0,25.0,595.8505
2025-01-06 17:58:00-05:00,595.85,595.85,595.85,595.85,0.0,0.0,0.0
2025-01-06 17:59:00-05:00,595.95,596.0,595.95,596.0,10159.0,42.0,595.9794
2025-01-06 18:00:00-05:00,596.0,596.0,596.0,596.0,0.0,0.0,0.0
2025-01-06 18:01:00-05:00,595.93,596.2,595.93,596.2,26274.0,75.0,595.9907
2025-01-06 18:02:00-05:00,596.12,596.195,596.1,596.15,10701.0,45.0,596.1042
2025-01-06 18:03:00-05:00,596.14,596.2,596.14,596.2,1256.0,25.0,596.1872
2025-01-06 18:04:00-05:00,596.2,596.2,596.2,596.2,0.0,0.0,0.0
2025-01-06 18:05:00-05:00,596.17,596.21,596.16,596.18,4104.0,40.0,596.1915
2025-01-06 18:06:00-05:00,596.12,596.12,596.12,596.12,467.0,15.0,596.1248
2025-01-06 18:07:00-05:00,596.12,596.12,596.12,596.12,0.0,0.0,0.0
2025-01-06 18:08:00-05:00,596.11,596.11,596.11,596.11,206.0,11.0,596.1081
2025-01-06 18:09:00-05:00,596.05,596.05,596.01,596.01,767.0,10.0,596.0457
2025-01-06 18:10:00-05:00,596.12,596.12,596.12,596.12,3062.0,16.0,596.1195
2025-01-06 18:11:00-05:00,596.1,596.11,596.1,596.11,1192.0,17.0,596.1019
2025-01-06 18:12:00-05:00,596.11,596.11,596.11,596.11,0.0,0.0,0.0
2025-01-06 18:13:00-05:00,596.11,596.11,596.11,596.11,0.0,0.0,0.0
2025-01-06 18:14:00-05:00,596.11,596.11,596.11,596.11,0.0,0.0,0.0
2025-01-06 18:15:00-05:00,596.11,596.11,596.11,596.11,0.0,0.0,0.0
2025-01-06 18:16:00-05:00,596.08,596.08,596.08,596.08,3207.0,33.0,596.0806
2025-01-06 18:17:00-05:00,596.0,596.0,596.0,596.0,1272.0,20.0,596.0009
2025-01-06 18:18:00-05:00,596.0,596.0,596.0,596.0,317.0,15.0,595.9846
2025-01-06 18:19:00-05:00,596.0,596.0,596.0,596.0,0.0,0.0,0.0
2025-01-06 18:20:00-05:00,595.95,595.95,595.81,595.86,3698.0,37.0,595.8506
2025-01-06 18:21:00-05:00,595.95,595.95,595.85,595.85,826.0,20.0,595.8868
2025-01-06 18:22:00-05:00,595.87,595.87,595.85,595.85,5194.0,20.0,595.8633
2025-01-06 18:23:00-05:00,595.85,595.85,595.85,595.85,0.0,0.0,0.0
2025-01-06 18:24:00-05:00,595.85,595.85,595.85,595.85,0.0,0.0,0.0
2025-01-06 18:25:00-05:00,595.88,595.88,595.88,595.88,145.0,22.0,595.8865
2025-01-06 18:26:00-05:00,595.88,595.88,595.88,595.88,0.0,0.0,0.0
2025-01-06 18:27:00-05:00,595.96,595.96,595.96,595.96,122.0,11.0,595.958
2025-01-06 18:28:00-05:00,595.92,595.92,595.92,595.92,578.0,15.0,595.9275
2025-01-06 18:29:00-05:00,595.85,595.85,595.85,595.85,629.0,18.0,595.8517
2025-01-06 18:30:00-05:00,595.81,595.81,595.81,595.81,355.0,15.0,595.8159
2025-01-06 18:31:00-05:00,595.92,595.92,595.92,595.92,114.0,10.0,595.9178
2025-01-06 18:32:00-05:00,595.87,595.87,595.87,595.87,146.0,13.0,595.8725
2025-01-06 18:33:00-05:00,595.87,595.87,595.87,595.87,0.0,0.0,0.0
2025-01-06 18:34:00-05:00,595.87,595.87,595.87,595.87,0.0,0.0,0.0
2025-01-06 18:35:00-05:00,595.87,595.87,595.87,595.87,0.0,0.0,0.0
2025-01-06 18:36:00-05:00,595.84,595.84,595.84,595.84,383.0,10.0,595.8401
2025-01-06 18:37:00-05:00,595.8,595.8,595.75,595.75,4281.0,27.0,595.766
2025-01-06 18:38:00-05:00,595.86,595.86,595.86,595.86,1518.0,12.0,595.8593
2025-01-06 18:39:00-05:00,595.73,595.83,595.73,595.82,1320.0,12.0,595.8149
2025-01-06 18:40:00-05:00,595.82,595.82,595.82,595.82,0.0,0.0,0.0
2025-01-06 18:41:00-05:00,595.82,595.82,595.82,595.82,0.0,0.0,0.0
2025-01-06 18:42:00-05:00,595.82,595.82,595.82,595.82,0.0,0.0,0.0
2025-01-06 18:43:00-05:00,595.82,595.82,595.82,595.82,0.0,0.0,0.0
2025-01-06 18:44:00-05:00,595.9,595.93,595.9,595.93,1035.0,11.0,595.921
2025-01-06 18:45:00-05:00,595.93,595.93,595.93,595.93,0.0,0.0,0.0
2025-01-06 18:46:00-05:00,595.93,595.93,595.93,595.93,0.0,0.0,0.0
2025-01-06 18:47:00-05:00,595.99,595.99,595.99,595.99,533.0,22.0,595.9826
2025-01-06 18:48:00-05:00,595.9,595.9,595.9,595.9,139.0,11.0,595.9089
2025-01-06 18:49:00-05:00,595.9,595.9,595.9,595.9,0.0,0.0,0.0
2025-01-06 18:50:00-05:00,595.9,595.9,595.9,595.9,0.0,0.0,0.0
2025-01-06 18:51:00-05:00,595.9,595.9,595.9,595.9,0.0,0.0,0.0
2025-01-06 18:52:00-05:00,595.9,595.9,595.9,595.9,0.0,0.0,0.0
2025-01-06 18:53:00-05:00,595.9,595.9,595.9,595.9,0.0,0.0,0.0
2025-01-06 18:54:00-05:00,595.9,595.9,595.9,595.9,0.0,0.0,0.0
2025-01-06 18:55:00-05:00,595.9,595.9,595.9,595.9,0.0,0.0,0.0
2025-01-06 18:56:00-05:00,595.86,595.87,595.84,595.84,1455.0,11.0,595.8652
2025-01-06 18:57:00-05:00,595.8,595.8,595.8,595.8,246.0,26.0,595.7783
2025-01-06 18:58:00-05:00,595.72,595.72,595.7,595.71,1805.0,19.0,595.7109
2025-01-06 18:59:00-05:00,595.71,595.71,595.71,595.71,0.0,0.0,0.0
2025-01-06 19:00:00-05:00,595.79,595.79,595.75,595.75,700.0,25.0,595.7675
2025-01-06 19:01:00-05:00,595.76,595.76,595.73,595.73,926.0,18.0,595.7449
2025-01-06 19:02:00-05:00,595.74,595.74,595.74,595.74,159.0,19.0,595.7371
2025-01-06 19:03:00-05:00,595.72,595.72,595.7,595.7,870.0,23.0,595.7022
2025-01-06 19:04:00-05:00,595.61,595.63,595.6,595.63,756.0,14.0,595.6245
2025-01-06 19:05:00-05:00,595.6,595.6,595.55,595.56,5523.0,42.0,595.5747
2025-01-06 19:06:00-05:00,595.6,595.6,595.6,595.6,296.0,12.0,595.5946
2025-01-06 19:07:00-05:00,595.63,595.63,595.63,595.63,339.0,23.0,595.638
2025-01-06 19:08:00-05:00,595.62,595.62,595.62,595.62,301.0,13.0,595.6164
2025-01-06 19:09:00-05:00,595.6,595.6,595.58,595.58,404.0,15.0,595.5965
2025-01-06 19:10:00-05:00,595.62,595.62,595.62,595.62,651.0,14.0,595.622
2025-01-06 19:11:00-05:00,595.73,595.73,595.73,595.73,443.0,15.0,595.7187
2025-01-06 19:12:00-05:00,595.69,595.69,595.69,595.69,408.0,11.0,595.6904
2025-01-06 19:13:00-05:00,595.76,595.76,595.76,595.76,593.0,10.0,595.752
2025-01-06 19:14:00-05:00,595.76,595.76,595.76,595.76,0.0,0.0,0.0
2025-01-06 19:15:00-05:00,595.82,595.82,595.82,595.82,822.0,18.0,595.8184
2025-01-06 19:16:00-05:00,595.82,595.82,595.82,595.82,0.0,0.0,0.0
2025-01-06 19:17:00-05:00,595.66,595.66,595.65,595.65,449.0,9.0,595.6583
2025-01-06 19:18:00-05:00,595.65,595.65,595.65,595.65,0.0,0.0,0.0
2025-01-06 19:19:00-05:00,595.65,595.65,595.65,595.65,0.0,0.0,0.0
2025-01-06 19:20:00-05:00,595.64,595.64,595.64,595.64,108.0,8.0,595.6398
2025-01-06 19:21:00-05:00,595.62,595.63,595.62,595.63,441.0,11.0,595.6278
2025-01-06 19:22:00-05:00,595.63,595.63,595.63,595.63,0.0,0.0,0.0
2025-01-06 19:23:00-05:00,595.6599,595.71,595.6599,595.71,674.0,16.0,595.6789
2025-01-06 19:24:00-05:00,595.71,595.71,595.71,595.71,0.0,0.0,0.0
2025-01-06 19:25:00-05:00,595.71,595.71,595.71,595.71,0.0,0.0,0.0
2025-01-06 19:26:00-05:00,595.64,595.64,595.62,595.62,1190.0,22.0,595.6288
2025-01-06 19:27:00-05:00,595.65,595.69,595.65,595.69,10520.0,24.0,595.6612
2025-01-06 19:28:00-05:00,595.71,595.71,595.62,595.62,5385.0,28.0,595.697
2025-01-06 19:29:00-05:00,595.6,595.6,595.6,595.6,163.0,11.0,595.6006
2025-01-06 19:30:00-05:00,595.6,595.6,595.6,595.6,0.0,0.0,0.0
2025-01-06 19:31:00-05:00,595.6,595.6,595.6,595.6,0.0,0.0,0.0
2025-01-06 19:32:00-05:00,595.75,595.78,595.75,595.78,2119.0,17.0,595.7752
2025-01-06 19:33:00-05:00,595.78,595.78,595.78,595.78,0.0,0.0,0.0
2025-01-06 19:34:00-05:00,595.78,595.78,595.78,595.78,0.0,0.0,0.0
2025-01-06 19:35:00-05:00,595.83,595.83,595.83,595.83,346.0,11.0,595.8313
2025-01-06 19:36:00-05:00,595.83,595.83,595.83,595.83,0.0,0.0,0.0
2025-01-06 19:37:00-05:00,595.85,595.85,595.82,595.82,508.0,18.0,595.8309
2025-01-06 19:38:00-05:00,595.82,595.82,595.82,595.82,0.0,0.0,0.0
2025-01-06 19:39:00-05:00,595.83,595.83,595.83,595.83,742.0,13.0,595.8355
2025-01-06 19:40:00-05:00,595.79,595.8,595.79,595.8,516.0,11.0,595.7977
2025-01-06 19:41:00-05:00,595.86,595.86,595.86,595.86,436.0,16.0,595.8491
2025-01-06 19:42:00-05:00,595.78,595.78,595.78,595.78,349.0,22.0,595.7924
2025-01-06 19:43:00-05:00,595.78,595.78,595.78,595.78,0.0,0.0,0.0
2025-01-06 19:44:00-05:00,595.84,595.84,595.84,595.84,782.0,10.0,595.8342
2025-01-06 19:45:00-05:00,595.8,595.8,595.8,595.8,232.0,15.0,595.8127
2025-01-06 19:46:00-05:00,595.8,595.8,595.8,595.8,0.0,0.0,0.0
2025-01-06 19:47:00-05:00,595.8,595.8,595.8,595.8,0.0,0.0,0.0
2025-01-06 19:48:00-05:00,595.8,595.8,595.8,595.8,0.0,0.0,0.0
2025-01-06 19:49:00-05:00,595.76,595.76,595.76,595.76,366.0,17.0,595.7564
2025-01-06 19:50:00-05:00,595.76,595.76,595.76,595.76,0.0,0.0,0.0
2025-01-06 19:51:00-05:00,595.79,595.79,595.79,595.79,297.0,6.0,595.7783
2025-01-06 19:52:00-05:00,595.79,595.79,595.79,595.79,0.0,0.0,0.0
2025-01-06 19:53:00-05:00,595.77,595.77,595.76,595.76,2974.0,16.0,595.7679
2025-01-06 19:54:00-05:00,595.79,595.79,595.71,595.71,1978.0,27.0,595.7439
2025-01-06 19:55:00-05:00,595.63,595.63,595.35,595.36,30404.0,166.0,595.3913
2025-01-06 19:56:00-05:00,595.48,595.48,595.48,595.48,209.0,24.0,595.4782
2025-01-06 19:57:00-05:00,595.5,595.5,595.4792,595.4792,853.0,13.0,595.4982
2025-01-06 19:58:00-05:00,595.5,595.55,595.49,595.55,1725.0,21.0,595.5096
2025-01-06 19:59:00-05:00,595.54,595.58,595.54,595.55,1613.0,26.0,595.5536
2025-01-07 04:00:00-05:00,595.67,595.67,595.56,595.6,3009.0,57.0,595.577
2025-01-07 04:01:00-05:00,595.61,595.61,595.61,595.61,807.0,35.0,595.6074
2025-01-07 04:02:00-05:00,595.74,595.74,595.74,595.74,252.0,16.0,595.7479
2025-01-07 04:03:00-05:00,595.83,595.83,595.83,595.83,500.0,7.0,595.8338
2025-01-07 04:04:00-05:00,595.83,595.83,595.83,595.83,0.0,0.0,0.0
2025-01-07 04:05:00-05:00,595.8,595.8,595.8,595.8,710.0,9.0,595.795
2025-01-07 04:06:00-05:00,595.77,595.81,595.77,595.81,504.0,20.0,595.7728
2025-01-07 04:07:00-05:00,595.81,595.81,595.81,595.81,0.0,0.0,0.0
2025-01-07 04:08:00-05:00,595.79,595.79,595.79,595.79,222.0,7.0,595.8092
2025-01-07 04:09:00-05:00,595.91,595.94,595.91,595.94,902.0,13.0,595.9079
2025-01-07 04:10:00-05:00,595.96,595.96,595.95,595.96,1132.0,16.0,595.9517
2025-01-07 04:11:00-05:00,595.89,595.89,595.89,595.89,644.0,20.0,595.8987
2025-01-07 04:12:00-05:00,595.89,595.89,595.89,595.89,0.0,0.0,0.0
2025-01-07 04:13:00-05:00,595.89,595.89,595.89,595.89,0.0,0.0,0.0
2025-01-07 04:14:00-05:00,595.8,595.8,595.8,595.8,226.0,16.0,595.8189
2025-01-07 04:15:00-05:00,595.8,595.8,595.8,595.8,0.0,0.0,0.0
2025-01-07 04:16:00-05:00,595.71,595.71,595.71,595.71,302.0,15.0,595.6994
2025-01-07 04:17:00-05:00,595.71,595.71,595.71,595.71,0.0,0.0,0.0
2025-01-07 04:18:00-05:00,595.6,595.6,595.59,595.59,602.0,24.0,595.6058
2025-01-07 04:19:00-05:00,595.68,595.68,595.68,595.68,167.0,9.0,595.6697
2025-01-07 04:20:00-05:00,595.68,595.68,595.68,595.68,0.0,0.0,0.0
2025-01-07 04:21:00-05:00,595.69,595.69,595.69,595.69,540.0,11.0,595.6799
2025-01-07 04:22:00-05:00,595.69,595.69,595.69,595.69,0.0,0.0,0.0
2025-01-07 04:23:00-05:00,595.65,595.65,595.65,595.65,438.0,7.0,595.6666
2025-01-07 04:24:00-05:00,595.65,595.65,595.65,595.65,0.0,0.0,0.0
2025-01-07 04:25:00-05:00,595.65,595.65,595.65,595.65,259.0,6.0,595.6556
2025-01-07 04:26:00-05:00,595.65,595.65,595.65,595.65,0.0,0.0,0.0
2025-01-07 04:27:00-05:00,595.65,595.65,595.65,595.65,0.0,0.0,0.0
2025-01-07 04:28:00-05:00,595.65,595.65,595.65,595.65,0.0,0.0,0.0
2025-01-07 04:29:00-05:00,595.65,595.65,595.65,595.65,0.0,0.0,0.0
2025-01-07 04:30:00-05:00,595.69,595.69,595.67,595.67,673.0,15.0,595.6741
2025-01-07 04:31:00-05:00,595.61,595.61,595.61,595.61,404.0,12.0,595.6488
2025-01-07 04:32:00-05:00,595.61,595.61,595.61,595.61,0.0,0.0,0.0
2025-01-07 04:33:00-05:00,595.65,595.65,595.65,595.65,176.0,8.0,595.6494
2025-01-07 04:34:00-05:00,595.65,595.65,595.65,595.65,0.0,0.0,0.0
2025-01-07 04:35:00-05:00,595.68,595.68,595.68,595.68,254.0,7.0,595.6826
2025-01-07 04:36:00-05:00,595.68,595.68,595.68,595.68,258.0,12.0,595.7076
2025-01-07 04:37:00-05:00,595.84,595.84,595.84,595.84,181.0,5.0,595.8222
2025-01-07 04:38:00-05:00,595.84,595.84,595.84,595.84,0.0,0.0,0.0
2025-01-07 04:39:00-05:00,595.84,595.84,595.84,595.84,0.0,0.0,0.0
2025-01-07 04:40:00-05:00,595.81,595.81,595.81,595.81,252.0,8.0,595.806
2025-01-07 04:41:00-05:00,595.74,595.74,595.74,595.74,1147.0,10.0,595.7403
2025-01-07 04:42:00-05:00,595.75,595.75,595.63,595.63,456.0,14.0,595.6716
2025-01-07 04:43:00-05:00,595.63,595.63,595.63,595.63,0.0,0.0,0.0
2025-01-07 04:44:00-05:00,595.62,595.62,595.62,595.62,278.0,10.0,595.5996
2025-01-07 04:45:00-05:00,595.58,595.58,595.4,595.4,666.0,23.0,595.4578
2025-01-07 04:46:00-05:00,595.28,595.28,595.23,595.23,2143.0,45.0,595.2611
2025-01-07 04:47:00-05:00,595.23,595.23,595.23,595.23,1271.0,12.0,595.2299
2025-01-07 04:48:00-05:00,595.21,595.21,595.21,595.21,127.0,7.0,595.2131
2025-01-07 04:49:00-05:00,595.21,595.21,595.21,595.21,0.0,0.0,0.0
2025-01-07 04:50:00-05:00,595.27,595.32,595.27,595.31,8460.0,17.0,595.2805
2025-01-07 04:51:00-05:00,595.11,595.14,595.11,595.14,1192.0,26.0,595.1318
2025-01-07 04:52:00-05:00,595.14,595.14,595.14,595.14,0.0,0.0,0.0
2025-01-07 04:53:00-05:00,595.38,595.38,595.38,595.38,301.0,2.0,595.38
2025-01-07 04:54:00-05:00,595.38,595.38,595.38,595.38,0.0,0.0,0.0
2025-01-07 04:55:00-05:00,595.36,595.38,595.36,595.37,715.0,7.0,595.3582
2025-01-07 04:56:00-05:00,595.37,595.37,595.37,595.37,0.0,0.0,0.0
2025-01-07 04:57:00-05:00,595.35,595.35,595.35,595.35,1068.0,13.0,595.3508
2025-01-07 04:58:00-05:00,595.35,595.35,595.35,595.35,0.0,0.0,0.0
2025-01-07 04:59:00-05:00,595.35,595.35,595.35,595.35,0.0,0.0,0.0
2025-01-07 05:00:00-05:00,595.23,595.23,595.23,595.23,435.0,21.0,595.2281
2025-01-07 05:01:00-05:00,595.23,595.23,595.23,595.23,0.0,0.0,0.0
2025-01-07 05:02:00-05:00,595.19,595.19,595.19,595.19,566.0,13.0,595.181
2025-01-07 05:03:00-05:00,595.08,595.08,595.08,595.08,265.0,13.0,595.0758
2025-01-07 05:04:00-05:00,595.26,595.3,595.26,595.28,2672.0,28.0,595.2863
2025-01-07 05:05:00-05:00,595.28,595.28,595.28,595.28,0.0,0.0,0.0
2025-01-07 05:06:00-05:00,595.28,595.28,595.28,595.28,0.0,0.0,0.0
2025-01-07 05:07:00-05:00,595.41,595.41,595.41,595.41,652.0,12.0,595.4127
2025-01-07 05:08:00-05:00,595.46,595.46,595.46,595.46,283.0,16.0,595.4617
2025-01-07 05:09:00-05:00,595.47,595.47,595.47,595.47,248.0,15.0,595.4761
2025-01-07 05:10:00-05:00,595.47,595.47,595.47,595.47,0.0,0.0,0.0
2025-01-07 05:11:00-05:00,595.47,595.47,595.47,595.47,0.0,0.0,0.0
2025-01-07 05:12:00-05:00,595.7,595.7,595.7,595.7,197.0,6.0,595.7035
2025-01-07 05:13:00-05:00,595.8,595.8,595.8,595.8,953.0,17.0,595.8257
2025-01-07 05:14:00-05:00,595.8,595.8,595.8,595.8,0.0,0.0,0.0
2025-01-07 05:15:00-05:00,595.81,595.81,595.81,595.81,151.0,9.0,595.8166
2025-01-07 05:16:00-05:00,595.81,595.81,595.81,595.81,0.0,0.0,0.0
2025-01-07 05:17:00-05:00,595.81,595.81,595.81,595.81,0.0,0.0,0.0
2025-01-07 05:18:00-05:00,595.81,595.81,595.81,595.81,0.0,0.0,0.0
2025-01-07 05:19:00-05:00,595.85,595.85,595.85,595.85,3210.0,18.0,595.851
2025-01-07 05:20:00-05:00,595.85,595.85,595.85,595.85,0.0,0.0,0.0
2025-01-07 05:21:00-05:00,595.85,595.85,595.85,595.85,0.0,0.0,0.0
2025-01-07 05:22:00-05:00,595.85,595.85,595.85,595.85,0.0,0.0,0.0
2025-01-07 05:23:00-05:00,596.0,596.02,596.0,596.02,886.0,19.0,596.0021
2025-01-07 05:24:00-05:00,596.02,596.02,596.02,596.02,0.0,0.0,0.0
2025-01-07 05:25:00-05:00,596.02,596.02,596.02,596.02,0.0,0.0,0.0
2025-01-07 05:26:00-05:00,596.02,596.02,596.02,596.02,0.0,0.0,0.0
2025-01-07 05:27:00-05:00,596.02,596.02,596.02,596.02,0.0,0.0,0.0
2025-01-07 05:28:00-05:00,596.02,596.02,596.02,596.02,0.0,0.0,0.0
2025-01-07 05:29:00-05:00,596.02,596.02,596.02,596.02,0.0,0.0,0.0
2025-01-07 05:30:00-05:00,595.88,595.88,595.86,595.86,669.0,9.0,595.8674
2025-01-07 05:31:00-05:00,595.86,595.86,595.86,595.86,0.0,0.0,0.0
2025-01-07 05:32:00-05:00,595.86,595.86,595.86,595.86,0.0,0.0,0.0
2025-01-07 05:33:00-05:00,596.03,596.03,596.03,596.03,119.0,9.0,596.0279
2025-01-07 05:34:00-05:00,596.01,596.01,596.01,596.01,3042.0,14.0,596.0109
2025-01-07 05:35:00-05:00,596.04,596.04,596.03,596.03,792.0,8.0,596.036
2025-01-07 05:36:00-05:00,596.03,596.03,596.03,596.03,0.0,0.0,0.0
2025-01-07 05:37:00-05:00,596.03,596.03,596.03,596.03,0.0,0.0,0.0
2025-01-07 05:38:00-05:00,596.03,596.03,596.03,596.03,0.0,0.0,0.0
2025-01-07 05:39:00-05:00,596.03,596.03,596.03,596.03,0.0,0.0,0.0
2025-01-07 05:40:00-05:00,596.03,596.03,596.03,596.03,0.0,0.0,0.0
2025-01-07 05:41:00-05:00,596.0,596.0,596.0,596.0,201.0,3.0,596.0001
2025-01-07 05:42:00-05:00,596.0,596.0,596.0,596.0,0.0,0.0,0.0
2025-01-07 05:43:00-05:00,596.0,596.0,596.0,596.0,0.0,0.0,0.0
2025-01-07 05:44:00-05:00,595.88,595.88,595.88,595.88,249.0,6.0,595.9037
2025-01-07 05:45:00-05:00,595.88,595.88,595.88,595.88,0.0,0.0,0.0
2025-01-07 05:46:00-05:00,595.79,595.79,595.78,595.78,907.0,9.0,595.7817
2025-01-07 05:47:00-05:00,595.79,595.79,595.79,595.79,100.0,1.0,595.79
2025-01-07 05:48:00-05:00,595.79,595.79,595.79,595.79,0.0,0.0,0.0
2025-01-07 05:49:00-05:00,595.79,595.79,595.79,595.79,0.0,0.0,0.0
2025-01-07 05:50:00-05:00,595.79,595.79,595.79,595.79,0.0,0.0,0.0
2025-01-07 05:51:00-05:00,595.79,595.79,595.79,595.79,0.0,0.0,0.0
2025-01-07 05:52:00-05:00,595.79,595.79,595.79,595.79,0.0,0.0,0.0
2025-01-07 05:53:00-05:00,595.79,595.79,595.79,595.79,0.0,0.0,0.0
2025-01-07 05:54:00-05:00,595.98,596.05,595.98,596.05,1917.0,16.0,596.0388
2025-01-07 05:55:00-05:00,596.05,596.05,596.05,596.05,0.0,0.0,0.0
2025-01-07 05:56:00-05:00,596.05,596.05,596.05,596.05,0.0,0.0,0.0
2025-01-07 05:57:00-05:00,596.03,596.03,596.03,596.03,666.0,7.0,596.0312
2025-01-07 05:58:00-05:00,596.03,596.03,596.03,596.03,0.0,0.0,0.0
2025-01-07 05:59:00-05:00,596.03,596.03,596.03,596.03,0.0,0.0,0.0
2025-01-07 06:00:00-05:00,596.03,596.03,596.03,596.03,0.0,0.0,0.0
2025-01-07 06:01:00-05:00,596.01,596.01,596.01,596.01,161.0,11.0,596.0019
2025-01-07 06:02:00-05:00,595.91,595.91,595.91,595.91,110.0,7.0,595.9118
2025-01-07 06:03:00-05:00,595.91,595.91,595.91,595.91,0.0,0.0,0.0
2025-01-07 06:04:00-05:00,595.91,595.91,595.91,595.91,0.0,0.0,0.0
2025-01-07 06:05:00-05:00,595.91,595.91,595.91,595.91,0.0,0.0,0.0
2025-01-07 06:06:00-05:00,595.91,595.91,595.91,595.91,0.0,0.0,0.0
2025-01-07 06:07:00-05:00,595.91,595.91,595.91,595.91,0.0,0.0,0.0
2025-01-07 06:08:00-05:00,595.91,595.91,595.91,595.91,0.0,0.0,0.0
2025-01-07 06:09:00-05:00,595.91,595.91,595.91,595.91,0.0,0.0,0.0
2025-01-07 06:10:00-05:00,595.91,595.91,595.91,595.91,0.0,0.0,0.0
2025-01-07 06:11:00-05:00,595.91,595.91,595.91,595.91,0.0,0.0,0.0
2025-01-07 06:12:00-05:00,595.91,595.91,595.91,595.91,0.0,0.0,0.0
2025-01-07 06:13:00-05:00,595.91,595.91,595.91,595.91,0.0,0.0,0.0
2025-01-07 06:14:00-05:00,595.84,595.84,595.84,595.84,462.0,12.0,595.8532
2025-01-07 06:15:00-05:00,595.84,595.84,595.7,595.7,331.0,12.0,595.7689
2025-01-07 06:16:00-05:00,595.7,595.7,595.7,595.7,0.0,0.0,0.0
2025-01-07 06:17:00-05:00,595.87,595.87,595.87,595.87,157.0,5.0,595.866
2025-01-07 06:18:00-05:00,595.87,595.87,595.87,595.87,0.0,0.0,0.0
2025-01-07 06:19:00-05:00,595.87,595.87,595.87,595.87,0.0,0.0,0.0
2025-01-07 06:20:00-05:00,595.87,595.87,595.87,595.87,0.0,0.0,0.0
2025-01-07 06:21:00-05:00,595.92,595.92,595.92,595.92,217.0,6.0,595.9208
2025-01-07 06:22:00-05:00,595.92,595.92,595.92,595.92,0.0,0.0,0.0
2025-01-07 06:23:00-05:00,595.92,595.92,595.92,595.92,0.0,0.0,0.0
2025-01-07 06:24:00-05:00,595.92,595.92,595.92,595.92,0.0,0.0,0.0
2025-01-07 06:25:00-05:00,596.09,596.09,596.09,596.09,445.0,14.0,596.0849
2025-01-07 06:26:00-05:00,596.09,596.12,596.09,596.12,567.0,8.0,596.1159
2025-01-07 06:27:00-05:00,596.12,596.12,596.12,596.12,0.0,0.0,0.0
2025-01-07 06:28:00-05:00,596.12,596.12,596.12,596.12,0.0,0.0,0.0
2025-01-07 06:29:00-05:00,596.15,596.15,596.15,596.15,334.0,5.0,596.1486
2025-01-07 06:30:00-05:00,596.15,596.15,596.15,596.15,461.0,13.0,596.1087
2025-01-07 06:31:00-05:00,595.8,595.8,595.8,595.8,8407.0,65.0,595.8015
2025-01-07 06:32:00-05:00,595.71,595.71,595.71,595.71,292.0,13.0,595.7611
2025-01-07 06:33:00-05:00,595.73,595.73,595.73,595.73,945.0,8.0,595.7313
2025-01-07 06:34:00-05:00,595.8,595.8,595.53,595.53,3004.0,42.0,595.7237
2025-01-07 06:35:00-05:00,595.57,595.57,595.52,595.52,536.0,9.0,595.5607
2025-01-07 06:36:00-05:00,595.5,595.5,595.45,595.5,32210.0,129.0,595.4977
2025-01-07 06:37:00-05:00,595.57,595.6,595.5,595.58,3577.0,33.0,595.5749
2025-01-07 06:38:00-05:00,595.6,595.6,595.6,595.6,523.0,8.0,595.5994
2025-01-07 06:39:00-05:00,595.6,595.6,595.6,595.6,2459.0,12.0,595.5996
2025-01-07 06:40:00-05:00,595.6,595.6,595.6,595.6,0.0,0.0,0.0
2025-01-07 06:41:00-05:00,595.6,595.6,595.57,595.57,16176.0,70.0,595.5988
2025-01-07 06:42:00-05:00,595.57,595.57,595.57,595.57,0.0,0.0,0.0
2025-01-07 06:43:00-05:00,595.56,595.6,595.56,595.6,1979.0,27.0,595.5889
2025-01-07 06:44:00-05:00,595.6,595.6,595.6,595.6,0.0,0.0,0.0
2025-01-07 06:45:00-05:00,595.58,595.58,595.58,595.58,12912.0,68.0,595.5791
2025-01-07 06:46:00-05:00,595.58,595.58,595.58,595.58,0.0,0.0,0.0
2025-01-07 06:47:00-05:00,595.58,595.58,595.58,595.58,0.0,0.0,0.0
2025-01-07 06:48:00-05:00,595.58,595.58,595.58,595.58,309.0,11.0,595.5571
2025-01-07 06:49:00-05:00,595.58,595.58,595.58,595.58,0.0,0.0,0.0
2025-01-07 06:50:00-05:00,595.58,595.58,595.58,595.58,0.0,0.0,0.0
2025-01-07 06:51:00-05:00,595.59,595.68,595.59,595.68,5268.0,38.0,595.6371
2025-01-07 06:52:00-05:00,595.65,595.7,595.65,595.7,5009.0,25.0,595.6777
2025-01-07 06:53:00-05:00,595.61,595.61,595.61,595.61,531.0,12.0,595.6107
2025-01-07 06:54:00-05:00,595.61,595.61,595.61,595.61,0.0,0.0,0.0
2025-01-07 06:55:00-05:00,595.45,595.45,595.4,595.4,749.0,16.0,595.4378
2025-01-07 06:56:00-05:00,595.43,595.43,595.4,595.4,2645.0,22.0,595.4115
2025-01-07 06:57:00-05:00,595.4,595.4,595.4,595.4,0.0,0.0,0.0
2025-01-07 06:58:00-05:00,595.4,595.4,595.4,595.4,0.0,0.0,0.0
2025-01-07 06:59:00-05:00,595.69,595.69,595.69,595.69,310.0,10.0,595.6841
2025-01-07 07:00:00-05:00,595.8,595.8,595.68,595.68,915.0,53.0,595.6344
2025-01-07 07:01:00-05:00,595.43,595.43,595.36,595.36,1428.0,38.0,595.397
2025-01-07 07:02:00-05:00,595.36,595.36,595.36,595.36,0.0,0.0,0.0
2025-01-07 07:03:00-05:00,595.36,595.36,595.36,595.36,0.0,0.0,0.0
2025-01-07 07:04:00-05:00,595.54,595.57,595.54,595.57,283.0,9.0,595.5549
2025-01-07 07:05:00-05:00,595.71,595.79,595.7,595.79,3641.0,25.0,595.7654
2025-01-07 07:06:00-05:00,595.781,595.781,595.781,595.781,148.0,9.0,595.7905
2025-01-07 07:07:00-05:00,595.781,595.781,595.781,595.781,0.0,0.0,0.0
2025-01-07 07:08:00-05:00,595.781,595.781,595.781,595.781,0.0,0.0,0.0
2025-01-07 07:09:00-05:00,595.64,595.68,595.64,595.67,1746.0,15.0,595.6672
2025-01-07 07:10:00-05:00,595.75,595.75,595.75,595.75,642.0,9.0,595.7723
2025-01-07 07:11:00-05:00,595.96,595.96,595.92,595.92,4253.0,30.0,595.9234
2025-01-07 07:12:00-05:00,595.96,595.96,595.96,595.96,404.0,12.0,595.9459
2025-01-07 07:13:00-05:00,595.96,595.96,595.96,595.96,246.0,14.0,595.9494
2025-01-07 07:14:00-05:00,595.8,595.8,595.8,595.8,1771.0,19.0,595.7962
2025-01-07 07:15:00-05:00,595.73,595.78,595.65,595.78,9721.0,96.0,595.7123
2025-01-07 07:16:00-05:00,595.77,595.77,595.77,595.77,313.0,10.0,595.7558
2025-01-07 07:17:00-05:00,595.65,595.65,595.641,595.641,441.0,29.0,595.6658
2025-01-07 07:18:00-05:00,595.641,595.641,595.641,595.641,0.0,0.0,0.0
2025-01-07 07:19:00-05:00,595.641,595.641,595.641,595.641,0.0,0.0,0.0
2025-01-07 07:20:00-05:00,595.83,595.83,595.83,595.83,333.0,7.0,595.8283
2025-01-07 07:21:00-05:00,595.83,595.83,595.83,595.83,0.0,0.0,0.0
2025-01-07 07:22:00-05:00,595.83,595.83,595.83,595.83,0.0,0.0,0.0
2025-01-07 07:23:00-05:00,595.75,595.75,595.75,595.75,173.0,5.0,595.7506
2025-01-07 07:24:00-05:00,595.77,595.77,595.77,595.77,226.0,10.0,595.7584
2025-01-07 07:25:00-05:00,595.77,595.77,595.77,595.77,0.0,0.0,0.0
2025-01-07 07:26:00-05:00,595.63,595.63,595.63,595.63,740.0,20.0,595.6422
2025-01-07 07:27:00-05:00,595.64,595.64,595.63,595.63,1318.0,18.0,595.64
2025-01-07 07:28:00-05:00,595.6,595.6,595.6,595.6,952.0,19.0,595.5857
2025-01-07 07:29:00-05:00,595.6,595.6,595.6,595.6,0.0,0.0,0.0
2025-01-07 07:30:00-05:00,595.74,595.74,595.71,595.71,875.0,24.0,595.7054
2025-01-07 07:31:00-05:00,595.75,595.92,595.75,595.92,1784.0,28.0,595.8445
2025-01-07 07:32:00-05:00,595.87,595.96,595.87,595.96,3473.0,35.0,595.9514
2025-01-07 07:33:00-05:00,595.96,596.0,595.96,595.99,7725.0,52.0,595.9675
2025-01-07 07:34:00-05:00,596.0,596.0,596.0,596.0,473.0,16.0,596.0007
2025-01-07 07:35:00-05:00,596.04,596.12,596.04,596.12,20498.0,121.0,596.0527
2025-01-07 07:36:00-05:00,596.12,596.12,596.12,596.12,0.0,0.0,0.0
2025-01-07 07:37:00-05:00,596.12,596.12,596.12,596.12,0.0,0.0,0.0
2025-01-07 07:38:00-05:00,596.12,596.12,596.12,596.12,0.0,0.0,0.0
2025-01-07 07:39:00-05:00,596.0,596.02,596.0,596.0,632.0,13.0,596.0035
2025-01-07 07:40:00-05:00,596.05,596.23,596.05,596.23,5884.0,33.0,596.1481
2025-01-07 07:41:00-05:00,596.25,596.26,596.22,596.22,1109.0,17.0,596.2401
2025-01-07 07:42:00-05:00,596.28,596.28,596.25,596.25,618.0,16.0,596.2536
2025-01-07 07:43:00-05:00,596.31,596.319,596.27,596.29,1796.0,19.0,596.2985
2025-01-07 07:44:00-05:00,596.34,596.34,596.29,596.29,769.0,20.0,596.3115
2025-01-07 07:45:00-05:00,596.25,596.25,596.25,596.25,13892.0,59.0,596.2499
2025-01-07 07:46:00-05:00,596.22,596.22,596.12,596.13,2476.0,19.0,596.1488
2025-01-07 07:47:00-05:00,596.13,596.13,596.13,596.13,0.0,0.0,0.0
2025-01-07 07:48:00-05:00,596.15,596.15,596.15,596.15,238.0,17.0,596.1405
2025-01-07 07:49:00-05:00,596.18,596.18,596.16,596.16,1345.0,15.0,596.1687
2025-01-07 07:50:00-05:00,596.2,596.25,596.2,596.25,6702.0,53.0,596.2032
2025-01-07 07:51:00-05:00,596.27,596.37,596.27,596.36,23038.0,106.0,596.3053
2025-01-07 07:52:00-05:00,596.36,596.39,596.36,596.39,1587.0,39.0,596.3683
2025-01-07 07:53:00-05:00,596.35,596.4,596.34,596.34,1500.0,34.0,596.3615
2025-01-07 07:54:00-05:00,596.28,596.3,596.22,596.22,660.0,21.0,596.2649
2025-01-07 07:55:00-05:00,596.22,596.22,596.19,596.19,482.0,33.0,596.2108
2025-01-07 07:56:00-05:00,596.16,596.16,596.0,596.0,6014.0,52.0,596.1043
2025-01-07 07:57:00-05:00,596.0,596.0,595.85,595.85,4474.0,58.0,595.9064
2025-01-07 07:58:00-05:00,595.84,595.84,595.8,595.8,1228.0,48.0,595.8139
2025-01-07 07:59:00-05:00,595.77,595.81,595.77,595.81,1773.0,50.0,595.8051
2025-01-07 08:00:00-05:00,595.36,596.37,594.23,595.93,30336.0,738.0,595.2661
2025-01-07 08:01:00-05:00,595.98,596.011,595.98,596.011,3100.0,289.0,595.4829
2025-01-07 08:02:00-05:00,596.03,596.1,596.03,596.1,1364.0,91.0,596.0597
2025-01-07 08:03:00-05:00,596.02,596.02,595.98,596.0,3133.0,241.0,595.7043
2025-01-07 08:04:00-05:00,595.97,595.97,595.97,595.97,908.0,178.0,595.9123
2025-01-07 08:05:00-05:00,595.99,596.0193,595.99,596.0193,502.0,53.0,596.0034
2025-01-07 08:06:00-05:00,595.97,595.97,595.93,595.97,1766.0,54.0,595.9431
2025-01-07 08:07:00-05:00,595.8799,595.8799,595.8799,595.8799,431.0,23.0,595.8696
2025-01-07 08:08:00-05:00,595.88,595.88,595.86,595.86,429.0,39.0,595.8658
2025-01-07 08:09:00-05:00,595.91,595.91,595.91,595.91,577.0,34.0,595.8906
2025-01-07 08:10:00-05:00,595.8301,595.91,595.8301,595.91,432.0,27.0,595.8806
2025-01-07 08:11:00-05:00,595.92,595.92,595.92,595.92,319.0,20.0,595.9211
2025-01-07 08:12:00-05:00,596.03,596.04,596.03,596.04,546.0,26.0,596.0177
2025-01-07 08:13:00-05:00,596.08,596.161,596.08,596.161,909.0,39.0,596.0879
2025-01-07 08:14:00-05:00,596.16,596.19,596.13,596.13,731.0,48.0,596.1608
2025-01-07 08:15:00-05:00,596.2,596.25,596.2,596.25,12399.0,92.0,596.2196
2025-01-07 08:16:00-05:00,596.32,596.3405,596.32,596.32,2335.0,35.0,596.3211
2025-01-07 08:17:00-05:00,596.3098,596.3098,596.281,596.301,423.0,36.0,596.3013
2025-01-07 08:18:00-05:00,596.35,596.37,596.34,596.36,3360.0,60.0,596.3548
2025-01-07 08:19:00-05:00,596.4,596.421,596.36,596.36,1973.0,93.0,596.4006
2025-01-07 08:20:00-05:00,596.31,596.34,596.13,596.13,5584.0,65.0,596.2778
2025-01-07 08:21:00-05:00,596.13,596.13,596.13,596.13,0.0,0.0,0.0
2025-01-07 08:22:00-05:00,596.13,596.13,596.13,596.13,0.0,0.0,0.0
2025-01-07 08:23:00-05:00,596.25,596.28,596.25,596.28,327.0,31.0,596.2733
2025-01-07 08:24:00-05:00,596.24,596.25,596.24,596.25,6441.0,110.0,596.2449
2025-01-07 08:25:00-05:00,596.26,596.26,596.17,596.17,1899.0,48.0,596.2116
2025-01-07 08:26:00-05:00,596.15,596.17,596.06,596.06,2031.0,79.0,596.109
2025-01-07 08:27:00-05:00,596.05,596.09,596.05,596.09,2723.0,60.0,596.0534
2025-01-07 08:28:00-05:00,596.0491,596.07,596.0491,596.07,612.0,43.0,596.0539
2025-01-07 08:29:00-05:00,596.1,596.13,596.09,596.13,2074.0,47.0,596.0951
2025-01-07 08:30:00-05:00,596.18,596.18,596.02,596.02,1805.0,56.0,596.1059
2025-01-07 08:31:00-05:00,596.01,596.11,596.01,596.11,952.0,43.0,596.0686
2025-01-07 08:32:00-05:00,596.11,596.11,596.11,596.11,0.0,0.0,0.0
2025-01-07 08:33:00-05:00,596.19,596.24,596.19,596.21,1907.0,56.0,596.2138
2025-01-07 08:34:00-05:00,596.23,596.23,596.23,596.23,551.0,43.0,596.2724
2025-01-07 08:35:00-05:00,596.29,596.309,596.25,596.309,781.0,58.0,596.2945
2025-01-07 08:36:00-05:00,596.28,596.4299,596.28,596.4299,1556.0,56.0,596.3819
2025-01-07 08:37:00-05:00,596.41,596.41,596.35,596.35,68840.0,53.0,595.3978
2025-01-07 08:38:00-05:00,596.36,596.37,596.311,596.311,1203.0,56.0,596.3532
2025-01-07 08:39:00-05:00,596.24,596.24,596.24,596.24,812.0,47.0,596.2657
2025-01-07 08:40:00-05:00,596.37,596.37,596.37,596.37,1593.0,51.0,596.3766
2025-01-07 08:41:00-05:00,596.4,596.44,596.39,596.4,1371.0,40.0,596.4061
2025-01-07 08:42:00-05:00,596.29,596.29,596.29,596.29,916.0,35.0,596.2951
2025-01-07 08:43:00-05:00,596.25,596.29,596.25,596.27,3343.0,42.0,596.2848
2025-01-07 08:44:00-05:00,596.33,596.47,596.33,596.42,3121.0,53.0,596.3884
2025-01-07 08:45:00-05:00,596.44,596.5746,596.44,596.54,1528.0,56.0,596.4982
2025-01-07 08:46:00-05:00,596.59,596.63,596.539,596.539,4243.0,107.0,596.5808
2025-01-07 08:47:00-05:00,596.54,596.54,596.54,596.54,738.0,49.0,596.5471
2025-01-07 08:48:00-05:00,596.57,596.6,596.57,596.6,2426.0,57.0,596.5857
2025-01-07 08:49:00-05:00,596.6,596.65,596.6,596.64,4718.0,54.0,596.6204
2025-01-07 08:50:00-05:00,596.65,596.6791,596.59,596.6791,3542.0,64.0,596.6385
2025-01-07 08:51:00-05:00,596.63,596.68,596.63,596.66,1934.0,71.0,596.6554
2025-01-07 08:52:00-05:00,596.64,596.7,596.61,596.7,3828.0,77.0,596.6537
2025-01-07 08:53:00-05:00,596.71,596.7799,596.69,596.69,4411.0,98.0,596.7379
2025-01-07 08:54:00-05:00,596.7,596.7,596.67,596.67,1103.0,78.0,596.703
2025-01-07 08:55:00-05:00,596.6,596.65,596.58,596.65,2786.0,61.0,596.6254
2025-01-07 08:56:00-05:00,596.69,596.84,596.69,596.81,32226.0,205.0,596.7918
2025-01-07 08:57:00-05:00,596.8,596.81,596.76,596.81,3543.0,84.0,596.7907
2025-01-07 08:58:00-05:00,596.8,596.802,596.76,596.79,2991.0,75.0,596.7884
2025-01-07 08:59:00-05:00,596.76,597.0,596.74,596.95,19493.0,160.0,596.888
2025-01-07 09:00:00-05:00,596.92,596.97,596.92,596.96,10865.0,89.0,596.9548
2025-01-07 09:01:00-05:00,596.96,597.1599,596.96,597.1599,11110.0,132.0,597.0344
2025-01-07 09:02:00-05:00,597.1498,597.18,597.07,597.18,7327.0,115.0,597.1099
2025-01-07 09:03:00-05:00,597.18,597.18,597.08,597.15,3768.0,103.0,597.1153
2025-01-07 09:04:00-05:00,597.15,597.1792,597.12,597.1476,4561.0,122.0,597.1469
2025-01-07 09:05:00-05:00,597.13,597.13,597.13,597.13,957.0,103.0,597.1152
2025-01-07 09:06:00-05:00,597.13,597.14,597.02,597.14,4713.0,102.0,597.0904
2025-01-07 09:07:00-05:00,597.04,597.0699,597.01,597.0101,3173.0,97.0,597.0414
2025-01-07 09:08:00-05:00,597.02,597.18,597.02,597.18,5204.0,102.0,597.1593
2025-01-07 09:09:00-05:00,597.1701,597.21,597.1201,597.1201,1220.0,72.0,597.1647
2025-01-07 09:10:00-05:00,597.07,597.12,597.06,597.12,2422.0,68.0,597.0923
2025-01-07 09:11:00-05:00,597.08,597.08,596.95,596.96,10297.0,120.0,597.0142
2025-01-07 09:12:00-05:00,596.95,597.09,596.95,597.0706,1968.0,54.0,597.0372
2025-01-07 09:13:00-05:00,597.08,597.08,597.08,597.08,781.0,53.0,597.1163
2025-01-07 09:14:00-05:00,597.119,597.12,597.119,597.12,717.0,39.0,597.1123
2025-01-07 09:15:00-05:00,597.03,597.07,597.03,597.06,2044.0,84.0,597.061
2025-01-07 09:16:00-05:00,597.05,597.05,597.05,597.05,911.0,58.0,597.061
2025-01-07 09:17:00-05:00,597.05,597.1404,597.05,597.14,2342.0,49.0,597.1074
2025-01-07 09:18:00-05:00,597.17,597.17,597.04,597.04,2501.0,67.0,597.0749
2025-01-07 09:19:00-05:00,597.0752,597.0752,597.0,597.006,2588.0,100.0,597.0445
2025-01-07 09:20:00-05:00,596.99,596.99,596.9803,596.9803,725.0,61.0,596.9946
2025-01-07 09:21:00-05:00,596.96,596.97,596.95,596.95,1609.0,68.0,596.9551
2025-01-07 09:22:00-05:00,596.88,596.94,596.88,596.9,4441.0,93.0,596.8995
2025-01-07 09:23:00-05:00,596.95,597.0,596.94,596.98,2990.0,82.0,596.9693
2025-01-07 09:24:00-05:00,596.98,597.0,596.98,596.99,1110.0,61.0,596.9789
2025-01-07 09:25:00-05:00,597.02,597.13,597.02,597.1,5366.0,131.0,597.0775
2025-01-07 09:26:00-05:00,597.1,597.11,597.03,597.05,5827.0,122.0,597.0654
2025-01-07 09:27:00-05:00,597.04,597.2,597.04,597.2,9339.0,160.0,597.1468
2025-01-07 09:28:00-05:00,597.19,597.3,597.13,597.3,35725.0,288.0,597.2255
2025-01-07 09:29:00-05:00,597.32,597.43,597.25,597.42,17219.0,146.0,597.3215
2025-01-07 09:30:00-05:00,597.42,597.69,597.31,597.6,365493.0,4347.0,597.4416
2025-01-07 09:31:00-05:00,597.58,597.75,597.48,597.52,108728.0,1417.0,597.6091
2025-01-07 09:32:00-05:00,597.54,597.73,597.4,597.5,77298.0,1288.0,597.5281
2025-01-07 09:33:00-05:00,597.5,597.59,597.2,597.2,78286.0,1182.0,597.4727
2025-01-07 09:34:00-05:00,597.2,597.34,596.92,596.98,145607.0,1866.0,597.0922
2025-01-07 09:35:00-05:00,596.98,597.02,596.72,596.76,135232.0,1767.0,596.8617
2025-01-07 09:36:00-05:00,596.77,597.065,596.72,596.775,106111.0,1364.0,596.8396
2025-01-07 09:37:00-05:00,596.79,596.88,596.6419,596.825,77954.0,1165.0,596.7747
2025-01-07 09:38:00-05:00,596.825,597.05,596.59,596.7021,85014.0,1371.0,596.806
2025-01-07 09:39:00-05:00,596.69,596.72,596.18,596.22,127823.0,1659.0,596.4655
2025-01-07 09:40:00-05:00,596.22,596.58,596.1,596.451,110054.0,1418.0,596.4323
2025-01-07 09:41:00-05:00,596.42,596.59,596.34,596.53,48970.0,871.0,596.458
2025-01-07 09:42:00-05:00,596.55,596.67,596.45,596.649,93823.0,1143.0,596.5486
2025-01-07 09:43:00-05:00,596.65,596.81,596.56,596.68,58910.0,1050.0,596.6893
2025-01-07 09:44:00-05:00,596.695,596.97,596.695,596.915,59574.0,1076.0,596.8415
2025-01-07 09:45:00-05:00,596.91,597.27,596.9,597.158,95220.0,1475.0,597.1185
2025-01-07 09:46:00-05:00,597.16,597.3,596.91,596.96,89543.0,1328.0,597.1697
2025-01-07 09:47:00-05:00,596.95,596.97,596.74,596.92,37228.0,851.0,596.8584
2025-01-07 09:48:00-05:00,596.925,597.12,596.86,597.0176,76879.0,1129.0,597.0087
2025-01-07 09:49:00-05:00,597.02,597.07,596.63,596.7,78287.0,1239.0,596.8662
2025-01-07 09:50:00-05:00,596.6999,596.76,596.53,596.64,83721.0,1245.0,596.6469
2025-01-07 09:51:00-05:00,596.68,597.05,596.63,596.94,66449.0,1048.0,596.8951
2025-01-07 09:52:00-05:00,596.96,597.27,596.95,597.24,92011.0,1044.0,597.1548
2025-01-07 09:53:00-05:00,597.22,597.3049,596.87,596.9,47167.0,847.0,597.108
2025-01-07 09:54:00-05:00,596.91,596.94,596.69,596.81,54668.0,964.0,596.8132
2025-01-07 09:55:00-05:00,596.8,597.06,596.8,597.0,45849.0,876.0,596.9489
2025-01-07 09:56:00-05:00,596.99,597.0,596.63,596.6429,47774.0,1029.0,596.8166
2025-01-07 09:57:00-05:00,596.63,596.71,596.25,596.48,111413.0,1411.0,596.4678
2025-01-07 09:58:00-05:00,596.506,596.59,596.23,596.36,106729.0,1241.0,596.3859
2025-01-07 09:59:00-05:00,596.38,596.4299,596.28,596.34,57037.0,814.0,596.386
2025-01-07 10:00:00-05:00,596.34,596.34,595.1299,595.13,354087.0,5248.0,595.6308
2025-01-07 10:01:00-05:00,595.18,595.2,593.92,594.07,327615.0,3676.0,594.4601
2025-01-07 10:02:00-05:00,594.07,594.38,593.66,594.33,302378.0,2631.0,593.9763
2025-01-07 10:03:00-05:00,594.3,594.77,594.05,594.72,212631.0,2270.0,594.3617
2025-01-07 10:04:00-05:00,594.76,594.76,593.7,593.74,262320.0,2610.0,594.0917
2025-01-07 10:05:00-05:00,593.77,594.14,593.59,593.998,248716.0,2471.0,593.9318
2025-01-07 10:06:00-05:00,594.01,594.06,593.63,593.82,229008.0,1573.0,594.6176
2025-01-07 10:07:00-05:00,593.86,594.02,593.43,593.48,151401.0,1949.0,593.6614
2025-01-07 10:08:00-05:00,593.484,593.65,592.95,593.4,271534.0,3237.0,593.2513
2025-01-07 10:09:00-05:00,593.4,593.4899,592.88,593.0441,220427.0,2681.0,593.1554
2025-01-07 10:10:00-05:00,593.05,593.16,592.69,592.93,161580.0,2032.0,592.9393
2025-01-07 10:11:00-05:00,592.93,593.334,592.81,592.87,191945.0,2039.0,593.1938
2025-01-07 10:12:00-05:00,592.89,593.65,592.79,593.55,136818.0,1653.0,593.2427
2025-01-07 10:13:00-05:00,593.55,593.71,593.0501,593.0501,142042.0,1911.0,593.3851
2025-01-07 10:14:00-05:00,593.06,593.1999,592.89,593.09,111204.0,1585.0,593.0496
2025-01-07 10:15:00-05:00,593.0687,593.1,592.715,592.825,97376.0,1442.0,592.8941
2025-01-07 10:16:00-05:00,592.85,592.93,592.52,592.65,126167.0,1715.0,592.7399
2025-01-07 10:17:00-05:00,592.67,592.88,592.08,592.21,288080.0,3183.0,592.3986
2025-01-07 10:18:00-05:00,592.2,592.66,592.03,592.365,217629.0,4522.0,592.4588
2025-01-07 10:19:00-05:00,592.37,592.91,592.37,592.86,135891.0,2101.0,592.7608
2025-01-07 10:20:00-05:00,592.8699,593.4,592.79,593.0096,265903.0,2260.0,593.0926
2025-01-07 10:21:00-05:00,593.01,593.67,593.01,593.57,182951.0,1888.0,593.4556
2025-01-07 10:22:00-05:00,593.57,593.75,593.2904,593.45,134412.0,1729.0,593.4539
2025-01-07 10:23:00-05:00,593.47,593.97,593.47,593.6492,105459.0,1527.0,593.7364
2025-01-07 10:24:00-05:00,593.6599,593.8899,593.6,593.83,116065.0,1201.0,593.7001
2025-01-07 10:25:00-05:00,593.84,594.46,593.82,594.28,220336.0,2293.0,594.2101
2025-01-07 10:26:00-05:00,594.282,594.5601,594.282,594.4,160405.0,1738.0,594.4045
2025-01-07 10:27:00-05:00,594.41,594.53,594.14,594.18,152872.0,1496.0,594.3401
2025-01-07 10:28:00-05:00,594.18,594.21,593.89,594.13,125344.0,1353.0,594.0172
2025-01-07 10:29:00-05:00,594.18,594.3,593.54,593.6,151622.0,1618.0,593.822
2025-01-07 10:30:00-05:00,593.61,593.75,593.0701,593.14,105506.0,1335.0,593.6364
2025-01-07 10:31:00-05:00,593.1399,593.21,592.63,592.73,163829.0,2017.0,592.8776
2025-01-07 10:32:00-05:00,592.71,592.86,592.11,592.33,115600.0,1667.0,592.4784
2025-01-07 10:33:00-05:00,592.36,592.7999,592.28,592.71,132736.0,1476.0,592.4898
2025-01-07 10:34:00-05:00,592.66,592.8,592.315,592.52,62839.0,1126.0,592.5692
2025-01-07 10:35:00-05:00,592.55,592.7,592.35,592.66,108863.0,1405.0,592.5609
2025-01-07 10:36:00-05:00,592.66,592.78,592.34,592.75,143393.0,1651.0,592.5859
2025-01-07 10:37:00-05:00,592.755,592.95,592.43,592.481,106232.0,1456.0,592.7454
2025-01-07 10:38:00-05:00,592.5099,592.54,591.68,591.76,202722.0,2773.0,591.9533
2025-01-07 10:39:00-05:00,591.76,591.77,590.74,590.9299,429862.0,3047.0,592.3257
2025-01-07 10:40:00-05:00,590.95,591.44,590.82,590.89,198202.0,2039.0,591.1378
2025-01-07 10:41:00-05:00,590.94,591.9345,590.8,591.18,326783.0,1967.0,592.7502
2025-01-07 10:42:00-05:00,591.158,591.26,590.74,590.844,113136.0,1617.0,590.9341
2025-01-07 10:43:00-05:00,590.84,591.208,590.75,591.18,304187.0,1364.0,591.1119
2025-01-07 10:44:00-05:00,591.16,591.35,590.8901,591.28,76856.0,1231.0,591.0898
2025-01-07 10:45:00-05:00,591.18,591.18,590.74,591.11,87419.0,1345.0,590.9051
2025-01-07 10:46:00-05:00,591.11,591.19,590.71,590.8999,111119.0,1489.0,590.8381
2025-01-07 10:47:00-05:00,590.87,590.88,590.29,590.415,120467.0,1901.0,590.5162
2025-01-07 10:48:00-05:00,590.4,590.74,590.27,590.56,252016.0,1553.0,592.8598
2025-01-07 10:49:00-05:00,590.56,590.98,590.46,590.9096,201748.0,1940.0,590.8038
2025-01-07 10:50:00-05:00,590.9,591.49,590.83,591.38,159971.0,2120.0,591.1574
2025-01-07 10:51:00-05:00,591.38,591.64,591.29,591.39,142990.0,1813.0,591.4721
2025-01-07 10:52:00-05:00,591.37,591.65,591.33,591.5933,106048.0,1575.0,591.456
2025-01-07 10:53:00-05:00,591.57,591.65,591.37,591.46,67572.0,1124.0,591.5167
2025-01-07 10:54:00-05:00,591.45,592.19,591.42,591.77,141628.0,1670.0,591.927
2025-01-07 10:55:00-05:00,591.76,592.38,591.76,592.32,101276.0,1601.0,592.0873
2025-01-07 10:56:00-05:00,592.31,592.72,592.3,592.48,104427.0,1507.0,592.4541
2025-01-07 10:57:00-05:00,592.52,592.815,592.35,592.71,122779.0,1525.0,592.6486
2025-01-07 10:58:00-05:00,592.71,593.155,592.69,593.11,282426.0,2338.0,592.8688
2025-01-07 10:59:00-05:00,593.1,593.49,593.09,593.44,107911.0,1457.0,593.3237
2025-01-07 11:00:00-05:00,593.45,593.72,593.34,593.595,167743.0,1892.0,593.5938
2025-01-07 11:01:00-05:00,593.61,593.635,593.28,593.51,163833.0,1799.0,593.4586
2025-01-07 11:02:00-05:00,593.54,593.7198,593.12,593.145,173135.0,1891.0,593.3577
2025-01-07 11:03:00-05:00,593.18,593.43,593.01,593.29,142223.0,1661.0,593.1525
2025-01-07 11:04:00-05:00,593.34,593.54,593.13,593.4488,101472.0,1264.0,593.3494
2025-01-07 11:05:00-05:00,593.45,593.46,592.69,592.96,104319.0,1429.0,592.9946
2025-01-07 11:06:00-05:00,592.93,593.445,592.8995,593.345,72821.0,1061.0,593.2473
2025-01-07 11:07:00-05:00,593.36,593.4031,592.9,592.96,72149.0,974.0,593.1326
2025-01-07 11:08:00-05:00,592.95,593.54,592.94,593.32,115229.0,1224.0,593.3029
2025-01-07 11:09:00-05:00,593.33,593.478,593.165,593.22,78174.0,993.0,593.2925
2025-01-07 11:10:00-05:00,593.19,593.33,592.94,593.11,85876.0,1168.0,593.1625
2025-01-07 11:11:00-05:00,593.1,593.2,592.5,592.57,65416.0,1017.0,592.8764
2025-01-07 11:12:00-05:00,592.57,592.626,592.24,592.36,77060.0,1260.0,592.4058
2025-01-07 11:13:00-05:00,592.38,592.63,592.12,592.63,60977.0,960.0,592.3725
2025-01-07 11:14:00-05:00,592.63,592.9443,592.42,592.48,65095.0,938.0,592.7526
2025-01-07 11:15:00-05:00,592.44,592.49,592.16,592.46,56131.0,909.0,592.3391
2025-01-07 11:16:00-05:00,592.41,592.7799,592.41,592.66,48349.0,721.0,592.614
2025-01-07 11:17:00-05:00,592.68,592.75,592.41,592.5,33511.0,742.0,592.5577
2025-01-07 11:18:00-05:00,592.43,592.45,592.05,592.38,63484.0,1009.0,592.296
2025-01-07 11:19:00-05:00,592.38,592.56,592.36,592.42,58604.0,749.0,592.4475
2025-01-07 11:20:00-05:00,592.47,592.81,592.445,592.76,41808.0,771.0,592.6606
2025-01-07 11:21:00-05:00,592.74,592.87,592.56,592.71,38274.0,815.0,592.7328
2025-01-07 11:22:00-05:00,592.71,593.04,592.22,592.24,78983.0,1235.0,592.5602
2025-01-07 11:23:00-05:00,592.26,592.3,592.05,592.21,63628.0,949.0,592.1729
2025-01-07 11:24:00-05:00,592.19,592.67,592.15,592.64,57362.0,886.0,592.4135
2025-01-07 11:25:00-05:00,592.62,592.9,592.62,592.68,77642.0,937.0,592.7367
2025-01-07 11:26:00-05:00,592.67,593.07,592.62,592.72,110792.0,1064.0,592.8971
2025-01-07 11:27:00-05:00,592.7,592.78,592.54,592.7646,171856.0,833.0,594.5539
2025-01-07 11:28:00-05:00,592.74,593.45,592.74,593.37,116330.0,1388.0,593.2103
2025-01-07 11:29:00-05:00,593.34,593.365,592.91,593.11,96400.0,1278.0,593.15
2025-01-07 11:30:00-05:00,593.02,593.194,592.39,592.4,66366.0,1085.0,592.8239
2025-01-07 11:31:00-05:00,592.36,592.545,592.0,592.41,275849.0,1811.0,593.6478
2025-01-07 11:32:00-05:00,592.4,592.98,592.39,592.83,95622.0,1171.0,592.8152
2025-01-07 11:33:00-05:00,592.83,593.12,592.61,592.7,50191.0,894.0,592.8301
2025-01-07 11:34:00-05:00,592.7,592.73,592.05,592.12,99072.0,1262.0,592.3776
2025-01-07 11:35:00-05:00,592.14,592.1799,591.62,591.83,89159.0,1348.0,591.8973
2025-01-07 11:36:00-05:00,591.93,591.95,591.41,591.79,87747.0,1163.0,591.6487
2025-01-07 11:37:00-05:00,591.8,592.1,591.7,591.96,36273.0,678.0,591.9014
2025-01-07 11:38:00-05:00,591.95,592.31,591.95,592.11,59407.0,855.0,592.2141
2025-01-07 11:39:00-05:00,592.09,593.0375,592.011,592.95,94038.0,1151.0,592.6718
2025-01-07 11:40:00-05:00,592.94,593.21,592.81,593.18,67990.0,1081.0,593.0744
2025-01-07 11:41:00-05:00,593.17,593.26,592.38,592.45,120452.0,1386.0,592.6063
2025-01-07 11:42:00-05:00,592.42,592.63,592.2,592.58,83592.0,981.0,592.4845
2025-01-07 11:43:00-05:00,592.65,592.6666,592.3655,592.41,31025.0,613.0,592.5554
2025-01-07 11:44:00-05:00,592.39,592.41,592.1401,592.25,22026.0,517.0,592.2701
2025-01-07 11:45:00-05:00,592.25,592.42,592.1,592.42,42776.0,588.0,592.2978
2025-01-07 11:46:00-05:00,592.39,592.55,592.3,592.4612,28609.0,614.0,592.4526
2025-01-07 11:47:00-05:00,592.4545,592.66,592.29,592.62,21441.0,513.0,592.4563
2025-01-07 11:48:00-05:00,592.7,592.72,592.31,592.33,20930.0,483.0,592.4911
2025-01-07 11:49:00-05:00,592.31,592.39,592.2,592.27,25155.0,485.0,592.2807
2025-01-07 11:50:00-05:00,592.24,592.24,591.67,591.88,120656.0,1328.0,591.8747
2025-01-07 11:51:00-05:00,591.8601,591.9039,591.3,591.3,72478.0,1007.0,591.5958
2025-01-07 11:52:00-05:00,591.3,591.4297,591.18,591.35,72612.0,1029.0,591.3016
2025-01-07 11:53:00-05:00,591.33,591.45,591.08,591.23,44968.0,754.0,591.2539
2025-01-07 11:54:00-05:00,591.28,591.29,590.91,591.01,80616.0,1073.0,591.1065
2025-01-07 11:55:00-05:00,591.05,591.22,590.88,590.89,52166.0,819.0,591.0385
2025-01-07 11:56:00-05:00,590.92,591.17,590.92,590.99,44676.0,728.0,591.0151
2025-01-07 11:57:00-05:00,591.0,591.0601,590.71,590.89,53430.0,857.0,590.9026
2025-01-07 11:58:00-05:00,590.91,590.94,590.51,590.61,78560.0,1046.0,590.6886
2025-01-07 11:59:00-05:00,590.61,590.78,590.5887,590.7,111847.0,957.0,590.6891
2025-01-07 12:00:00-05:00,590.715,591.31,590.7,591.03,160923.0,1611.0,591.1097
2025-01-07 12:01:00-05:00,591.0399,591.24,591.0233,591.21,75614.0,869.0,591.156
2025-01-07 12:02:00-05:00,591.22,591.29,591.0,591.05,68793.0,903.0,591.1311
2025-01-07 12:03:00-05:00,591.1,591.1976,590.91,590.93,86754.0,970.0,591.0417
2025-01-07 12:04:00-05:00,590.925,590.97,590.76,590.97,40358.0,652.0,590.8597
2025-01-07 12:05:00-05:00,590.97,591.05,590.72,591.01,76911.0,930.0,590.8581
2025-01-07 12:06:00-05:00,591.0,591.0999,590.7,590.7399,49003.0,834.0,590.855
2025-01-07 12:07:00-05:00,590.7327,590.98,590.721,590.73,40528.0,582.0,590.883
2025-01-07 12:08:00-05:00,590.74,590.8478,590.55,590.825,75110.0,770.0,590.6765
2025-01-07 12:09:00-05:00,590.76,590.94,590.69,590.84,87992.0,755.0,590.8322
2025-01-07 12:10:00-05:00,590.83,590.89,590.47,590.64,109824.0,1277.0,590.63
2025-01-07 12:11:00-05:00,590.64,590.82,590.59,590.73,44127.0,660.0,590.6874
2025-01-07 12:12:00-05:00,590.76,591.075,590.715,591.04,34668.0,630.0,590.8959
2025-01-07 12:13:00-05:00,591.04,591.21,591.02,591.05,51789.0,787.0,591.1297
2025-01-07 12:14:00-05:00,591.05,591.41,590.97,591.385,60103.0,797.0,591.2249
2025-01-07 12:15:00-05:00,591.37,591.52,591.26,591.34,84983.0,1085.0,591.3717
2025-01-07 12:16:00-05:00,591.34,591.39,591.173,591.24,53392.0,741.0,591.2857
2025-01-07 12:17:00-05:00,591.26,591.36,591.15,591.28,32646.0,619.0,591.2497
2025-01-07 12:18:00-05:00,591.28,591.39,591.21,591.37,93149.0,978.0,591.2758
2025-01-07 12:19:00-05:00,591.37,591.73,591.37,591.47,97422.0,1134.0,591.6076
2025-01-07 12:20:00-05:00,591.46,591.52,591.25,591.29,49766.0,772.0,591.3902
2025-01-07 12:21:00-05:00,591.27,591.52,591.24,591.39,84510.0,963.0,591.3933
2025-01-07 12:22:00-05:00,591.38,591.39,590.88,590.9064,65334.0,839.0,591.2199
2025-01-07 12:23:00-05:00,590.9,590.93,590.72,590.92,66125.0,797.0,590.8477
2025-01-07 12:24:00-05:00,590.8901,590.97,590.73,590.77,26006.0,590.0,590.8213
2025-01-07 12:25:00-05:00,590.79,590.9,590.78,590.8,39778.0,642.0,590.8424
2025-01-07 12:26:00-05:00,590.79,590.8399,590.45,590.61,88222.0,1131.0,590.6074
2025-01-07 12:27:00-05:00,590.59,590.78,590.53,590.7203,45729.0,689.0,590.6392
2025-01-07 12:28:00-05:00,590.76,590.85,590.2125,590.29,102398.0,1288.0,590.4049
2025-01-07 12:29:00-05:00,590.27,590.75,590.25,590.62,78065.0,902.0,590.5356
2025-01-07 12:30:00-05:00,590.65,591.01,590.56,590.965,46304.0,731.0,590.7876
2025-01-07 12:31:00-05:00,590.92,591.14,590.86,591.09,47061.0,614.0,591.0126
2025-01-07 12:32:00-05:00,591.05,591.35,591.01,591.09,32819.0,569.0,591.2161
2025-01-07 12:33:00-05:00,591.06,591.58,591.0533,591.55,44344.0,673.0,591.3513
2025-01-07 12:34:00-05:00,591.52,591.52,591.2605,591.3,39359.0,688.0,591.3916
2025-01-07 12:35:00-05:00,591.28,591.32,591.01,591.04,100039.0,1158.0,591.1253
2025-01-07 12:36:00-05:00,591.0599,591.25,590.9501,591.04,47970.0,717.0,591.1427
2025-01-07 12:37:00-05:00,591.05,591.14,590.73,590.75,34754.0,672.0,590.9237
2025-01-07 12:38:00-05:00,590.71,590.71,590.44,590.675,47854.0,733.0,590.562
2025-01-07 12:39:00-05:00,590.69,590.73,590.6,590.73,22940.0,508.0,590.6846
2025-01-07 12:40:00-05:00,590.63,590.69,590.44,590.69,33017.0,593.0,590.5641
2025-01-07 12:41:00-05:00,590.68,590.8105,590.43,590.485,38402.0,619.0,590.5727
2025-01-07 12:42:00-05:00,590.46,590.53,590.3,590.498,44499.0,671.0,590.4161
2025-01-07 12:43:00-05:00,590.46,590.51,590.3,590.41,27049.0,519.0,590.3892
2025-01-07 12:44:00-05:00,590.47,590.525,590.31,590.41,41991.0,607.0,590.3941
2025-01-07 12:45:00-05:00,590.395,590.4496,590.07,590.1999,63995.0,985.0,590.199
2025-01-07 12:46:00-05:00,590.2,590.32,589.86,589.92,91889.0,2331.0,590.037
2025-01-07 12:47:00-05:00,589.94,590.14,589.821,590.07,73278.0,919.0,589.9973
2025-01-07 12:48:00-05:00,590.1,590.12,589.9,590.03,34925.0,660.0,589.9896
2025-01-07 12:49:00-05:00,590.03,590.155,589.96,590.0,69156.0,478.0,590.0699
2025-01-07 12:50:00-05:00,590.11,590.12,589.93,589.96,38695.0,672.0,590.0141
2025-01-07 12:51:00-05:00,589.975,590.03,589.66,589.74,73913.0,1025.0,589.7995
2025-01-07 12:52:00-05:00,589.73,589.9669,589.64,589.9499,67513.0,807.0,589.7674
2025-01-07 12:53:00-05:00,589.915,589.97,589.76,589.93,29468.0,562.0,589.8672
2025-01-07 12:54:00-05:00,589.94,590.24,589.86,590.2342,102864.0,1096.0,590.0273
2025-01-07 12:55:00-05:00,590.2199,590.31,590.16,590.2,83064.0,1017.0,590.2289
2025-01-07 12:56:00-05:00,590.19,590.65,590.1699,590.62,75259.0,1084.0,590.4476
2025-01-07 12:57:00-05:00,590.64,590.648,590.36,590.44,60998.0,872.0,590.4755
2025-01-07 12:58:00-05:00,590.43,590.57,590.365,590.56,42547.0,678.0,590.4357
2025-01-07 12:59:00-05:00,590.58,590.99,590.58,590.905,82847.0,1153.0,590.8411
2025-01-07 13:00:00-05:00,590.91,591.169,590.84,591.06,87257.0,1059.0,590.9604
2025-01-07 13:01:00-05:00,591.07,591.31,590.94,590.98,78280.0,874.0,591.1527
2025-01-07 13:02:00-05:00,590.93,591.39,590.93,591.17,57326.0,762.0,591.2466
2025-01-07 13:03:00-05:00,591.18,591.34,591.105,591.32,33706.0,556.0,591.2187
2025-01-07 13:04:00-05:00,591.31,591.4,591.2,591.22,40621.0,588.0,591.2974
2025-01-07 13:05:00-05:00,591.21,591.37,591.15,591.1701,27050.0,589.0,591.2618
2025-01-07 13:06:00-05:00,591.19,591.4801,591.16,591.48,86710.0,700.0,591.1576
2025-01-07 13:07:00-05:00,591.4899,591.56,591.2901,591.38,47393.0,727.0,591.3844
2025-01-07 13:08:00-05:00,591.44,591.77,591.41,591.68,113892.0,907.0,591.4568
2025-01-07 13:09:00-05:00,591.71,591.84,591.7,591.8065,41651.0,695.0,591.7811
2025-01-07 13:10:00-05:00,591.78,591.9513,591.74,591.875,58924.0,874.0,591.8663
2025-01-07 13:11:00-05:00,591.85,591.85,591.69,591.72,87501.0,846.0,591.7718
2025-01-07 13:12:00-05:00,591.72,591.8322,591.57,591.7,130397.0,1270.0,591.705
2025-01-07 13:13:00-05:00,591.73,591.79,591.65,591.75,40586.0,623.0,591.7349
2025-01-07 13:14:00-05:00,591.73,591.869,591.69,591.83,32618.0,569.0,591.7712
2025-01-07 13:15:00-05:00,591.85,591.85,591.59,591.685,41842.0,647.0,591.7292
2025-01-07 13:16:00-05:00,591.71,591.79,591.52,591.69,44832.0,628.0,591.6614
2025-01-07 13:17:00-05:00,591.72,591.88,591.66,591.72,23544.0,488.0,591.776
2025-01-07 13:18:00-05:00,591.75,591.97,591.75,591.958,18304.0,457.0,591.8893
2025-01-07 13:19:00-05:00,591.94,592.07,591.9,591.95,37797.0,694.0,591.9968
2025-01-07 13:20:00-05:00,591.92,592.02,591.89,591.91,35437.0,527.0,591.9602
2025-01-07 13:21:00-05:00,591.91,592.14,591.845,592.09,61967.0,629.0,591.9809
2025-01-07 13:22:00-05:00,592.09,592.25,591.91,591.9303,81856.0,870.0,592.1127
2025-01-07 13:23:00-05:00,591.96,592.065,591.93,592.04,26703.0,506.0,592.011
2025-01-07 13:24:00-05:00,592.03,592.15,592.0,592.12,27665.0,562.0,592.0709
2025-01-07 13:25:00-05:00,592.12,592.28,592.0,592.28,34428.0,613.0,592.122
2025-01-07 13:26:00-05:00,592.2673,592.409,592.24,592.36,70481.0,814.0,592.3427
2025-01-07 13:27:00-05:00,592.355,592.37,592.27,592.3,50427.0,762.0,592.3043
2025-01-07 13:28:00-05:00,592.3,592.3971,592.19,592.23,46322.0,687.0,592.2642
2025-01-07 13:29:00-05:00,592.24,592.2996,592.1565,592.28,152458.0,560.0,592.2483
2025-01-07 13:30:00-05:00,592.28,592.28,591.85,591.87,67689.0,1126.0,592.067
2025-01-07 13:31:00-05:00,591.86,592.01,591.74,591.94,74021.0,1147.0,591.8573
2025-01-07 13:32:00-05:00,591.945,591.98,591.89,591.9479,19224.0,558.0,591.9424
2025-01-07 13:33:00-05:00,591.92,592.07,591.87,591.98,31746.0,581.0,591.9885
2025-01-07 13:34:00-05:00,591.97,592.0001,591.84,591.86,16086.0,512.0,591.9364
2025-01-07 13:35:00-05:00,591.86,591.9099,591.741,591.7951,37383.0,647.0,591.8544
2025-01-07 13:36:00-05:00,591.79,591.95,591.61,591.6337,38661.0,687.0,591.7886
2025-01-07 13:37:00-05:00,591.61,591.62,591.35,591.3601,49931.0,766.0,591.5057
2025-01-07 13:38:00-05:00,591.38,591.45,591.23,591.42,54403.0,773.0,591.3277
2025-01-07 13:39:00-05:00,591.45,591.49,591.36,591.43,52342.0,644.0,591.3983
2025-01-07 13:40:00-05:00,591.44,591.46,591.055,591.08,49033.0,805.0,591.2215
2025-01-07 13:41:00-05:00,591.09,595.2308,590.87,591.0,664640.0,746.0,594.9841
2025-01-07 13:42:00-05:00,590.962,591.08,590.88,591.03,178332.0,564.0,594.0086
2025-01-07 13:43:00-05:00,591.01,591.06,590.94,590.96,28843.0,480.0,590.9928
2025-01-07 13:44:00-05:00,590.96,590.9977,590.73,590.955,26188.0,525.0,590.8626
2025-01-07 13:45:00-05:00,590.98,591.17,590.93,591.1258,35270.0,523.0,591.0647
2025-01-07 13:46:00-05:00,591.0799,591.2,590.924625,591.0,58072.0,708.0,591.0799
2025-01-07 13:47:00-05:00,590.99,591.2699,590.98,591.24,67548.0,506.0,591.833
2025-01-07 13:48:00-05:00,591.26,591.31,591.0328,591.09,27175.0,505.0,591.1121
2025-01-07 13:49:00-05:00,591.07,591.17,591.02,591.09,26558.0,453.0,591.1052
2025-01-07 13:50:00-05:00,591.08,591.1699,590.9,591.1499,26100.0,547.0,591.0576
2025-01-07 13:51:00-05:00,591.14,591.2475,591.115,591.24,24302.0,411.0,591.1717
2025-01-07 13:52:00-05:00,591.25,591.285,591.05,591.27,26316.0,449.0,591.1786
2025-01-07 13:53:00-05:00,591.3,591.3,591.04,591.16,28107.0,453.0,591.1371
2025-01-07 13:54:00-05:00,591.14,591.14,590.9441,591.04,22361.0,444.0,591.0138
2025-01-07 13:55:00-05:00,591.06,591.16,591.0,591.1299,19972.0,407.0,591.0573
2025-01-07 13:56:00-05:00,591.13,591.15,590.83,590.85,29257.0,480.0,590.934
2025-01-07 13:57:00-05:00,590.87,590.97,590.828,590.95,23026.0,416.0,590.8979
2025-01-07 13:58:00-05:00,590.95,591.04,590.875,590.99,69241.0,392.0,590.8035
2025-01-07 13:59:00-05:00,591.02,591.05,590.97,591.0,26414.0,523.0,591.0084
2025-01-07 14:00:00-05:00,591.0,591.0,590.895,590.98,25195.0,428.0,590.948
2025-01-07 14:01:00-05:00,590.99,591.25,590.88,591.18,44135.0,661.0,591.0032
2025-01-07 14:02:00-05:00,591.18,591.47,591.07,591.42,65048.0,766.0,591.272
2025-01-07 14:03:00-05:00,591.43,591.44,591.17,591.18,81139.0,907.0,591.3368
2025-01-07 14:04:00-05:00,591.19,591.2037,591.05,591.14,37939.0,588.0,591.1026
2025-01-07 14:05:00-05:00,591.16,591.17,591.01,591.15,27786.0,446.0,591.0999
2025-01-07 14:06:00-05:00,591.15,591.25,591.15,591.2,25223.0,408.0,591.2055
2025-01-07 14:07:00-05:00,591.21,591.4199,591.21,591.235,31078.0,537.0,591.3161
2025-01-07 14:08:00-05:00,591.21,591.335,591.16,591.27,27113.0,456.0,591.227
2025-01-07 14:09:00-05:00,591.3,591.33,591.17,591.27,34667.0,525.0,591.25
2025-01-07 14:10:00-05:00,591.27,591.53,591.24,591.36,47811.0,765.0,591.3823
2025-01-07 14:11:00-05:00,591.38,591.56,591.38,591.42,48079.0,735.0,591.4656
2025-01-07 14:12:00-05:00,591.42,591.57,591.3,591.3967,38975.0,608.0,591.449
2025-01-07 14:13:00-05:00,591.41,591.54,591.35,591.35,31908.0,513.0,591.4354
2025-01-07 14:14:00-05:00,591.36,591.36,591.09,591.13,35513.0,617.0,591.2105
2025-01-07 14:15:00-05:00,591.13,591.16,590.965,591.01,51561.0,675.0,591.0678
2025-01-07 14:16:00-05:00,590.99,590.9999,590.86,590.94,42616.0,614.0,590.9278
2025-01-07 14:17:00-05:00,590.96,590.96,590.818,590.89,50671.0,687.0,590.8805
2025-01-07 14:18:00-05:00,590.9079,590.99,590.8651,590.88,73038.0,737.0,590.9318
2025-01-07 14:19:00-05:00,590.8601,591.0,590.86,590.91,35555.0,514.0,590.9234
2025-01-07 14:20:00-05:00,590.93,591.0377,590.8,590.8201,43959.0,576.0,590.9048
2025-01-07 14:21:00-05:00,590.83,590.8799,590.76,590.87,448057.0,668.0,594.5629
2025-01-07 14:22:00-05:00,590.8581,590.89,590.76,590.8101,32881.0,411.0,590.8078
2025-01-07 14:23:00-05:00,590.8,590.84,590.55,590.75,49767.0,714.0,590.6698
2025-01-07 14:24:00-05:00,590.77,590.86,590.7329,590.83,47889.0,551.0,590.7923
2025-01-07 14:25:00-05:00,590.85,591.0305,590.85,590.925,51149.0,600.0,590.9433
2025-01-07 14:26:00-05:00,590.91,591.06,590.91,590.935,46923.0,603.0,590.9777
2025-01-07 14:27:00-05:00,590.911,591.07,590.88,590.97,50773.0,605.0,590.9551
2025-01-07 14:28:00-05:00,590.95,591.09,590.95,590.97,30542.0,434.0,591.0285
2025-01-07 14:29:00-05:00,590.99,591.16,590.95,591.07,39717.0,532.0,591.0473
2025-01-07 14:30:00-05:00,591.06,591.1,590.78,590.795,47675.0,664.0,590.9268
2025-01-07 14:31:00-05:00,590.77,590.815,590.65,590.65,42190.0,778.0,590.7125
2025-01-07 14:32:00-05:00,590.71,590.71,590.57,590.6,29786.0,541.0,590.6252
2025-01-07 14:33:00-05:00,590.6,590.68,590.5638,590.61,32751.0,618.0,590.6082
2025-01-07 14:34:00-05:00,590.61,590.66,590.55,590.66,40095.0,535.0,590.5918
2025-01-07 14:35:00-05:00,590.65,590.74,590.52,590.55,98498.0,918.0,590.6059
2025-01-07 14:36:00-05:00,590.555,590.61,590.51,590.52,100190.0,875.0,590.565
2025-01-07 14:37:00-05:00,590.52,590.52,590.27,590.285,113442.0,1231.0,590.4073
2025-01-07 14:38:00-05:00,590.29,590.4599,590.23,590.23,187720.0,664.0,593.6317
2025-01-07 14:39:00-05:00,590.22,590.22,590.07,590.0999,52754.0,785.0,590.1157
2025-01-07 14:40:00-05:00,590.09,590.17,589.9,589.945,79056.0,1403.0,590.0145
2025-01-07 14:41:00-05:00,589.95,590.02,589.85,589.96,72029.0,787.0,589.9296
2025-01-07 14:42:00-05:00,589.94,590.06,589.89,589.99,66044.0,755.0,589.9687
2025-01-07 14:43:00-05:00,589.99,590.37,589.83,590.36,230879.0,1097.0,592.9338
2025-01-07 14:44:00-05:00,590.36,590.69,590.36,590.65,110812.0,1146.0,590.5363
2025-01-07 14:45:00-05:00,590.64,590.85,590.58,590.78,81532.0,818.0,590.7012
2025-01-07 14:46:00-05:00,590.76,590.76,590.4731,590.53,54498.0,583.0,590.5652
2025-01-07 14:47:00-05:00,590.54,590.62,590.2,590.29,39600.0,608.0,590.3864
2025-01-07 14:48:00-05:00,590.27,590.308,590.1101,590.2,27654.0,489.0,590.1917
2025-01-07 14:49:00-05:00,590.16,590.1699,590.0,590.03,48565.0,769.0,590.0602
2025-01-07 14:50:00-05:00,590.04,590.4395,590.04,590.31,56680.0,819.0,590.2546
2025-01-07 14:51:00-05:00,590.3,590.32,590.15,590.17,35451.0,551.0,590.232
2025-01-07 14:52:00-05:00,590.18,590.28,590.11,590.16,36206.0,549.0,590.2024
2025-01-07 14:53:00-05:00,590.2,590.2,590.02,590.13,31793.0,569.0,590.0883
2025-01-07 14:54:00-05:00,590.12,590.17,590.06,590.13,61515.0,710.0,590.1051
2025-01-07 14:55:00-05:00,590.15,590.23,590.1,590.15,34738.0,621.0,590.1626
2025-01-07 14:56:00-05:00,590.1399,590.1499,589.995,590.02,38067.0,600.0,590.073
2025-01-07 14:57:00-05:00,590.02,590.1,589.92,590.08,58049.0,808.0,590.0119
2025-01-07 14:58:00-05:00,590.05,590.05,589.93,589.985,45727.0,717.0,589.9823
2025-01-07 14:59:00-05:00,589.98,590.08,589.9601,590.02,32285.0,582.0,590.0193
2025-01-07 15:00:00-05:00,590.02,590.13,589.8912,589.9001,54089.0,733.0,589.9836
2025-01-07 15:01:00-05:00,589.89,589.9151,589.54,589.55,112168.0,1457.0,589.7209
2025-01-07 15:02:00-05:00,589.54,589.62,589.46,589.5,96916.0,1183.0,589.5464
2025-01-07 15:03:00-05:00,589.493,589.62,589.31,589.49,106334.0,1214.0,589.4456
2025-01-07 15:04:00-05:00,589.49,589.75,589.48,589.62,85616.0,1076.0,589.6115
2025-01-07 15:05:00-05:00,589.6114,589.64,589.36,589.39,80361.0,1034.0,589.4579
2025-01-07 15:06:00-05:00,589.39,589.87,589.31,589.78,254344.0,1243.0,592.4563
2025-01-07 15:07:00-05:00,589.72,589.72,589.3701,589.41,38039.0,549.0,589.4861
2025-01-07 15:08:00-05:00,589.41,589.445,589.25,589.25,69306.0,785.0,589.3348
2025-01-07 15:09:00-05:00,589.26,589.34,589.08,589.19,86955.0,998.0,589.2029
2025-01-07 15:10:00-05:00,589.145,589.145,588.8603,588.97,243947.0,2214.0,589.0433
2025-01-07 15:11:00-05:00,588.99,589.0499,588.83,588.89,103327.0,1109.0,588.8992
2025-01-07 15:12:00-05:00,588.88,588.91,588.68,588.86,114548.0,1373.0,588.7602
2025-01-07 15:13:00-05:00,588.84,588.91,588.69,588.72,66564.0,1027.0,588.7891
2025-01-07 15:14:00-05:00,588.73,588.988,588.73,588.88,89879.0,1080.0,588.8773
2025-01-07 15:15:00-05:00,588.905,589.11,588.831,588.9668,119152.0,1181.0,588.9756
2025-01-07 15:16:00-05:00,588.93,589.1,588.88,588.92,197430.0,1480.0,588.9766
2025-01-07 15:17:00-05:00,588.93,588.96,588.58,588.69,151626.0,1329.0,588.9116
2025-01-07 15:18:00-05:00,588.7199,588.72,588.48,588.48,102278.0,1147.0,588.6408
2025-01-07 15:19:00-05:00,588.4713,588.68,588.47,588.54,91281.0,1013.0,588.5825
2025-01-07 15:20:00-05:00,588.54,588.54,588.2401,588.26,156569.0,1608.0,588.3588
2025-01-07 15:21:00-05:00,588.255,588.3,588.09,588.18,156803.0,1604.0,588.2017
2025-01-07 15:22:00-05:00,588.16,588.1852,587.69,587.84,284246.0,3052.0,587.8589
2025-01-07 15:23:00-05:00,587.85,588.21,587.8307,588.18,164861.0,1488.0,587.9815
2025-01-07 15:24:00-05:00,588.16,588.2,587.82,587.82,294887.0,1582.0,591.1073
2025-01-07 15:25:00-05:00,587.83,588.24,587.83,588.18,165541.0,1554.0,588.0841
2025-01-07 15:26:00-05:00,588.17,588.17,587.92,587.97,82940.0,1068.0,588.0224
2025-01-07 15:27:00-05:00,587.96,588.19,587.835,588.08,107263.0,1257.0,588.0149
2025-01-07 15:28:00-05:00,588.075,588.17,587.89,587.91,118799.0,1307.0,588.0301
2025-01-07 15:29:00-05:00,587.91,587.94,587.76,587.83,87987.0,1098.0,587.864
2025-01-07 15:30:00-05:00,587.82,588.19,587.82,587.89,180808.0,1581.0,587.9618
2025-01-07 15:31:00-05:00,587.89,588.01,587.71,587.9,129620.0,1319.0,587.8512
2025-01-07 15:32:00-05:00,587.89,587.92,587.72,587.75,207657.0,1605.0,587.7977
2025-01-07 15:33:00-05:00,587.74,587.95,587.73,587.73,332216.0,1477.0,590.6467
2025-01-07 15:34:00-05:00,587.73,587.73,587.29,587.342,315367.0,2534.0,587.4982
2025-01-07 15:35:00-05:00,587.35,587.45,586.93,586.97,668655.0,3337.0,590.2671
2025-01-07 15:36:00-05:00,586.98,587.07,586.79,586.86,438256.0,2879.0,586.9327
2025-01-07 15:37:00-05:00,586.86,587.0,586.8,586.8399,320871.0,2229.0,586.8708
2025-01-07 15:38:00-05:00,586.83,587.18,586.78,587.1,475937.0,2937.0,589.228
2025-01-07 15:39:00-05:00,587.1,587.8,587.09,587.79,803655.0,2816.0,587.195
2025-01-07 15:40:00-05:00,587.77,588.5,587.7,588.39,432660.0,3445.0,588.1863
2025-01-07 15:41:00-05:00,588.41,588.55,588.15,588.34,256769.0,2057.0,588.2942
2025-01-07 15:42:00-05:00,588.29,588.49,588.1301,588.15,157595.0,1543.0,588.2846
2025-01-07 15:43:00-05:00,588.15,588.44,587.98,588.32,236010.0,1896.0,588.2336
2025-01-07 15:44:00-05:00,588.31,588.37,587.69,587.7,461661.0,1971.0,591.9934
2025-01-07 15:45:00-05:00,587.74,587.9199,587.48,587.5799,230330.0,1992.0,587.7087
2025-01-07 15:46:00-05:00,587.57,588.2,587.51,587.89,596448.0,2653.0,590.9913
2025-01-07 15:47:00-05:00,587.89,588.17,587.87,588.1,358702.0,1779.0,590.5699
2025-01-07 15:48:00-05:00,588.1,588.23,587.84,588.05,158207.0,1477.0,588.0345
2025-01-07 15:49:00-05:00,588.05,588.27,588.05,588.09,230811.0,2260.0,588.181
2025-01-07 15:50:00-05:00,588.1,588.59,587.99,588.52,361712.0,3234.0,588.3245
2025-01-07 15:51:00-05:00,588.51,588.52,588.1362,588.24,178580.0,1946.0,588.3119
2025-01-07 15:52:00-05:00,588.23,588.26,587.84,588.25,246128.0,2425.0,588.0368
2025-01-07 15:53:00-05:00,588.22,588.62,588.17,588.55,166848.0,1825.0,588.3455
2025-01-07 15:54:00-05:00,588.56,588.635,588.21,588.5,293138.0,3001.0,588.4586
2025-01-07 15:55:00-05:00,588.5,588.8502,588.46,588.5,351017.0,3686.0,588.7079
2025-01-07 15:56:00-05:00,588.5,588.76,588.49,588.62,242180.0,2451.0,588.6118
2025-01-07 15:57:00-05:00,588.63,588.8,588.61,588.74,751731.0,2750.0,589.7994
2025-01-07 15:58:00-05:00,588.735,588.78,588.41,588.61,388512.0,3512.0,588.593
2025-01-07 15:59:00-05:00,588.62,588.74,588.43,588.72,1700774.0,9003.0,589.5899
2025-01-07 16:00:00-05:00,588.72,588.84,588.63,588.8,320880.0,759.0,591.3019
2025-01-07 16:01:00-05:00,588.78,588.97,588.71,588.87,66404.0,363.0,588.8051
2025-01-07 16:02:00-05:00,588.92,588.93,588.8,588.88,225588.0,457.0,592.4431
2025-01-07 16:03:00-05:00,588.88,591.273,588.71,588.85,515152.0,450.0,588.7574
2025-01-07 16:04:00-05:00,588.87,588.9,588.75,588.81,38877.0,210.0,588.831
2025-01-07 16:05:00-05:00,588.86,588.91,588.84,588.89,14298.0,125.0,588.8811
2025-01-07 16:06:00-05:00,588.86,588.91,588.85,588.88,9392.0,100.0,588.8637
2025-01-07 16:07:00-05:00,588.86,588.93,588.84,588.92,158154.0,193.0,593.9787
2025-01-07 16:08:00-05:00,588.94,589.0,588.94,588.98,701605.0,312.0,588.6459
2025-01-07 16:09:00-05:00,588.96,589.0,588.92,589.0,21300.0,141.0,588.8782
2025-01-07 16:10:00-05:00,588.94,588.98,588.91,588.91,18627.0,152.0,588.9471
2025-01-07 16:11:00-05:00,588.92,589.0,588.87,589.0,7730701.0,153.0,588.6225
2025-01-07 16:12:00-05:00,589.01,589.04,588.99,589.0195,6070.0,96.0,589.0245
2025-01-07 16:13:00-05:00,588.98,589.0,588.89,588.95,18663.0,112.0,588.9618
2025-01-07 16:14:00-05:00,588.99,589.06,588.99,589.04,4970.0,89.0,589.0356
2025-01-07 16:15:00-05:00,589.04,589.08,589.01,589.01,15701.0,117.0,589.0413
2025-01-07 16:16:00-05:00,589.01,589.1,589.01,589.07,10628.0,97.0,589.0706
2025-01-07 16:17:00-05:00,589.07,589.15,589.07,589.07,7610.0,87.0,589.0964
2025-01-07 16:18:00-05:00,589.08,589.12,589.06,589.09,4181.0,56.0,589.0794
2025-01-07 16:19:00-05:00,589.08,589.08,589.01,589.06,14873.0,98.0,589.0597
2025-01-07 16:20:00-05:00,589.08,589.09,588.76,588.86,43047.0,239.0,589.0395
2025-01-07 16:21:00-05:00,588.88,588.9,588.76,588.82,9387.0,80.0,588.8371
2025-01-07 16:22:00-05:00,588.8,588.84,588.8,588.82,1351.0,39.0,588.8169
2025-01-07 16:23:00-05:00,588.85,588.93,588.82,588.93,3398.0,35.0,588.8724
2025-01-07 16:24:00-05:00,588.95,588.95,588.91,588.91,1040.0,26.0,588.9445
2025-01-07 16:25:00-05:00,588.95,588.95,588.95,588.95,551.0,26.0,588.9492
2025-01-07 16:26:00-05:00,588.9,589.01,588.6416,588.6416,472846.0,114.0,588.6564
2025-01-07 16:27:00-05:00,588.97,588.97,588.84,588.85,18793.0,150.0,588.8878
2025-01-07 16:28:00-05:00,588.88,588.88,588.85,588.85,78690.0,92.0,588.6833
2025-01-07 16:29:00-05:00,588.88,588.9,588.84,588.87,10937.0,66.0,588.8628
2025-01-07 16:30:00-05:00,588.9,588.95,588.89,588.95,2735.0,47.0,588.9207
2025-01-07 16:31:00-05:00,588.93,588.95,588.93,588.95,1370.0,36.0,588.9392
2025-01-07 16:32:00-05:00,588.95,588.95,588.89,588.9,3679.0,91.0,588.8979
2025-01-07 16:33:00-05:00,588.9,588.93,588.87,588.89,8765.0,60.0,588.9111
2025-01-07 16:34:00-05:00,588.87,588.93,588.85,588.89,1993.0,29.0,588.8878
2025-01-07 16:35:00-05:00,588.93,588.93,588.88,588.89,13004.0,69.0,588.9004
2025-01-07 16:36:00-05:00,588.89,588.89,588.84,588.85,9994.0,66.0,588.8696
2025-01-07 16:37:00-05:00,588.85,588.85,588.85,588.85,0.0,0.0,0.0
2025-01-07 16:38:00-05:00,588.84,588.84,588.63,588.77,31755.0,144.0,588.8001
2025-01-07 16:39:00-05:00,588.78,588.8,588.78,588.7901,18047.0,68.0,588.7994
2025-01-07 16:40:00-05:00,588.7999,588.7999,588.76,588.76,2835.0,47.0,588.7793
2025-01-07 16:41:00-05:00,588.8,588.81,588.79,588.79,20727.0,116.0,588.7995
2025-01-07 16:42:00-05:00,588.79,588.79,588.79,588.79,1393.0,42.0,588.7881
2025-01-07 16:43:00-05:00,588.8,588.81,588.77,588.8,271545.0,81.0,594.8066
2025-01-07 16:44:00-05:00,588.84,588.84,588.84,588.84,737.0,43.0,588.8394
2025-01-07 16:45:00-05:00,588.86,588.86,588.86,588.86,748.0,45.0,588.8662
2025-01-07 16:46:00-05:00,588.91,588.91,588.8,588.82,29436.0,137.0,588.8513
2025-01-07 16:47:00-05:00,588.82,588.85,588.8,588.85,12227.0,83.0,588.8104
2025-01-07 16:48:00-05:00,588.85,588.87,588.83,588.87,5607.0,62.0,588.8592
2025-01-07 16:49:00-05:00,588.88,588.88,588.84,588.86,1702.0,56.0,588.8623
2025-01-07 16:50:00-05:00,588.85,588.85,588.85,588.85,888.0,42.0,588.8515
2025-01-07 16:51:00-05:00,588.85,588.85,588.85,588.85,0.0,0.0,0.0
2025-01-07 16:52:00-05:00,588.85,588.85,588.63,588.63,33143.0,209.0,588.6492
2025-01-07 16:53:00-05:00,588.63,588.65,588.63,588.6301,67957.0,243.0,588.6315
2025-01-07 16:54:00-05:00,588.64,588.64,588.63,588.63,25521.0,109.0,588.6303
2025-01-07 16:55:00-05:00,588.64,588.64,588.64,588.64,359.0,40.0,588.6588
2025-01-07 16:56:00-05:00,588.72,588.72,588.7,588.7,989.0,41.0,588.714
2025-01-07 16:57:00-05:00,588.7,588.73,588.6501,588.67,7127.0,83.0,588.6907
2025-01-07 16:58:00-05:00,588.65,588.65,588.64,588.64,894.0,69.0,588.6449
2025-01-07 16:59:00-05:00,588.72,588.72,588.72,588.72,1187.0,39.0,588.72
2025-01-07 17:00:00-05:00,588.76,588.76,588.76,588.76,672.0,22.0,588.7615
2025-01-07 17:01:00-05:00,588.76,588.76,588.76,588.76,0.0,0.0,0.0
2025-01-07 17:02:00-05:00,588.8,588.8,588.8,588.8,221.0,20.0,581.4417
2025-01-07 17:03:00-05:00,588.8,588.8,588.8,588.8,0.0,0.0,0.0
2025-01-07 17:04:00-05:00,588.8,588.8,588.8,588.8,385.0,16.0,584.5845
2025-01-07 17:05:00-05:00,588.751,588.8,588.751,588.8,658.0,24.0,587.69
2025-01-07 17:06:00-05:00,588.84,588.86,588.75,588.75,9309.0,67.0,588.8136
2025-01-07 17:07:00-05:00,588.79,588.8,588.79,588.8,2224.0,37.0,588.7961
2025-01-07 17:08:00-05:00,588.79,588.8,588.78,588.8,2191.0,29.0,588.795
2025-01-07 17:09:00-05:00,588.771,588.79,588.769,588.79,1399.0,28.0,588.7806
2025-01-07 17:10:00-05:00,588.79,588.79,588.79,588.79,0.0,0.0,0.0
2025-01-07 17:11:00-05:00,588.79,588.8399,588.79,588.8399,1822.0,26.0,588.7967
2025-01-07 17:12:00-05:00,588.8398,588.8398,588.8398,588.8398,148.0,15.0,588.8369
2025-01-07 17:13:00-05:00,588.8398,588.8398,588.8398,588.8398,0.0,0.0,0.0
2025-01-07 17:14:00-05:00,588.8398,588.8398,588.8398,588.8398,0.0,0.0,0.0
2025-01-07 17:15:00-05:00,588.83,588.84,588.83,588.84,1966.0,30.0,588.8381
2025-01-07 17:16:00-05:00,588.8201,588.8201,588.8201,588.8201,185.0,17.0,588.8248
2025-01-07 17:17:00-05:00,588.84,588.84,588.82,588.82,3850.0,44.0,588.8282
2025-01-07 17:18:00-05:00,588.82,588.82,588.82,588.82,2160.0,35.0,588.8188
2025-01-07 17:19:00-05:00,588.82,588.82,588.82,588.82,0.0,0.0,0.0
2025-01-07 17:20:00-05:00,588.82,588.82,588.82,588.82,0.0,0.0,0.0
2025-01-07 17:21:00-05:00,588.82,588.83,588.82,588.83,2142.0,22.0,588.8235
2025-01-07 17:22:00-05:00,588.849,588.849,588.849,588.849,219.0,13.0,588.849
2025-01-07 17:23:00-05:00,588.89,588.9,588.83,588.83,7517.0,53.0,588.8768
2025-01-07 17:24:00-05:00,588.83,588.83,588.83,588.83,0.0,0.0,0.0
2025-01-07 17:25:00-05:00,588.84,588.84,588.83,588.83,1878.0,30.0,588.8373
2025-01-07 17:26:00-05:00,588.84,588.84,588.84,588.84,661.0,22.0,588.8389
2025-01-07 17:27:00-05:00,588.83,588.83,588.83,588.83,180.0,24.0,588.8303
2025-01-07 17:28:00-05:00,588.83,588.83,588.83,588.83,0.0,0.0,0.0
2025-01-07 17:29:00-05:00,588.84,588.84,588.84,588.84,273.0,15.0,588.837
2025-01-07 17:30:00-05:00,588.8201,588.8201,588.76,588.76,2083.0,45.0,588.772
2025-01-07 17:31:00-05:00,588.76,588.76,588.74,588.74,496.0,22.0,588.7445
2025-01-07 17:32:00-05:00,588.76,588.76,588.76,588.76,1101.0,29.0,588.7594
2025-01-07 17:33:00-05:00,588.75,588.75,588.73,588.73,843.0,23.0,588.7383
2025-01-07 17:34:00-05:00,588.75,588.75,588.71,588.71,551.0,23.0,588.7333
2025-01-07 17:35:00-05:00,588.76,588.76,588.76,588.76,1341.0,28.0,588.7581
2025-01-07 17:36:00-05:00,588.8,588.8,588.8,588.8,453.0,21.0,588.7938
2025-01-07 17:37:00-05:00,588.79,588.79,588.79,588.79,195.0,13.0,588.7934
2025-01-07 17:38:00-05:00,588.79,588.79,588.79,588.79,0.0,0.0,0.0
2025-01-07 17:39:00-05:00,588.8,588.8,588.8,588.8,191.0,13.0,588.8115
2025-01-07 17:40:00-05:00,588.8,588.8,588.8,588.8,0.0,0.0,0.0
2025-01-07 17:41:00-05:00,588.8,588.8,588.8,588.8,0.0,0.0,0.0
2025-01-07 17:42:00-05:00,588.8,588.8,588.8,588.8,0.0,0.0,0.0
2025-01-07 17:43:00-05:00,588.8,588.8,588.8,588.8,0.0,0.0,0.0
2025-01-07 17:44:00-05:00,588.8,588.8,588.78,588.78,1738.0,31.0,588.7927
2025-01-07 17:45:00-05:00,588.75,588.75,588.75,588.75,1427.0,28.0,588.7487
2025-01-07 17:46:00-05:00,588.78,588.78,588.78,588.78,242.0,21.0,588.7795
2025-01-07 17:47:00-05:00,588.78,588.78,588.78,588.78,0.0,0.0,0.0
2025-01-07 17:48:00-05:00,588.77,588.82,588.76,588.82,2471.0,34.0,588.7696
2025-01-07 17:49:00-05:00,588.82,588.82,588.82,588.82,0.0,0.0,0.0
2025-01-07 17:50:00-05:00,588.76,588.76,588.76,588.76,2390.0,25.0,588.7621
2025-01-07 17:51:00-05:00,588.76,588.76,588.76,588.76,0.0,0.0,0.0
2025-01-07 17:52:00-05:00,588.76,588.76,588.76,588.76,0.0,0.0,0.0
2025-01-07 17:53:00-05:00,588.77,588.77,588.77,588.77,250.0,21.0,588.7697
2025-01-07 17:54:00-05:00,588.77,588.77,588.77,588.77,0.0,0.0,0.0
2025-01-07 17:55:00-05:00,588.82,588.82,588.77,588.82,1107.0,17.0,588.8125
2025-01-07 17:56:00-05:00,588.82,588.82,588.82,588.82,0.0,0.0,0.0
2025-01-07 17:57:00-05:00,588.82,588.82,588.82,588.82,0.0,0.0,0.0
2025-01-07 17:58:00-05:00,588.76,588.76,588.72,588.72,4157.0,41.0,588.7346
2025-01-07 17:59:00-05:00,588.72,588.82,588.72,588.77,6629.0,37.0,588.7513
2025-01-07 18:00:00-05:00,588.74,588.78,588.63,588.63,23645.0,115.0,588.6591
2025-01-07 18:01:00-05:00,588.68,588.68,588.63,588.63,2576.0,25.0,588.636
2025-01-07 18:02:00-05:00,588.63,588.64,588.63,588.63,39020.0,78.0,588.6306
2025-01-07 18:03:00-05:00,588.63,588.63,588.63,588.63,10100.0,44.0,588.6302
2025-01-07 18:04:00-05:00,588.63,588.65,588.63,588.65,956.0,24.0,588.6392
2025-01-07 18:05:00-05:00,588.63,588.63,588.525,588.525,3668.0,42.0,588.6238
2025-01-07 18:06:00-05:00,588.525,588.525,588.525,588.525,0.0,0.0,0.0
2025-01-07 18:07:00-05:00,588.51,588.51,588.25,588.25,6271.0,92.0,588.3199
2025-01-07 18:08:00-05:00,588.21,588.25,588.18,588.2,5251.0,38.0,588.2227
2025-01-07 18:09:00-05:00,588.1901,588.1901,588.1901,588.1901,406.0,23.0,588.2131
2025-01-07 18:10:00-05:00,588.34,588.35,588.34,588.35,909.0,24.0,588.3303
2025-01-07 18:11:00-05:00,588.35,588.44,588.35,588.44,1812.0,24.0,588.3661
2025-01-07 18:12:00-05:00,588.51,588.51,588.51,588.51,242.0,16.0,588.4944
2025-01-07 18:13:00-05:00,588.45,588.45,588.4005,588.4005,730.0,27.0,588.4365
2025-01-07 18:14:00-05:00,588.4005,588.4005,588.4005,588.4005,0.0,0.0,0.0
2025-01-07 18:15:00-05:00,588.42,588.45,588.42,588.45,3244.0,23.0,588.4474
2025-01-07 18:16:00-05:00,588.45,588.45,588.45,588.45,0.0,0.0,0.0
2025-01-07 18:17:00-05:00,588.63,588.63,588.63,588.63,556.0,15.0,588.6139
2025-01-07 18:18:00-05:00,588.63,588.63,588.63,588.63,314.0,12.0,588.6293
2025-01-07 18:19:00-05:00,588.6888,588.6888,588.6888,588.6888,426.0,15.0,588.676
2025-01-07 18:20:00-05:00,588.6888,588.6888,588.6888,588.6888,0.0,0.0,0.0
2025-01-07 18:21:00-05:00,588.721,588.78,588.721,588.78,1328.0,16.0,588.7619
2025-01-07 18:22:00-05:00,588.78,588.78,588.78,588.78,0.0,0.0,0.0
2025-01-07 18:23:00-05:00,588.65,588.65,588.6201,588.6201,1673.0,17.0,588.6461
2025-01-07 18:24:00-05:00,588.66,588.66,588.66,588.66,1575.0,17.0,588.6603
2025-01-07 18:25:00-05:00,588.67,588.7,588.67,588.7,469.0,26.0,588.7439
2025-01-07 18:26:00-05:00,588.7,588.7,588.7,588.7,0.0,0.0,0.0
2025-01-07 18:27:00-05:00,588.74,588.74,588.74,588.74,125.0,15.0,588.7456
2025-01-07 18:28:00-05:00,588.69,588.69,588.69,588.69,350.0,18.0,588.6931
2025-01-07 18:29:00-05:00,588.68,588.68,588.65,588.65,1143.0,24.0,588.6744
2025-01-07 18:30:00-05:00,588.65,588.66,588.65,588.66,1024.0,31.0,588.6534
2025-01-07 18:31:00-05:00,588.68,588.68,588.68,588.68,311.0,21.0,588.6736
2025-01-07 18:32:00-05:00,588.68,588.68,588.68,588.68,0.0,0.0,0.0
2025-01-07 18:33:00-05:00,588.78,588.79,588.78,588.78,4364.0,36.0,588.7788
2025-01-07 18:34:00-05:00,588.79,588.79,588.75,588.79,1271.0,18.0,588.7841
2025-01-07 18:35:00-05:00,588.79,588.79,588.79,588.79,0.0,0.0,0.0
2025-01-07 18:36:00-05:00,588.79,588.79,588.79,588.79,0.0,0.0,0.0
2025-01-07 18:37:00-05:00,588.86,588.92,588.86,588.88,11360.0,47.0,588.8992
2025-01-07 18:38:00-05:00,588.9,588.92,588.89,588.92,1423.0,15.0,588.9023
2025-01-07 18:39:00-05:00,588.94,588.94,588.82,588.86,1848.0,28.0,588.8686
2025-01-07 18:40:00-05:00,588.86,588.86,588.86,588.86,0.0,0.0,0.0
2025-01-07 18:41:00-05:00,588.84,588.84,588.84,588.84,355.0,22.0,588.848
2025-01-07 18:42:00-05:00,588.84,588.84,588.84,588.84,0.0,0.0,0.0
2025-01-07 18:43:00-05:00,588.84,588.84,588.84,588.84,0.0,0.0,0.0
2025-01-07 18:44:00-05:00,588.84,588.84,588.84,588.84,0.0,0.0,0.0
2025-01-07 18:45:00-05:00,588.7,588.77,588.7,588.77,689.0,23.0,588.7342
2025-01-07 18:46:00-05:00,588.68,588.72,588.68,588.72,299.0,15.0,588.7115
2025-01-07 18:47:00-05:00,588.72,588.72,588.72,588.72,0.0,0.0,0.0
2025-01-07 18:48:00-05:00,588.78,588.78,588.78,588.78,236.0,13.0,588.7766
2025-01-07 18:49:00-05:00,588.69,588.69,588.69,588.69,426.0,20.0,588.7021
2025-01-07 18:50:00-05:00,588.69,588.69,588.69,588.69,0.0,0.0,0.0
2025-01-07 18:51:00-05:00,588.88,588.88,588.88,588.88,337.0,14.0,588.8713
2025-01-07 18:52:00-05:00,588.831,588.85,588.831,588.85,534.0,14.0,588.8485
2025-01-07 18:53:00-05:00,588.92,588.92,588.92,588.92,245.0,18.0,588.9261
2025-01-07 18:54:00-05:00,588.92,588.92,588.92,588.92,0.0,0.0,0.0
2025-01-07 18:55:00-05:00,588.93,588.99,588.93,588.99,2758.0,30.0,588.9528
2025-01-07 18:56:00-05:00,588.96,588.96,588.96,588.96,588.0,24.0,588.9665
2025-01-07 18:57:00-05:00,589.0,589.01,589.0,589.01,612.0,22.0,589.0136
2025-01-07 18:58:00-05:00,589.07,589.12,589.07,589.12,1102.0,21.0,589.1131
2025-01-07 18:59:00-05:00,589.16,589.16,589.13,589.15,6407.0,30.0,589.1464
2025-01-07 19:00:00-05:00,589.16,589.16,589.16,589.16,285.0,20.0,589.16
2025-01-07 19:01:00-05:00,589.18,589.21,589.18,589.21,816.0,24.0,589.1913
2025-01-07 19:02:00-05:00,589.21,589.21,589.21,589.21,906.0,17.0,589.2194
2025-01-07 19:03:00-05:00,589.2519,589.2519,589.2519,589.2519,154.0,13.0,589.2526
2025-01-07 19:04:00-05:00,589.13,589.13,589.1001,589.1001,539.0,21.0,589.131
2025-01-07 19:05:00-05:00,589.1791,589.1791,589.1791,589.1791,520.0,17.0,589.1653
2025-01-07 19:06:00-05:00,589.09,589.09,589.06,589.06,753.0,16.0,589.0911
2025-01-07 19:07:00-05:00,589.06,589.06,589.06,589.06,0.0,0.0,0.0
2025-01-07 19:08:00-05:00,589.01,589.01,589.01,589.01,475.0,14.0,589.023
2025-01-07 19:09:00-05:00,589.09,589.13,589.09,589.13,1792.0,21.0,589.1141
2025-01-07 19:10:00-05:00,589.13,589.13,589.13,589.13,0.0,0.0,0.0
2025-01-07 19:11:00-05:00,589.3,589.33,589.3,589.33,1090.0,32.0,589.3029
2025-01-07 19:12:00-05:00,589.4,589.4,589.38,589.38,767.0,18.0,589.3915
2025-01-07 19:13:00-05:00,589.42,589.44,589.4,589.4,732.0,18.0,589.4124
2025-01-07 19:14:00-05:00,589.4,589.4,589.39,589.39,332.0,14.0,589.3982
2025-01-07 19:15:00-05:00,589.41,589.41,589.3705,589.3705,738.0,22.0,589.4008
2025-01-07 19:16:00-05:00,589.3705,589.3705,589.3705,589.3705,0.0,0.0,0.0
2025-01-07 19:17:00-05:00,589.3705,589.3705,589.3705,589.3705,0.0,0.0,0.0
2025-01-07 19:18:00-05:00,589.37,589.41,589.37,589.37,1922.0,31.0,589.3883
2025-01-07 19:19:00-05:00,589.39,589.4,589.38,589.4,1685.0,27.0,589.3898
2025-01-07 19:20:00-05:00,589.4299,589.4299,589.38,589.38,502.0,13.0,589.3979
2025-01-07 19:21:00-05:00,589.4042,589.4042,589.4042,589.4042,193.0,26.0,589.4041
2025-01-07 19:22:00-05:00,589.39,589.39,589.36,589.36,2078.0,26.0,589.3631
2025-01-07 19:23:00-05:00,589.34,589.34,589.27,589.27,890.0,17.0,589.2891
2025-01-07 19:24:00-05:00,589.31,589.38,589.28,589.38,19840.0,43.0,589.3571
2025-01-07 19:25:00-05:00,589.38,589.38,589.38,589.38,0.0,0.0,0.0
2025-01-07 19:26:00-05:00,589.38,589.38,589.38,589.38,0.0,0.0,0.0
2025-01-07 19:27:00-05:00,589.38,589.38,589.38,589.38,0.0,0.0,0.0
2025-01-07 19:28:00-05:00,589.39,589.39,589.39,589.39,333.0,17.0,589.3856
2025-01-07 19:29:00-05:00,589.34,589.34,589.34,589.34,1643.0,11.0,589.34
2025-01-07 19:30:00-05:00,589.36,589.37,589.35,589.37,6854.0,34.0,589.3542
2025-01-07 19:31:00-05:00,589.36,589.36,589.33,589.33,4150.0,23.0,589.359
2025-01-07 19:32:00-05:00,589.37,589.37,589.37,589.37,335.0,17.0,589.399
2025-01-07 19:33:00-05:00,589.37,589.37,589.37,589.37,0.0,0.0,0.0
2025-01-07 19:34:00-05:00,589.37,589.37,589.37,589.37,0.0,0.0,0.0
2025-01-07 19:35:00-05:00,589.37,589.37,589.37,589.37,0.0,0.0,0.0
2025-01-07 19:36:00-05:00,589.41,589.43,589.41,589.41,513.0,16.0,589.4147
2025-01-07 19:37:00-05:00,589.41,589.41,589.41,589.41,0.0,0.0,0.0
2025-01-07 19:38:00-05:00,589.43,589.52,589.43,589.48,2454.0,36.0,589.4676
2025-01-07 19:39:00-05:00,589.48,589.48,589.48,589.48,0.0,0.0,0.0
2025-01-07 19:40:00-05:00,589.52,589.52,589.52,589.52,197.0,14.0,589.5274
2025-01-07 19:41:00-05:00,589.52,589.52,589.5,589.5,320.0,14.0,589.5118
2025-01-07 19:42:00-05:00,589.54,589.54,589.54,589.54,17214.0,57.0,589.5399
2025-01-07 19:43:00-05:00,589.54,589.54,589.54,589.54,0.0,0.0,0.0
2025-01-07 19:44:00-05:00,589.54,589.55,589.54,589.55,392.0,20.0,589.5396
2025-01-07 19:45:00-05:00,589.5699,589.5699,589.5699,589.5699,223.0,13.0,589.5505
2025-01-07 19:46:00-05:00,589.51,589.51,589.51,589.51,166.0,19.0,589.5289
2025-01-07 19:47:00-05:00,589.52,589.52,589.52,589.52,537.0,17.0,589.5196
2025-01-07 19:48:00-05:00,589.59,589.62,589.59,589.62,550.0,27.0,589.5858
2025-01-07 19:49:00-05:00,589.6,589.6,589.6,589.6,370.0,17.0,589.6135
2025-01-07 19:50:00-05:00,589.6,589.6,589.6,589.6,0.0,0.0,0.0
2025-01-07 19:51:00-05:00,589.5,589.5,589.4,589.41,824.0,25.0,589.4149
2025-01-07 19:52:00-05:00,589.41,589.41,589.41,589.41,0.0,0.0,0.0
2025-01-07 19:53:00-05:00,589.41,589.41,589.41,589.41,0.0,0.0,0.0
2025-01-07 19:54:00-05:00,589.44,589.44,589.4,589.4,465.0,14.0,589.4099
2025-01-07 19:55:00-05:00,589.35,589.35,589.32,589.32,397.0,24.0,589.3469
2025-01-07 19:56:00-05:00,589.37,589.45,589.37,589.45,2220.0,19.0,589.3795
2025-01-07 19:57:00-05:00,589.48,589.5,589.4703,589.5,1220.0,17.0,589.4892
2025-01-07 19:58:00-05:00,589.5,589.5,589.5,589.5,628.0,20.0,589.4974
2025-01-07 19:59:00-05:00,589.5,589.5,589.44,589.48,6449.0,48.0,589.4641
2025-01-08 04:00:00-05:00,589.8,590.2,589.8,590.2,5757.0,52.0,589.9163
2025-01-08 04:01:00-05:00,590.2,590.2,590.2,590.2,1335.0,21.0,590.211
2025-01-08 04:02:00-05:00,590.2,590.2,590.2,590.2,0.0,0.0,0.0
2025-01-08 04:03:00-05:00,590.42,590.45,590.42,590.45,434.0,10.0,590.4235
2025-01-08 04:04:00-05:00,590.4,590.45,590.4,590.45,1048.0,23.0,590.4415
2025-01-08 04:05:00-05:00,590.35,590.35,590.35,590.35,395.0,19.0,590.3786
2025-01-08 04:06:00-05:00,590.44,590.44,590.44,590.44,281.0,10.0,590.4653
2025-01-08 04:07:00-05:00,590.54,590.54,590.54,590.54,743.0,15.0,590.5314
2025-01-08 04:08:00-05:00,590.54,590.54,590.54,590.54,0.0,0.0,0.0
2025-01-08 04:09:00-05:00,590.5,590.5,590.5,590.5,299.0,13.0,590.503
2025-01-08 04:10:00-05:00,590.53,590.53,590.53,590.53,360.0,7.0,590.5293
2025-01-08 04:11:00-05:00,590.53,590.53,590.53,590.53,0.0,0.0,0.0
2025-01-08 04:12:00-05:00,590.48,590.48,590.48,590.48,684.0,23.0,590.47
2025-01-08 04:13:00-05:00,590.48,590.48,590.48,590.48,0.0,0.0,0.0
2025-01-08 04:14:00-05:00,590.43,590.43,590.43,590.43,405.0,9.0,590.425
2025-01-08 04:15:00-05:00,590.43,590.43,590.43,590.43,0.0,0.0,0.0
2025-01-08 04:16:00-05:00,590.43,590.43,590.33,590.33,472.0,8.0,590.3833
2025-01-08 04:17:00-05:00,590.33,590.33,590.33,590.33,0.0,0.0,0.0
2025-01-08 04:18:00-05:00,590.5,590.5,590.5,590.5,3583.0,28.0,590.5016
2025-01-08 04:19:00-05:00,590.5,590.5,590.45,590.45,438.0,8.0,590.4795
2025-01-08 04:20:00-05:00,590.5,590.5,590.5,590.5,511.0,4.0,590.4999
2025-01-08 04:21:00-05:00,590.43,590.43,590.43,590.43,284.0,10.0,590.4327
2025-01-08 04:22:00-05:00,590.43,590.43,590.43,590.43,0.0,0.0,0.0
2025-01-08 04:23:00-05:00,590.43,590.43,590.43,590.43,0.0,0.0,0.0
2025-01-08 04:24:00-05:00,590.5,590.5,590.5,590.5,1809.0,10.0,590.4999
2025-01-08 04:25:00-05:00,590.5,590.5,590.5,590.5,0.0,0.0,0.0
2025-01-08 04:26:00-05:00,590.5,590.5,590.5,590.5,1662.0,13.0,590.495
2025-01-08 04:27:00-05:00,590.5,590.5,590.5,590.5,0.0,0.0,0.0
2025-01-08 04:28:00-05:00,590.5,590.5,590.5,590.5,0.0,0.0,0.0
2025-01-08 04:29:00-05:00,590.5,590.5,590.5,590.5,0.0,0.0,0.0
2025-01-08 04:30:00-05:00,590.33,590.33,590.33,590.33,313.0,8.0,590.3349
2025-01-08 04:31:00-05:00,590.34,590.34,590.34,590.34,271.0,6.0,590.3507
2025-01-08 04:32:00-05:00,590.31,590.31,590.31,590.31,210.0,8.0,590.3106
2025-01-08 04:33:00-05:00,590.31,590.31,590.31,590.31,0.0,0.0,0.0
2025-01-08 04:34:00-05:00,590.24,590.24,590.24,590.24,577.0,17.0,590.2369
2025-01-08 04:35:00-05:00,590.25,590.25,590.25,590.25,1029.0,8.0,590.2504
2025-01-08 04:36:00-05:00,590.23,590.23,590.23,590.23,187.0,8.0,590.2508
2025-01-08 04:37:00-05:00,590.23,590.23,590.23,590.23,0.0,0.0,0.0
2025-01-08 04:38:00-05:00,590.23,590.23,590.23,590.23,0.0,0.0,0.0
2025-01-08 04:39:00-05:00,590.32,590.32,590.32,590.32,323.0,9.0,590.295
2025-01-08 04:40:00-05:00,590.32,590.32,590.32,590.32,0.0,0.0,0.0
2025-01-08 04:41:00-05:00,590.32,590.32,590.32,590.32,0.0,0.0,0.0
2025-01-08 04:42:00-05:00,590.32,590.32,590.32,590.32,0.0,0.0,0.0
2025-01-08 04:43:00-05:00,590.41,590.41,590.41,590.41,201.0,2.0,590.41
2025-01-08 04:44:00-05:00,590.41,590.41,590.41,590.41,0.0,0.0,0.0
2025-01-08 04:45:00-05:00,590.41,590.41,590.41,590.41,0.0,0.0,0.0
2025-01-08 04:46:00-05:00,590.41,590.41,590.41,590.41,0.0,0.0,0.0
2025-01-08 04:47:00-05:00,590.41,590.41,590.41,590.41,0.0,0.0,0.0
2025-01-08 04:48:00-05:00,590.3,590.3,590.3,590.3,304.0,5.0,590.2987
2025-01-08 04:49:00-05:00,590.3,590.3,590.3,590.3,0.0,0.0,0.0
2025-01-08 04:50:00-05:00,590.2,590.2,590.2,590.2,3460.0,19.0,590.1998
2025-01-08 04:51:00-05:00,590.2,590.2,590.2,590.2,0.0,0.0,0.0
2025-01-08 04:52:00-05:00,590.13,590.16,590.13,590.16,348.0,10.0,590.1432
2025-01-08 04:53:00-05:00,590.27,590.27,590.27,590.27,360.0,3.0,590.2619
2025-01-08 04:54:00-05:00,590.32,590.32,590.32,590.32,263.0,6.0,590.3289
2025-01-08 04:55:00-05:00,590.32,590.32,590.32,590.32,0.0,0.0,0.0
2025-01-08 04:56:00-05:00,590.32,590.32,590.32,590.32,0.0,0.0,0.0
2025-01-08 04:57:00-05:00,590.33,590.33,590.33,590.33,216.0,4.0,590.3319
2025-01-08 04:58:00-05:00,590.33,590.33,590.33,590.33,0.0,0.0,0.0
2025-01-08 04:59:00-05:00,590.33,590.33,590.33,590.33,0.0,0.0,0.0
2025-01-08 05:00:00-05:00,590.52,590.69,590.52,590.67,2713.0,17.0,590.6098
2025-01-08 05:01:00-05:00,590.67,590.67,590.67,590.67,0.0,0.0,0.0
2025-01-08 05:02:00-05:00,590.67,590.67,590.67,590.67,0.0,0.0,0.0
2025-01-08 05:03:00-05:00,590.71,590.71,590.66,590.66,299.0,5.0,590.6822
2025-01-08 05:04:00-05:00,590.66,590.66,590.66,590.66,0.0,0.0,0.0
2025-01-08 05:05:00-05:00,590.59,590.59,590.59,590.59,335.0,8.0,590.5892
2025-01-08 05:06:00-05:00,590.59,590.59,590.59,590.59,0.0,0.0,0.0
2025-01-08 05:07:00-05:00,590.59,590.59,590.59,590.59,0.0,0.0,0.0
2025-01-08 05:08:00-05:00,590.59,590.59,590.59,590.59,0.0,0.0,0.0
2025-01-08 05:09:00-05:00,590.5,590.5,590.5,590.5,114.0,6.0,590.5038
2025-01-08 05:10:00-05:00,590.6,590.6,590.6,590.6,431.0,7.0,590.5884
2025-01-08 05:11:00-05:00,590.6,590.6,590.6,590.6,0.0,0.0,0.0
2025-01-08 05:12:00-05:00,590.6,590.6,590.6,590.6,0.0,0.0,0.0
2025-01-08 05:13:00-05:00,590.45,590.45,590.45,590.45,253.0,4.0,590.4484
2025-01-08 05:14:00-05:00,590.45,590.45,590.45,590.45,0.0,0.0,0.0
2025-01-08 05:15:00-05:00,590.54,590.54,590.54,590.54,164.0,9.0,590.5493
2025-01-08 05:16:00-05:00,590.54,590.54,590.54,590.54,0.0,0.0,0.0
2025-01-08 05:17:00-05:00,590.54,590.54,590.54,590.54,0.0,0.0,0.0
2025-01-08 05:18:00-05:00,590.62,590.65,590.62,590.65,423.0,13.0,590.6348
2025-01-08 05:19:00-05:00,590.65,590.65,590.65,590.65,0.0,0.0,0.0
2025-01-08 05:20:00-05:00,590.46,590.46,590.45,590.45,339.0,7.0,590.4621
2025-01-08 05:21:00-05:00,590.44,590.48,590.44,590.48,436.0,6.0,590.4706
2025-01-08 05:22:00-05:00,590.48,590.48,590.48,590.48,0.0,0.0,0.0
2025-01-08 05:23:00-05:00,590.49,590.5,590.49,590.5,3424.0,16.0,590.4949
2025-01-08 05:24:00-05:00,590.5,590.5,590.5,590.5,2313.0,8.0,590.5
2025-01-08 05:25:00-05:00,590.53,590.6,590.53,590.6,510.0,6.0,590.5534
2025-01-08 05:26:00-05:00,590.6,590.6,590.6,590.6,0.0,0.0,0.0
2025-01-08 05:27:00-05:00,590.6,590.6,590.6,590.6,0.0,0.0,0.0
2025-01-08 05:28:00-05:00,590.6,590.6,590.6,590.6,0.0,0.0,0.0
2025-01-08 05:29:00-05:00,590.6,590.6,590.6,590.6,0.0,0.0,0.0
2025-01-08 05:30:00-05:00,590.6,590.6,590.6,590.6,0.0,0.0,0.0
2025-01-08 05:31:00-05:00,590.6,590.6,590.6,590.6,0.0,0.0,0.0
2025-01-08 05:32:00-05:00,590.6,590.6,590.6,590.6,0.0,0.0,0.0
2025-01-08 05:33:00-05:00,590.45,590.45,590.45,590.45,182.0,7.0,590.4534
2025-01-08 05:34:00-05:00,590.45,590.45,590.45,590.45,0.0,0.0,0.0
2025-01-08 05:35:00-05:00,590.45,590.45,590.45,590.45,0.0,0.0,0.0
2025-01-08 05:36:00-05:00,590.45,590.45,590.45,590.45,0.0,0.0,0.0
2025-01-08 05:37:00-05:00,590.62,590.62,590.62,590.62,500.0,2.0,590.62
2025-01-08 05:38:00-05:00,590.65,590.65,590.65,590.65,464.0,9.0,590.6474
2025-01-08 05:39:00-05:00,590.65,590.65,590.65,590.65,0.0,0.0,0.0
2025-01-08 05:40:00-05:00,590.65,590.65,590.65,590.65,0.0,0.0,0.0
2025-01-08 05:41:00-05:00,590.65,590.65,590.65,590.65,0.0,0.0,0.0
2025-01-08 05:42:00-05:00,590.67,590.67,590.67,590.67,192.0,7.0,590.6679
2025-01-08 05:43:00-05:00,590.67,590.67,590.67,590.67,0.0,0.0,0.0
2025-01-08 05:44:00-05:00,590.63,590.63,590.63,590.63,201.0,5.0,590.6325
2025-01-08 05:45:00-05:00,590.66,590.66,590.66,590.66,226.0,4.0,590.658
2025-01-08 05:46:00-05:00,590.64,590.65,590.64,590.64,924.0,6.0,590.6424
2025-01-08 05:47:00-05:00,590.71,590.71,590.71,590.71,222.0,7.0,590.6987
2025-01-08 05:48:00-05:00,590.71,590.71,590.71,590.71,0.0,0.0,0.0
2025-01-08 05:49:00-05:00,590.71,590.71,590.71,590.71,0.0,0.0,0.0
2025-01-08 05:50:00-05:00,590.75,590.75,590.75,590.75,326.0,15.0,590.7537
2025-01-08 05:51:00-05:00,590.75,590.75,590.75,590.75,0.0,0.0,0.0
2025-01-08 05:52:00-05:00,590.75,590.75,590.75,590.75,0.0,0.0,0.0
2025-01-08 05:53:00-05:00,590.8,590.8,590.8,590.8,225.0,4.0,590.7979
2025-01-08 05:54:00-05:00,590.8,590.8,590.8,590.8,0.0,0.0,0.0
2025-01-08 05:55:00-05:00,590.8,590.8,590.8,590.8,0.0,0.0,0.0
2025-01-08 05:56:00-05:00,590.8,590.8,590.8,590.8,0.0,0.0,0.0
2025-01-08 05:57:00-05:00,590.8,590.8,590.8,590.8,0.0,0.0,0.0
2025-01-08 05:58:00-05:00,590.8,590.8,590.8,590.8,0.0,0.0,0.0
2025-01-08 05:59:00-05:00,590.77,590.77,590.77,590.77,486.0,3.0,590.7701
2025-01-08 06:00:00-05:00,590.84,590.84,590.84,590.84,162.0,5.0,590.8181
2025-01-08 06:01:00-05:00,590.84,590.84,590.84,590.84,0.0,0.0,0.0
2025-01-08 06:02:00-05:00,590.83,590.84,590.78,590.78,2975.0,33.0,590.8037
2025-01-08 06:03:00-05:00,590.78,590.78,590.78,590.78,0.0,0.0,0.0
2025-01-08 06:04:00-05:00,590.78,590.78,590.78,590.78,0.0,0.0,0.0
2025-01-08 06:05:00-05:00,590.75,590.75,590.75,590.75,399.0,9.0,590.7634
2025-01-08 06:06:00-05:00,590.69,590.69,590.69,590.69,183.0,12.0,590.7081
2025-01-08 06:07:00-05:00,590.69,590.69,590.69,590.69,297.0,7.0,590.7157
2025-01-08 06:08:00-05:00,590.69,590.69,590.69,590.69,0.0,0.0,0.0
2025-01-08 06:09:00-05:00,590.69,590.69,590.69,590.69,0.0,0.0,0.0
2025-01-08 06:10:00-05:00,590.69,590.69,590.69,590.69,0.0,0.0,0.0
2025-01-08 06:11:00-05:00,590.68,590.68,590.62,590.62,596.0,23.0,590.6613
2025-01-08 06:12:00-05:00,590.53,590.53,590.53,590.53,211.0,13.0,590.5411
2025-01-08 06:13:00-05:00,590.45,590.45,590.45,590.45,683.0,16.0,590.4564
2025-01-08 06:14:00-05:00,590.45,590.45,590.45,590.45,0.0,0.0,0.0
2025-01-08 06:15:00-05:00,590.45,590.45,590.45,590.45,0.0,0.0,0.0
2025-01-08 06:16:00-05:00,590.3,590.3,590.3,590.3,291.0,10.0,590.3051
2025-01-08 06:17:00-05:00,590.3,590.3,590.3,590.3,0.0,0.0,0.0
2025-01-08 06:18:00-05:00,590.3,590.3,590.3,590.3,0.0,0.0,0.0
2025-01-08 06:19:00-05:00,590.31,590.31,590.31,590.31,133.0,6.0,590.3111
2025-01-08 06:20:00-05:00,590.2,590.2,590.15,590.15,1187.0,44.0,590.191
2025-01-08 06:21:00-05:00,590.07,590.12,590.07,590.12,1653.0,20.0,590.1015
2025-01-08 06:22:00-05:00,590.12,590.12,590.12,590.12,0.0,0.0,0.0
2025-01-08 06:23:00-05:00,590.12,590.12,590.12,590.12,0.0,0.0,0.0
2025-01-08 06:24:00-05:00,590.04,590.04,590.04,590.04,1055.0,27.0,590.0398
2025-01-08 06:25:00-05:00,590.01,590.01,589.85,589.88,884.0,51.0,589.9192
2025-01-08 06:26:00-05:00,589.89,589.89,589.57,589.58,778.0,61.0,589.6648
2025-01-08 06:27:00-05:00,589.72,589.74,589.66,589.74,1087.0,16.0,589.7092
2025-01-08 06:28:00-05:00,589.61,589.61,588.25,589.26,32317.0,171.0,588.881
2025-01-08 06:29:00-05:00,589.23,589.47,589.23,589.47,590.0,13.0,589.3446
2025-01-08 06:30:00-05:00,589.53,589.53,589.4,589.4,622.0,19.0,589.4418
2025-01-08 06:31:00-05:00,588.69,588.7,588.33,588.33,2068.0,60.0,588.5701
2025-01-08 06:32:00-05:00,588.46,588.46,588.01,588.01,1039.0,43.0,588.3248
2025-01-08 06:33:00-05:00,588.0,588.19,587.51,588.19,29938.0,159.0,587.9383
2025-01-08 06:34:00-05:00,588.16,588.42,588.07,588.15,15067.0,98.0,588.2029
2025-01-08 06:35:00-05:00,588.5,588.65,588.38,588.39,4978.0,53.0,588.4707
2025-01-08 06:36:00-05:00,588.34,588.35,588.34,588.35,1047.0,23.0,588.2803
2025-01-08 06:37:00-05:00,588.38,588.38,588.02,588.02,5178.0,70.0,588.0968
2025-01-08 06:38:00-05:00,588.16,588.16,587.82,587.87,5445.0,44.0,588.0208
2025-01-08 06:39:00-05:00,587.95,587.95,587.44,587.44,3693.0,57.0,587.747
2025-01-08 06:40:00-05:00,587.39,587.6,587.34,587.34,4578.0,57.0,587.455
2025-01-08 06:41:00-05:00,587.29,587.29,587.05,587.05,1260.0,42.0,587.204
2025-01-08 06:42:00-05:00,587.07,587.51,587.07,587.51,3041.0,45.0,587.2872
2025-01-08 06:43:00-05:00,587.63,587.64,587.5,587.56,2716.0,42.0,587.5945
2025-01-08 06:44:00-05:00,587.66,587.66,587.66,587.66,1096.0,13.0,587.6804
2025-01-08 06:45:00-05:00,588.0,588.16,587.9,588.16,6438.0,51.0,587.9499
2025-01-08 06:46:00-05:00,588.17,588.18,588.16,588.18,835.0,16.0,588.1197
2025-01-08 06:47:00-05:00,587.83,587.83,587.71,587.71,1947.0,23.0,587.7928
2025-01-08 06:48:00-05:00,587.9,588.16,587.9,588.16,768.0,19.0,588.0845
2025-01-08 06:49:00-05:00,588.25,588.47,588.25,588.38,2403.0,34.0,588.4034
2025-01-08 06:50:00-05:00,588.23,588.4,588.23,588.24,20922.0,56.0,588.3905
2025-01-08 06:51:00-05:00,588.7,588.78,588.7,588.73,6163.0,35.0,588.7122
2025-01-08 06:52:00-05:00,588.77,588.77,588.69,588.77,1124.0,14.0,588.7538
2025-01-08 06:53:00-05:00,588.75,588.76,588.45,588.48,3749.0,25.0,588.7058
2025-01-08 06:54:00-05:00,588.54,588.54,588.46,588.52,1340.0,15.0,588.5041
2025-01-08 06:55:00-05:00,588.63,588.63,588.61,588.61,487.0,12.0,588.5991
2025-01-08 06:56:00-05:00,588.64,588.88,588.64,588.88,862.0,18.0,588.8233
2025-01-08 06:57:00-05:00,588.79,588.83,588.75,588.75,705.0,7.0,588.769
2025-01-08 06:58:00-05:00,588.89,589.01,588.79,588.79,1041.0,20.0,588.9572
2025-01-08 06:59:00-05:00,588.83,588.83,588.8,588.8,926.0,17.0,588.8248
2025-01-08 07:00:00-05:00,588.9,588.9,588.56,588.56,4248.0,75.0,588.8024
2025-01-08 07:01:00-05:00,588.5,588.5,588.24,588.24,1104.0,33.0,588.3105
2025-01-08 07:02:00-05:00,588.31,588.4,588.0,588.3,45489.0,271.0,588.1831
2025-01-08 07:03:00-05:00,588.2,588.21,588.0,588.08,2511.0,61.0,588.0829
2025-01-08 07:04:00-05:00,588.0,588.05,587.88,587.94,12647.0,90.0,587.9277
2025-01-08 07:05:00-05:00,587.87,587.87,587.75,587.87,11763.0,92.0,587.7975
2025-01-08 07:06:00-05:00,587.91,588.07,587.91,588.07,2821.0,40.0,587.9455
2025-01-08 07:07:00-05:00,588.02,588.03,587.99,587.99,1760.0,23.0,588.0037
2025-01-08 07:08:00-05:00,588.0,588.25,588.0,588.24,11382.0,66.0,588.0358
2025-01-08 07:09:00-05:00,588.3,588.31,588.23,588.23,1432.0,31.0,588.2749
2025-01-08 07:10:00-05:00,588.13,588.47,588.13,588.43,2196.0,28.0,588.3698
2025-01-08 07:11:00-05:00,588.07,588.17,588.07,588.1,6473.0,54.0,588.1419
2025-01-08 07:12:00-05:00,588.01,588.02,587.7,587.7,5297.0,48.0,587.7803
2025-01-08 07:13:00-05:00,587.62,587.63,587.61,587.63,1770.0,31.0,587.6175
2025-01-08 07:14:00-05:00,587.62,587.62,587.62,587.62,1148.0,14.0,587.6247
2025-01-08 07:15:00-05:00,587.53,587.58,587.47,587.47,1636.0,52.0,587.5266
2025-01-08 07:16:00-05:00,587.5,587.5,587.5,587.5,1565.0,38.0,587.4655
2025-01-08 07:17:00-05:00,587.489,587.489,587.28,587.4,18560.0,132.0,587.3437
2025-01-08 07:18:00-05:00,587.37,587.5,587.16,587.2,22507.0,148.0,587.234
2025-01-08 07:19:00-05:00,587.21,587.21,586.94,587.1,23421.0,181.0,587.0974
2025-01-08 07:20:00-05:00,586.95,586.96,586.58,586.59,8935.0,132.0,586.7852
2025-01-08 07:21:00-05:00,586.87,587.15,586.84,587.0,9638.0,109.0,586.9586
2025-01-08 07:22:00-05:00,586.94,586.99,586.82,586.82,4602.0,64.0,586.8702
2025-01-08 07:23:00-05:00,586.95,586.96,586.93,586.94,5000.0,51.0,586.9393
2025-01-08 07:24:00-05:00,586.86,586.98,586.86,586.9,6775.0,81.0,586.9008
2025-01-08 07:25:00-05:00,586.79,586.79,586.27,586.59,18954.0,193.0,586.3861
2025-01-08 07:26:00-05:00,586.6,586.89,586.6,586.89,2502.0,39.0,586.6572
2025-01-08 07:27:00-05:00,586.83,586.83,586.54,586.67,4011.0,46.0,586.6704
2025-01-08 07:28:00-05:00,586.7,586.7,586.6,586.6,3934.0,66.0,586.6642
2025-01-08 07:29:00-05:00,586.51,586.6,586.2,586.59,12180.0,108.0,586.4666
2025-01-08 07:30:00-05:00,586.64,586.64,586.43,586.6,12256.0,101.0,586.5365
2025-01-08 07:31:00-05:00,586.5,586.5,586.1,586.1,13213.0,96.0,586.3371
2025-01-08 07:32:00-05:00,586.25,586.3,586.2,586.3,2612.0,41.0,586.2342
2025-01-08 07:33:00-05:00,586.2,586.22,586.1,586.21,8483.0,73.0,586.1523
2025-01-08 07:34:00-05:00,586.2,586.32,586.07,586.14,56492.0,347.0,586.1998
2025-01-08 07:35:00-05:00,586.6,586.67,586.6,586.67,3191.0,50.0,586.5593
2025-01-08 07:36:00-05:00,586.8,586.8,586.71,586.71,4871.0,57.0,586.7922
2025-01-08 07:37:00-05:00,586.75,587.24,586.75,587.2,6868.0,85.0,587.0406
2025-01-08 07:38:00-05:00,587.2,587.6,587.2,587.54,21895.0,144.0,587.3364
2025-01-08 07:39:00-05:00,587.41,587.41,587.33,587.33,4006.0,41.0,587.3783
2025-01-08 07:40:00-05:00,587.32,587.33,587.27,587.27,3807.0,44.0,587.309
2025-01-08 07:41:00-05:00,587.24,587.24,586.97,587.0,2610.0,33.0,587.0519
2025-01-08 07:42:00-05:00,586.97,587.22,586.97,587.22,2258.0,24.0,587.1469
2025-01-08 07:43:00-05:00,587.2,587.2,587.17,587.17,356.0,16.0,587.1854
2025-01-08 07:44:00-05:00,587.21,587.51,587.16,587.33,12155.0,105.0,587.2425
2025-01-08 07:45:00-05:00,587.41,587.55,587.35,587.35,12437.0,97.0,587.5057
2025-01-08 07:46:00-05:00,587.25,587.26,587.11,587.11,38524.0,160.0,587.2419
2025-01-08 07:47:00-05:00,587.0,587.01,586.92,587.01,4720.0,66.0,586.9521
2025-01-08 07:48:00-05:00,587.04,587.25,587.03,587.05,7751.0,55.0,587.1039
2025-01-08 07:49:00-05:00,587.03,587.03,586.83,586.83,4287.0,46.0,586.9943
2025-01-08 07:50:00-05:00,586.92,587.04,586.75,586.75,24094.0,156.0,586.9508
2025-01-08 07:51:00-05:00,586.76,586.93,586.76,586.93,484.0,19.0,586.9177
2025-01-08 07:52:00-05:00,586.92,586.92,586.92,586.92,809.0,24.0,586.9751
2025-01-08 07:53:00-05:00,586.85,586.85,586.8,586.8,1486.0,19.0,586.8259
2025-01-08 07:54:00-05:00,586.84,586.84,586.69,586.71,3436.0,28.0,586.7577
2025-01-08 07:55:00-05:00,586.74,586.74,586.62,586.62,19444.0,152.0,586.7015
2025-01-08 07:56:00-05:00,586.67,586.69,586.62,586.64,4275.0,42.0,586.6415
2025-01-08 07:57:00-05:00,586.61,586.69,586.57,586.57,7300.0,63.0,586.6323
2025-01-08 07:58:00-05:00,586.56,586.79,586.56,586.67,3502.0,45.0,586.6249
2025-01-08 07:59:00-05:00,586.74,586.75,586.72,586.75,2543.0,29.0,586.7339
2025-01-08 08:00:00-05:00,587.77,590.6,586.1999,587.86,96013.0,1129.0,587.5615
2025-01-08 08:01:00-05:00,587.95,588.63,587.95,588.46,46587.0,655.0,588.3126
2025-01-08 08:02:00-05:00,588.43,588.43,588.0396,588.0396,7589.0,116.0,588.2685
2025-01-08 08:03:00-05:00,588.04,588.6,588.04,588.36,16625.0,155.0,588.2907
2025-01-08 08:04:00-05:00,588.34,588.34,588.01,588.01,2008.0,47.0,588.1677
2025-01-08 08:05:00-05:00,588.0,588.0,587.68,587.73,23852.0,177.0,587.7866
2025-01-08 08:06:00-05:00,587.7,587.84,587.58,587.58,13522.0,82.0,587.7442
2025-01-08 08:07:00-05:00,587.57,587.63,587.49,587.57,13835.0,113.0,587.5723
2025-01-08 08:08:00-05:00,587.63,587.63,587.32,587.36,12146.0,135.0,587.4445
2025-01-08 08:09:00-05:00,587.35,587.63,587.28,587.63,7561.0,65.0,587.3481
2025-01-08 08:10:00-05:00,587.64,587.8,587.64,587.8,2735.0,51.0,587.7108
2025-01-08 08:11:00-05:00,587.68,587.68,587.58,587.58,1408.0,48.0,587.6377
2025-01-08 08:12:00-05:00,587.82,587.82,587.65,587.65,824.0,37.0,587.7133
2025-01-08 08:13:00-05:00,587.71,587.75,587.65,587.66,11469.0,60.0,587.6809
2025-01-08 08:14:00-05:00,587.74,587.75,587.74,587.75,598.0,30.0,587.7399
2025-01-08 08:15:00-05:00,587.71,588.5,587.71,588.2399,22007.0,141.0,588.3131
2025-01-08 08:16:00-05:00,588.35,588.45,588.07,588.07,11071.0,105.0,588.2515
2025-01-08 08:17:00-05:00,588.06,588.177,588.0,588.06,26179.0,147.0,588.0508
2025-01-08 08:18:00-05:00,587.83,587.93,587.77,587.93,3591.0,66.0,587.8383
2025-01-08 08:19:00-05:00,588.17,588.17,587.9,587.9,879.0,52.0,587.986
2025-01-08 08:20:00-05:00,587.98,588.3,587.98,588.18,10822.0,69.0,588.0918
2025-01-08 08:21:00-05:00,588.08,588.12,587.9227,588.12,5896.0,48.0,588.0334
2025-01-08 08:22:00-05:00,588.07,588.19,588.07,588.19,628.0,28.0,588.1414
2025-01-08 08:23:00-05:00,588.2704,588.72,588.2704,588.72,7485.0,83.0,588.5567
2025-01-08 08:24:00-05:00,588.77,589.1399,588.7604,588.81,5693.0,110.0,588.8832
2025-01-08 08:25:00-05:00,588.92,589.02,588.78,589.02,6481.0,75.0,588.9456
2025-01-08 08:26:00-05:00,589.0,589.1,588.86,588.95,7106.0,98.0,588.9965
2025-01-08 08:27:00-05:00,589.05,589.25,589.0,589.25,54733.0,210.0,589.1849
2025-01-08 08:28:00-05:00,589.26,589.26,588.95,589.01,2535.0,53.0,589.0628
2025-01-08 08:29:00-05:00,588.95,589.05,588.68,588.68,10969.0,84.0,588.8866
2025-01-08 08:30:00-05:00,588.52,589.46,588.52,588.99,28407.0,190.0,589.122
2025-01-08 08:31:00-05:00,588.93,589.63,588.93,589.3,74416.0,468.0,589.3277
2025-01-08 08:32:00-05:00,589.3994,589.49,589.08,589.1,18904.0,150.0,589.3074
2025-01-08 08:33:00-05:00,589.02,589.02,588.5105,588.63,39009.0,281.0,588.6907
2025-01-08 08:34:00-05:00,588.59,588.59,587.96,588.16,31575.0,245.0,588.1643
2025-01-08 08:35:00-05:00,588.27,588.56,588.25,588.49,7870.0,68.0,588.4272
2025-01-08 08:36:00-05:00,588.6,588.75,588.408,588.6704,13527.0,104.0,588.6357
2025-01-08 08:37:00-05:00,588.6,588.72,588.3915,588.3915,6765.0,82.0,588.6445
2025-01-08 08:38:00-05:00,588.28,588.3,588.09,588.18,14333.0,103.0,588.1992
2025-01-08 08:39:00-05:00,588.06,588.47,588.06,588.37,11237.0,76.0,588.3349
2025-01-08 08:40:00-05:00,588.28,588.28,588.15,588.22,24719.0,168.0,588.2345
2025-01-08 08:41:00-05:00,588.23,588.23,587.98,587.98,29170.0,186.0,588.0451
2025-01-08 08:42:00-05:00,588.02,588.4204,588.02,588.31,12091.0,109.0,588.2486
2025-01-08 08:43:00-05:00,588.3104,588.42,588.31,588.31,2056.0,37.0,588.378
2025-01-08 08:44:00-05:00,588.12,588.12,588.06,588.06,1407.0,58.0,588.1193
2025-01-08 08:45:00-05:00,588.0912,588.17,588.0912,588.15,2282.0,78.0,588.159
2025-01-08 08:46:00-05:00,588.25,588.48,588.25,588.48,2671.0,52.0,588.4339
2025-01-08 08:47:00-05:00,588.3999,588.4,588.3413,588.4,3615.0,40.0,588.4376
2025-01-08 08:48:00-05:00,588.48,588.6599,588.35,588.35,5264.0,93.0,588.4594
2025-01-08 08:49:00-05:00,588.39,588.66,588.39,588.66,3498.0,43.0,588.5122
2025-01-08 08:50:00-05:00,588.78,588.8,588.69,588.69,1503.0,45.0,588.7558
2025-01-08 08:51:00-05:00,588.68,588.68,588.62,588.62,1357.0,40.0,588.6293
2025-01-08 08:52:00-05:00,588.509,588.56,588.509,588.56,704.0,42.0,588.5579
2025-01-08 08:53:00-05:00,588.41,588.41,588.34,588.34,2101.0,54.0,588.3722
2025-01-08 08:54:00-05:00,588.5601,588.83,588.5601,588.83,929.0,46.0,588.6942
2025-01-08 08:55:00-05:00,588.73,589.05,588.73,589.025,8377.0,56.0,588.9652
2025-01-08 08:56:00-05:00,589.0,589.06,588.96,588.97,2859.0,63.0,589.0117
2025-01-08 08:57:00-05:00,589.0,589.12,589.0,589.1,4238.0,44.0,589.0664
2025-01-08 08:58:00-05:00,589.12,589.16,589.07,589.12,11247.0,85.0,589.1006
2025-01-08 08:59:00-05:00,589.15,589.24,589.15,589.19,5259.0,89.0,589.2119
2025-01-08 09:00:00-05:00,589.28,589.42,589.15,589.16,8134.0,112.0,589.2485
2025-01-08 09:01:00-05:00,589.12,589.35,589.1,589.35,2594.0,57.0,589.2579
2025-01-08 09:02:00-05:00,589.29,589.302,589.0,589.02,18850.0,116.0,589.1467
2025-01-08 09:03:00-05:00,589.04,589.16,589.04,589.08,1337.0,57.0,589.1086
2025-01-08 09:04:00-05:00,588.97,589.07,588.97,589.01,1109.0,58.0,589.0144
2025-01-08 09:05:00-05:00,588.98,589.02,588.78,588.91,3016.0,71.0,588.8599
2025-01-08 09:06:00-05:00,588.9,588.9,588.69,588.69,1870.0,60.0,588.7302
2025-01-08 09:07:00-05:00,588.67,588.93,588.63,588.85,13711.0,90.0,588.8281
2025-01-08 09:08:00-05:00,588.84,588.84,588.66,588.67,1807.0,85.0,588.7253
2025-01-08 09:09:00-05:00,588.7,588.7083,588.525,588.7083,2687.0,68.0,588.5892
2025-01-08 09:10:00-05:00,588.6,588.7511,588.6,588.7,7828.0,69.0,588.6905
2025-01-08 09:11:00-05:00,588.76,588.82,588.76,588.79,1486.0,69.0,588.7772
2025-01-08 09:12:00-05:00,588.89,588.89,588.71,588.71,753.0,44.0,588.8252
2025-01-08 09:13:00-05:00,588.94,589.0,588.7,588.7,995.0,54.0,588.8906
2025-01-08 09:14:00-05:00,588.71,588.78,588.49,588.49,8622.0,123.0,588.65
2025-01-08 09:15:00-05:00,588.41,588.47,588.41,588.45,2500.0,80.0,588.447
2025-01-08 09:16:00-05:00,588.35,588.5,588.35,588.5,7237.0,66.0,588.3739
2025-01-08 09:17:00-05:00,588.33,588.49,588.33,588.48,3412.0,62.0,588.4327
2025-01-08 09:18:00-05:00,588.48,588.51,588.44,588.5,10890.0,78.0,588.4469
2025-01-08 09:19:00-05:00,588.45,588.47,588.42,588.45,1398.0,47.0,588.4485
2025-01-08 09:20:00-05:00,588.4791,588.58,588.43,588.58,2938.0,72.0,588.4723
2025-01-08 09:21:00-05:00,588.59,588.59,588.26,588.4,14258.0,133.0,588.3896
2025-01-08 09:22:00-05:00,588.32,588.32,588.17,588.28,13437.0,122.0,588.2027
2025-01-08 09:23:00-05:00,588.242,588.49,588.242,588.47,8655.0,92.0,588.4417
2025-01-08 09:24:00-05:00,588.58,588.6112,588.34,588.38,4105.0,74.0,588.42
2025-01-08 09:25:00-05:00,588.64,588.7593,588.64,588.67,4436.0,105.0,588.6812
2025-01-08 09:26:00-05:00,588.71,588.76,588.56,588.56,33460.0,164.0,588.6984
2025-01-08 09:27:00-05:00,588.55,588.73,588.54,588.66,12841.0,166.0,588.6437
2025-01-08 09:28:00-05:00,588.64,588.9,588.64,588.9,16427.0,160.0,588.7573
2025-01-08 09:29:00-05:00,588.91,589.09,588.56,588.7,67818.0,310.0,588.8848
2025-01-08 09:30:00-05:00,588.7,588.77,587.91,587.98,495795.0,5738.0,588.4173
2025-01-08 09:31:00-05:00,587.97,588.3,587.67,588.22,219302.0,2060.0,587.9165
2025-01-08 09:32:00-05:00,588.24,588.28,587.6733,587.83,90720.0,1235.0,587.9001
2025-01-08 09:33:00-05:00,587.79,588.02,587.63,587.73,118871.0,1433.0,587.8156
2025-01-08 09:34:00-05:00,587.72,588.31,587.44,588.235,159059.0,1920.0,587.9343
2025-01-08 09:35:00-05:00,588.22,588.37,588.03,588.12,117896.0,1655.0,588.2129
2025-01-08 09:36:00-05:00,588.15,588.45,587.82,588.4,121525.0,1612.0,588.1653
2025-01-08 09:37:00-05:00,588.41,588.49,587.94,588.005,138751.0,1378.0,588.201
2025-01-08 09:38:00-05:00,588.02,588.09,587.62,587.83,130328.0,1557.0,587.8357
2025-01-08 09:39:00-05:00,587.79,587.9,587.3201,587.38,162099.0,1909.0,587.6463
2025-01-08 09:40:00-05:00,587.4,587.71,587.15,587.63,147580.0,1884.0,587.4631
2025-01-08 09:41:00-05:00,587.65,587.95,587.54,587.705,115911.0,1494.0,587.7766
2025-01-08 09:42:00-05:00,587.69,588.2275,587.69,587.77,160633.0,1813.0,587.9027
2025-01-08 09:43:00-05:00,587.77,587.88,587.29,587.7599,109058.0,1574.0,587.5712
2025-01-08 09:44:00-05:00,587.76,587.95,587.37,587.79,234263.0,1430.0,588.2026
2025-01-08 09:45:00-05:00,587.76,587.98,587.66,587.74,164868.0,1976.0,587.8344
2025-01-08 09:46:00-05:00,587.74,587.92,587.09,587.2,159868.0,2056.0,587.5798
2025-01-08 09:47:00-05:00,587.21,587.87,586.94,587.72,146332.0,2459.0,587.4256
2025-01-08 09:48:00-05:00,587.735,587.82,587.4517,587.61,79674.0,1279.0,587.6069
2025-01-08 09:49:00-05:00,587.61,588.15,587.48,588.09,169026.0,1995.0,587.8928
2025-01-08 09:50:00-05:00,588.09,588.39,587.83,588.1,89946.0,1339.0,588.1017
2025-01-08 09:51:00-05:00,588.15,588.52,587.965,588.415,78567.0,1290.0,588.2202
2025-01-08 09:52:00-05:00,588.39,588.39,587.26,587.3,211418.0,2122.0,587.6481
2025-01-08 09:53:00-05:00,587.29,587.39,586.68,586.75,142730.0,1924.0,586.867
2025-01-08 09:54:00-05:00,586.744,587.33,586.5001,587.11,239481.0,2695.0,587.0402
2025-01-08 09:55:00-05:00,587.23,587.32,586.94,587.26,51584.0,942.0,587.1318
2025-01-08 09:56:00-05:00,587.21,587.76,586.89,587.43,94428.0,1343.0,587.3722
2025-01-08 09:57:00-05:00,587.45,587.46,587.06,587.08,71002.0,854.0,587.3381
2025-01-08 09:58:00-05:00,587.1,587.37,586.898,587.37,51714.0,974.0,587.0777
2025-01-08 09:59:00-05:00,587.355,587.52,587.31,587.38,74168.0,1054.0,587.4279
2025-01-08 10:00:00-05:00,587.3,587.84,587.12,587.82,118540.0,1459.0,587.4755
2025-01-08 10:01:00-05:00,587.81,588.06,587.55,587.84,93470.0,1467.0,587.8566
2025-01-08 10:02:00-05:00,587.85,588.58,587.82,588.52,170622.0,1971.0,588.3037
2025-01-08 10:03:00-05:00,588.49,588.73,588.39,588.57,128598.0,1559.0,588.5422
2025-01-08 10:04:00-05:00,588.53,588.7,588.41,588.55,95256.0,1278.0,588.5735
2025-01-08 10:05:00-05:00,588.58,588.59,588.24,588.4301,93773.0,1441.0,588.3811
2025-01-08 10:06:00-05:00,588.43,588.55,588.0901,588.43,58218.0,1126.0,588.2927
2025-01-08 10:07:00-05:00,588.43,588.54,588.04,588.27,91782.0,1452.0,588.2758
2025-01-08 10:08:00-05:00,588.36,588.38,588.0302,588.2199,72485.0,999.0,588.2186
2025-01-08 10:09:00-05:00,588.22,588.53,588.07,588.2501,93528.0,1311.0,588.2716
2025-01-08 10:10:00-05:00,588.28,588.6454,587.21,587.32,179653.0,2492.0,588.0465
2025-01-08 10:11:00-05:00,587.3428,587.71,587.26,587.42,166928.0,1654.0,587.4501
2025-01-08 10:12:00-05:00,587.39,587.63,587.04,587.45,69376.0,1158.0,587.3827
2025-01-08 10:13:00-05:00,587.44,587.505,586.69,586.69,132833.0,1763.0,586.9834
2025-01-08 10:14:00-05:00,586.73,586.84,586.35,586.43,112857.0,1750.0,586.5748
2025-01-08 10:15:00-05:00,586.45,586.64,586.1,586.265,159208.0,1795.0,586.361
2025-01-08 10:16:00-05:00,586.27,586.58,586.1,586.54,92998.0,1389.0,586.3624
2025-01-08 10:17:00-05:00,586.53,586.63,586.32,586.5,67525.0,1160.0,586.4605
2025-01-08 10:18:00-05:00,586.49,586.93,586.46,586.87,139081.0,1649.0,586.7933
2025-01-08 10:19:00-05:00,586.84,587.08,586.77,586.89,128295.0,2099.0,586.9229
2025-01-08 10:20:00-05:00,586.89,586.99,586.1,586.115,83821.0,3771.0,586.529
2025-01-08 10:21:00-05:00,586.17,586.7,586.14,586.46,58271.0,1333.0,586.3844
2025-01-08 10:22:00-05:00,586.47,586.4751,586.0,586.36,116318.0,1788.0,586.1621
2025-01-08 10:23:00-05:00,586.4,586.94,586.29,586.82,85491.0,1141.0,586.6093
2025-01-08 10:24:00-05:00,586.86,587.34,586.72,587.09,81313.0,1113.0,587.0327
2025-01-08 10:25:00-05:00,587.1,587.37,586.97,587.095,73365.0,1084.0,587.1886
2025-01-08 10:26:00-05:00,587.13,587.23,586.74,587.1751,63095.0,1050.0,587.0088
2025-01-08 10:27:00-05:00,587.21,587.28,586.64,586.73,62831.0,973.0,586.8298
2025-01-08 10:28:00-05:00,586.73,586.86,586.42,586.48,154054.0,1649.0,586.6973
2025-01-08 10:29:00-05:00,586.45,586.65,586.24,586.475,617111.0,945.0,586.5444
2025-01-08 10:30:00-05:00,586.47,586.75,586.38,586.75,179311.0,980.0,586.5241
2025-01-08 10:31:00-05:00,586.72,586.85,586.41,586.46,96624.0,1105.0,586.7078
2025-01-08 10:32:00-05:00,586.51,586.97,586.42,586.55,62887.0,927.0,586.7169
2025-01-08 10:33:00-05:00,586.56,587.02,586.56,586.91,40800.0,813.0,586.8515
2025-01-08 10:34:00-05:00,586.9101,587.01,586.6852,586.9,52142.0,845.0,586.8807
2025-01-08 10:35:00-05:00,586.892,587.9,586.892,587.4701,97039.0,1422.0,587.5079
2025-01-08 10:36:00-05:00,587.47,587.85,587.29,587.83,65258.0,1165.0,587.5446
2025-01-08 10:37:00-05:00,587.86,588.19,587.65,588.03,76215.0,1098.0,587.9956
2025-01-08 10:38:00-05:00,588.03,588.12,587.65,587.67,77151.0,1093.0,587.8859
2025-01-08 10:39:00-05:00,587.6639,587.89,587.32,587.37,198868.0,977.0,588.2761
2025-01-08 10:40:00-05:00,587.37,587.59,587.25,587.43,67162.0,1013.0,587.4141
2025-01-08 10:41:00-05:00,587.44,587.52,587.02,587.4872,70954.0,1003.0,587.2203
2025-01-08 10:42:00-05:00,587.48,587.63,587.245,587.39,63330.0,998.0,587.4557
2025-01-08 10:43:00-05:00,587.4,587.64,587.11,587.24,48464.0,880.0,587.3697
2025-01-08 10:44:00-05:00,587.185,587.31,586.96,587.2,76993.0,770.0,587.2254
2025-01-08 10:45:00-05:00,587.24,587.36,587.08,587.18,25486.0,636.0,587.2207
2025-01-08 10:46:00-05:00,587.16,587.33,587.14,587.25,27450.0,612.0,587.2233
2025-01-08 10:47:00-05:00,587.2151,587.26,586.81,587.025,59410.0,1016.0,586.9853
2025-01-08 10:48:00-05:00,587.07,587.32,586.99,587.275,34145.0,665.0,587.1924
2025-01-08 10:49:00-05:00,587.35,587.51,587.28,587.4,33233.0,677.0,587.417
2025-01-08 10:50:00-05:00,587.42,587.9,587.42,587.87,42994.0,823.0,587.6551
2025-01-08 10:51:00-05:00,587.845,588.19,587.83,588.18,100354.0,1136.0,588.0637
2025-01-08 10:52:00-05:00,588.15,588.49,587.98,588.45,129306.0,1289.0,588.209
2025-01-08 10:53:00-05:00,588.45,588.48,587.9239,587.95,327404.0,986.0,588.5389
2025-01-08 10:54:00-05:00,587.96,588.255,587.88,588.18,57329.0,893.0,588.1212
2025-01-08 10:55:00-05:00,588.2,588.41,588.11,588.19,93434.0,1010.0,588.2681
2025-01-08 10:56:00-05:00,588.22,588.33,588.03,588.07,77053.0,986.0,588.1744
2025-01-08 10:57:00-05:00,588.04,588.3801,588.02,588.29,35296.0,633.0,588.2647
2025-01-08 10:58:00-05:00,588.3,588.43,588.22,588.24,51566.0,720.0,588.3241
2025-01-08 10:59:00-05:00,588.25,588.47,588.22,588.42,39151.0,724.0,588.3796
2025-01-08 11:00:00-05:00,588.42,588.5,588.17,588.22,81681.0,1018.0,588.3379
2025-01-08 11:01:00-05:00,588.19,588.22,588.02,588.02,43850.0,820.0,588.141
2025-01-08 11:02:00-05:00,588.015,588.13,587.77,587.82,60381.0,944.0,587.9321
2025-01-08 11:03:00-05:00,587.82,588.045,587.76,588.01,55093.0,745.0,587.9203
2025-01-08 11:04:00-05:00,587.99,587.99,587.77,587.83,63693.0,887.0,587.8559
2025-01-08 11:05:00-05:00,587.8297,587.9,587.67,587.82,41620.0,760.0,587.8118
2025-01-08 11:06:00-05:00,587.825,587.85,587.31,587.34,70860.0,1035.0,587.5447
2025-01-08 11:07:00-05:00,587.35,587.57,587.205,587.47,71145.0,915.0,587.375
2025-01-08 11:08:00-05:00,587.51,588.04,587.475,587.975,48524.0,697.0,587.7325
2025-01-08 11:09:00-05:00,588.03,588.24,587.78,587.95,49321.0,830.0,587.9961
2025-01-08 11:10:00-05:00,587.94,588.47,587.9215,588.3,35987.0,775.0,588.2581
2025-01-08 11:11:00-05:00,588.32,588.39,587.98,588.02,49017.0,815.0,588.2484
2025-01-08 11:12:00-05:00,587.964,588.145,587.9405,588.135,111369.0,607.0,588.0156
2025-01-08 11:13:00-05:00,588.09,588.35,588.0,588.09,32745.0,765.0,588.2256
2025-01-08 11:14:00-05:00,588.07,588.19,587.995,588.095,34528.0,628.0,588.0954
2025-01-08 11:15:00-05:00,588.08,588.17,587.72,587.848,39202.0,739.0,587.9025
2025-01-08 11:16:00-05:00,587.85,588.07,587.75,588.0401,30143.0,540.0,587.9127
2025-01-08 11:17:00-05:00,588.02,588.085,587.82,588.0127,32198.0,502.0,588.0192
2025-01-08 11:18:00-05:00,587.95,588.08,587.94,588.06,18032.0,384.0,588.006
2025-01-08 11:19:00-05:00,588.05,588.15,588.04,588.1192,28003.0,477.0,588.1016
2025-01-08 11:20:00-05:00,588.13,588.51,588.13,588.45,91559.0,1195.0,588.4279
2025-01-08 11:21:00-05:00,588.46,588.72,588.43,588.47,90177.0,1139.0,588.5892
2025-01-08 11:22:00-05:00,588.49,588.61,588.3201,588.3606,32581.0,534.0,588.4908
2025-01-08 11:23:00-05:00,588.4,588.64,588.38,588.58,26738.0,511.0,588.5306
2025-01-08 11:24:00-05:00,588.565,588.67,588.36,588.47,59890.0,843.0,588.5506
2025-01-08 11:25:00-05:00,588.49,588.54,588.3,588.33,46316.0,733.0,588.4306
2025-01-08 11:26:00-05:00,588.375,588.4,588.15,588.2,50434.0,865.0,588.264
2025-01-08 11:27:00-05:00,588.17,588.21,587.94,588.08,55210.0,806.0,588.056
2025-01-08 11:28:00-05:00,588.1,588.19,587.96,588.17,29374.0,515.0,588.0728
2025-01-08 11:29:00-05:00,588.2,588.23,588.05,588.11,27106.0,533.0,588.1383
2025-01-08 11:30:00-05:00,588.12,588.55,588.12,588.548,25876.0,565.0,588.3747
2025-01-08 11:31:00-05:00,588.54,588.54,588.3195,588.32,45693.0,568.0,588.4104
2025-01-08 11:32:00-05:00,588.35,588.69,588.35,588.62,29645.0,564.0,588.6014
2025-01-08 11:33:00-05:00,588.61,588.62,588.44,588.58,18138.0,469.0,588.5238
2025-01-08 11:34:00-05:00,588.5901,588.67,588.58,588.59,25336.0,540.0,588.6239
2025-01-08 11:35:00-05:00,588.57,588.74,588.57,588.7,45222.0,728.0,588.6914
2025-01-08 11:36:00-05:00,588.65,589.07,588.6,589.01,90671.0,1126.0,588.8971
2025-01-08 11:37:00-05:00,589.04,589.47,589.03,589.33,125283.0,1349.0,589.2593
2025-01-08 11:38:00-05:00,589.34,589.48,589.2605,589.42,166607.0,1476.0,589.448
2025-01-08 11:39:00-05:00,589.38,589.53,589.2,589.44,41436.0,778.0,589.403
2025-01-08 11:40:00-05:00,589.46,589.6,589.16,589.53,67118.0,983.0,589.401
2025-01-08 11:41:00-05:00,589.54,589.75,589.41,589.7,77656.0,1055.0,589.5846
2025-01-08 11:42:00-05:00,589.71,589.94,589.68,589.82,93538.0,1051.0,589.8509
2025-01-08 11:43:00-05:00,589.82,589.89,589.22,589.275,178185.0,1688.0,589.542
2025-01-08 11:44:00-05:00,589.255,589.75,589.18,589.7465,64777.0,860.0,589.5808
2025-01-08 11:45:00-05:00,589.76,589.76,589.5,589.5501,62309.0,955.0,589.6045
2025-01-08 11:46:00-05:00,589.54,589.66,589.4028,589.63,35970.0,678.0,589.5415
2025-01-08 11:47:00-05:00,589.63,589.72,589.41,589.61,33195.0,591.0,589.5833
2025-01-08 11:48:00-05:00,589.6,589.66,589.49,589.65,31274.0,554.0,589.5868
2025-01-08 11:49:00-05:00,589.62,589.65,589.47,589.5001,27131.0,534.0,589.5118
2025-01-08 11:50:00-05:00,589.5,589.57,589.3405,589.445,58121.0,818.0,589.4363
2025-01-08 11:51:00-05:00,589.43,589.52,589.29,589.45,38725.0,621.0,589.4203
2025-01-08 11:52:00-05:00,589.45,589.51,589.385,589.4,34371.0,517.0,589.4587
2025-01-08 11:53:00-05:00,589.365,589.426,589.2051,589.415,32001.0,552.0,589.3182
2025-01-08 11:54:00-05:00,589.42,589.44,589.18,589.28,28693.0,664.0,589.2791
2025-01-08 11:55:00-05:00,589.21,589.4,589.1501,589.1501,24099.0,492.0,589.2458
2025-01-08 11:56:00-05:00,589.1201,589.41,588.9805,589.365,46118.0,679.0,589.1959
2025-01-08 11:57:00-05:00,589.279,589.39,589.23,589.355,49067.0,480.0,589.318
2025-01-08 11:58:00-05:00,589.37,589.53,589.311,589.47,20542.0,424.0,589.4484
2025-01-08 11:59:00-05:00,589.48,589.525,589.32,589.43,18178.0,447.0,589.405
2025-01-08 12:00:00-05:00,589.4254,589.4595,589.34,589.37,21483.0,414.0,589.3764
2025-01-08 12:01:00-05:00,589.34,589.4361,589.33,589.34,16065.0,393.0,589.368
2025-01-08 12:02:00-05:00,589.31,589.36,588.78,588.845,65713.0,1068.0,588.9636
2025-01-08 12:03:00-05:00,588.835,588.86,588.62,588.63,50030.0,780.0,588.7457
2025-01-08 12:04:00-05:00,588.62,588.75,588.42,588.4401,62121.0,893.0,588.5876
2025-01-08 12:05:00-05:00,588.47,588.54,588.34,588.39,52304.0,817.0,588.4352
2025-01-08 12:06:00-05:00,588.35,588.48,588.22,588.2851,40767.0,679.0,588.3479
2025-01-08 12:07:00-05:00,588.3,588.34,587.96,588.07,58899.0,949.0,588.0929
2025-01-08 12:08:00-05:00,588.08,588.14,587.81,587.855,49576.0,783.0,587.9317
2025-01-08 12:09:00-05:00,587.84,588.0501,587.69,588.02,56802.0,738.0,587.8611
2025-01-08 12:10:00-05:00,588.0,588.08,587.7,587.7,40604.0,643.0,587.8736
2025-01-08 12:11:00-05:00,587.7,587.745,587.49,587.715,75218.0,1106.0,587.6335
2025-01-08 12:12:00-05:00,587.77,587.81,587.53,587.569,67389.0,776.0,587.6586
2025-01-08 12:13:00-05:00,587.55,587.64,587.51,587.57,20605.0,470.0,587.5692
2025-01-08 12:14:00-05:00,587.59,587.6,587.167,587.31,40810.0,740.0,587.329
2025-01-08 12:15:00-05:00,587.28,587.59,587.28,587.32,52373.0,757.0,587.5012
2025-01-08 12:16:00-05:00,587.33,587.47,587.23,587.28,50892.0,699.0,587.3363
2025-01-08 12:17:00-05:00,587.27,587.4699,587.0879,587.17,55116.0,751.0,587.192
2025-01-08 12:18:00-05:00,587.14,587.27,587.1,587.22,52361.0,691.0,587.1814
2025-01-08 12:19:00-05:00,587.2,587.48,587.06,587.37,28096.0,552.0,587.3371
2025-01-08 12:20:00-05:00,587.39,587.5777,587.35,587.4884,27370.0,632.0,587.4929
2025-01-08 12:21:00-05:00,587.4781,587.5,587.15,587.21,62825.0,742.0,587.3173
2025-01-08 12:22:00-05:00,587.18,587.3497,586.99,586.99,25139.0,755.0,587.1671
2025-01-08 12:23:00-05:00,586.96,586.97,586.475,586.53,614187.0,1611.0,586.8511
2025-01-08 12:24:00-05:00,586.54,586.7581,586.54,586.68,66541.0,866.0,586.6688
2025-01-08 12:25:00-05:00,586.75,586.8699,586.67,586.7,80694.0,1086.0,586.8046
2025-01-08 12:26:00-05:00,586.72,586.88,586.72,586.84,35914.0,696.0,586.8047
2025-01-08 12:27:00-05:00,586.8,586.8799,586.19,586.34,124721.0,1553.0,586.4075
2025-01-08 12:28:00-05:00,586.34,586.48,585.7801,585.83,92126.0,1934.0,586.1524
2025-01-08 12:29:00-05:00,585.83,585.94,585.38,585.63,181847.0,2118.0,585.5533
2025-01-08 12:30:00-05:00,585.64,585.91,585.4601,585.495,139580.0,1535.0,585.6605
2025-01-08 12:31:00-05:00,585.49,585.71,585.195,585.71,249085.0,1668.0,587.0675
2025-01-08 12:32:00-05:00,585.65,586.14,585.65,585.93,177796.0,1949.0,585.9286
2025-01-08 12:33:00-05:00,585.94,586.07,585.92,586.04,54702.0,877.0,585.9837
2025-01-08 12:34:00-05:00,586.035,586.06,585.81,585.87,545313.0,951.0,586.0289
2025-01-08 12:35:00-05:00,585.89,586.04,585.85,585.86,51301.0,829.0,585.9381
2025-01-08 12:36:00-05:00,585.87,585.97,585.57,585.78,53120.0,937.0,585.7265
2025-01-08 12:37:00-05:00,585.775,585.92,585.57,585.87,74040.0,911.0,585.7263
2025-01-08 12:38:00-05:00,585.89,586.055,585.7,585.74,30708.0,688.0,585.8444
2025-01-08 12:39:00-05:00,585.715,585.72,585.6,585.62,34251.0,646.0,585.6569
2025-01-08 12:40:00-05:00,585.57,586.03,585.535,586.02,61484.0,906.0,585.8025
2025-01-08 12:41:00-05:00,586.03,586.24,585.95,586.2,69338.0,852.0,586.1368
2025-01-08 12:42:00-05:00,586.19,586.36,586.1625,586.3,107040.0,1177.0,586.2741
2025-01-08 12:43:00-05:00,586.28,586.47,586.18,586.3601,81790.0,965.0,586.332
2025-01-08 12:44:00-05:00,586.38,586.52,586.3,586.5,57526.0,825.0,586.4451
2025-01-08 12:45:00-05:00,586.48,586.59,586.37,586.38,91504.0,653.0,586.193
2025-01-08 12:46:00-05:00,586.36,586.6,586.3,586.48,28708.0,642.0,586.4349
2025-01-08 12:47:00-05:00,586.4395,586.52,586.16,586.16,34686.0,652.0,586.3423
2025-01-08 12:48:00-05:00,586.14,586.41,586.0877,586.3,94645.0,606.0,586.4655
2025-01-08 12:49:00-05:00,586.29,586.36,585.98,586.0751,60573.0,729.0,586.0945
2025-01-08 12:50:00-05:00,586.07,586.399,586.07,586.1401,38644.0,606.0,586.3031
2025-01-08 12:51:00-05:00,586.17,586.32,586.1,586.3,15242.0,467.0,586.1895
2025-01-08 12:52:00-05:00,586.37,586.84,586.37,586.78,75412.0,1075.0,586.7116
2025-01-08 12:53:00-05:00,586.75,586.75,586.51,586.64,19728.0,507.0,586.585
2025-01-08 12:54:00-05:00,586.62,586.64,586.5796,586.635,30409.0,507.0,586.6031
2025-01-08 12:55:00-05:00,586.63,586.702,586.49,586.61,540499.0,641.0,586.6343
2025-01-08 12:56:00-05:00,586.61,586.9,586.61,586.84,43626.0,815.0,586.8093
2025-01-08 12:57:00-05:00,586.81,587.04,586.79,586.94,46862.0,693.0,586.9463
2025-01-08 12:58:00-05:00,586.96,587.26,586.96,587.25,48371.0,670.0,587.0811
2025-01-08 12:59:00-05:00,587.23,587.23,586.92,586.9432,54125.0,789.0,587.0229
2025-01-08 13:00:00-05:00,586.94,587.55,586.88,587.32,71855.0,1026.0,587.2698
2025-01-08 13:01:00-05:00,587.36,587.47,587.17,587.22,42711.0,792.0,587.3217
2025-01-08 13:02:00-05:00,587.23,588.35,587.18,588.09,203085.0,2477.0,587.8578
2025-01-08 13:03:00-05:00,588.06,588.13,587.71,587.7843,77796.0,1133.0,587.9451
2025-01-08 13:04:00-05:00,587.7895,588.14,587.7895,588.07,42056.0,745.0,587.9476
2025-01-08 13:05:00-05:00,588.08,588.16,587.77,587.89,113994.0,1253.0,587.9655
2025-01-08 13:06:00-05:00,587.9,588.43,587.9,588.42,44543.0,920.0,588.172
2025-01-08 13:07:00-05:00,588.39,588.44,588.03,588.03,77308.0,1032.0,588.2314
2025-01-08 13:08:00-05:00,588.07,588.25,588.0,588.08,55142.0,870.0,588.1335
2025-01-08 13:09:00-05:00,588.06,588.18,588.02,588.055,60045.0,781.0,588.1021
2025-01-08 13:10:00-05:00,588.06,588.28,587.96,588.2433,55417.0,826.0,588.096
2025-01-08 13:11:00-05:00,588.24,588.38,588.174,588.38,27226.0,550.0,588.2406
2025-01-08 13:12:00-05:00,588.4,588.48,588.2,588.29,71709.0,973.0,588.365
2025-01-08 13:13:00-05:00,588.28,588.35,588.11,588.24,36845.0,807.0,588.2283
2025-01-08 13:14:00-05:00,588.27,588.29,588.04,588.23,44746.0,818.0,588.139
2025-01-08 13:15:00-05:00,588.24,588.39,588.16,588.27,123030.0,728.0,588.2043
2025-01-08 13:16:00-05:00,588.24,588.66,588.24,588.5,35371.0,753.0,588.5143
2025-01-08 13:17:00-05:00,588.53,588.7399,588.48,588.555,57238.0,928.0,588.6021
2025-01-08 13:18:00-05:00,588.55,588.64,588.52,588.595,35029.0,515.0,588.5852
2025-01-08 13:19:00-05:00,588.625,588.65,588.43,588.57,77868.0,964.0,588.5807
2025-01-08 13:20:00-05:00,588.51,588.5295,588.28,588.47,63381.0,1164.0,588.4246
2025-01-08 13:21:00-05:00,588.47,588.53,588.27,588.31,50751.0,867.0,588.3956
2025-01-08 13:22:00-05:00,588.29,588.33,588.09,588.29,174915.0,907.0,588.4901
2025-01-08 13:23:00-05:00,588.28,588.4395,588.24,588.4,32483.0,517.0,588.3518
2025-01-08 13:24:00-05:00,588.45,588.66,588.44,588.66,32786.0,531.0,588.5653
2025-01-08 13:25:00-05:00,588.6487,589.02,588.6,589.02,86853.0,999.0,588.8292
2025-01-08 13:26:00-05:00,589.0,589.185,588.94,589.1,49571.0,754.0,589.0363
2025-01-08 13:27:00-05:00,589.11,589.1399,588.91,589.1399,41238.0,591.0,589.0321
2025-01-08 13:28:00-05:00,589.11,589.57,589.11,589.39,162203.0,1272.0,589.4656
2025-01-08 13:29:00-05:00,589.34,589.38,589.085,589.11,50899.0,833.0,589.2149
2025-01-08 13:30:00-05:00,589.12,589.13,588.69,588.91,110198.0,1518.0,588.9073
2025-01-08 13:31:00-05:00,588.92,589.09,588.77,589.09,39687.0,811.0,588.9447
2025-01-08 13:32:00-05:00,589.08,589.09,588.95,589.07,42468.0,768.0,589.0164
2025-01-08 13:33:00-05:00,589.065,589.12,588.76,588.83,41205.0,638.0,588.8959
2025-01-08 13:34:00-05:00,588.85,588.97,588.69,588.74,28576.0,600.0,588.8364
2025-01-08 13:35:00-05:00,588.77,589.01,588.74,588.885,43169.0,769.0,588.8636
2025-01-08 13:36:00-05:00,588.9,589.199,588.9,589.17,30355.0,581.0,589.0774
2025-01-08 13:37:00-05:00,589.18,589.2,588.97,588.97,21305.0,482.0,589.0609
2025-01-08 13:38:00-05:00,589.04,589.36,589.0,589.33,42915.0,633.0,589.2334
2025-01-08 13:39:00-05:00,589.3,589.41,589.23,589.305,41063.0,567.0,589.3199
2025-01-08 13:40:00-05:00,589.34,589.34,589.06,589.07,31039.0,540.0,589.1883
2025-01-08 13:41:00-05:00,589.082,589.1399,588.9,589.11,42360.0,697.0,588.9962
2025-01-08 13:42:00-05:00,589.11,589.2,588.83,588.85,32217.0,574.0,589.0122
2025-01-08 13:43:00-05:00,588.84,588.99,588.84,588.92,28529.0,527.0,588.9053
2025-01-08 13:44:00-05:00,588.96,589.23,588.96,589.19,39364.0,579.0,589.1294
2025-01-08 13:45:00-05:00,589.16,589.16,588.98,589.01,38979.0,556.0,589.0383
2025-01-08 13:46:00-05:00,589.04,589.05,588.86,589.0,42335.0,617.0,588.9451
2025-01-08 13:47:00-05:00,588.95,588.95,588.4901,588.58,68973.0,1241.0,588.7208
2025-01-08 13:48:00-05:00,588.5689,588.7,588.46,588.7,50380.0,899.0,588.5542
2025-01-08 13:49:00-05:00,588.695,588.765,588.34,588.4,48968.0,788.0,588.5593
2025-01-08 13:50:00-05:00,588.39,588.54,588.24,588.31,45578.0,836.0,588.3482
2025-01-08 13:51:00-05:00,588.32,588.35,588.06,588.06,182942.0,920.0,588.5038
2025-01-08 13:52:00-05:00,588.06,588.14,587.76,587.77,56330.0,967.0,587.9228
2025-01-08 13:53:00-05:00,587.76,587.77,587.16,587.35,88110.0,1174.0,587.4805
2025-01-08 13:54:00-05:00,587.3,587.3,586.96,587.21,87182.0,1264.0,587.0923
2025-01-08 13:55:00-05:00,587.21,587.5095,587.1,587.31,70333.0,1019.0,587.3222
2025-01-08 13:56:00-05:00,587.3,587.4,587.08,587.36,28927.0,550.0,587.2755
2025-01-08 13:57:00-05:00,587.35,587.89,587.35,587.702,80938.0,902.0,587.5945
2025-01-08 13:58:00-05:00,587.7,587.72,587.48,587.685,44818.0,589.0,587.6078
2025-01-08 13:59:00-05:00,587.67,587.92,587.61,587.77,68656.0,769.0,587.7727
2025-01-08 14:00:00-05:00,587.8,587.87,587.4,587.66,131863.0,1476.0,587.6087
2025-01-08 14:01:00-05:00,587.661,587.76,587.46,587.59,78986.0,773.0,587.5907
2025-01-08 14:02:00-05:00,587.63,587.64,587.09,587.26,66769.0,1016.0,587.2941
2025-01-08 14:03:00-05:00,587.28,587.5807,587.17,587.5036,33266.0,616.0,587.3689
2025-01-08 14:04:00-05:00,587.48,587.83,587.43,587.758,47821.0,684.0,587.6665
2025-01-08 14:05:00-05:00,587.74,588.2686,587.7399,588.16,106682.0,1437.0,588.0232
2025-01-08 14:06:00-05:00,588.175,588.52,587.98,588.38,97162.0,1268.0,588.2744
2025-01-08 14:07:00-05:00,588.38,588.8,588.29,588.68,136373.0,1420.0,588.5477
2025-01-08 14:08:00-05:00,588.68,589.4,588.66,589.17,126113.0,1514.0,589.0433
2025-01-08 14:09:00-05:00,589.2,589.52,588.98,589.49,169716.0,1535.0,589.3188
2025-01-08 14:10:00-05:00,589.49,589.49,589.21,589.35,123277.0,1089.0,589.3821
2025-01-08 14:11:00-05:00,589.33,589.34,588.8837,588.9301,97803.0,1042.0,589.1023
2025-01-08 14:12:00-05:00,588.89,589.02,588.36,588.48,103607.0,1171.0,588.6032
2025-01-08 14:13:00-05:00,588.51,588.7,588.44,588.54,532146.0,588.0,588.6158
2025-01-08 14:14:00-05:00,588.55,588.575,588.02,588.095,105050.0,1111.0,588.1793
2025-01-08 14:15:00-05:00,588.15,588.655,588.1,588.54,80354.0,904.0,588.4328
2025-01-08 14:16:00-05:00,588.54,588.85,588.44,588.74,54734.0,799.0,588.656
2025-01-08 14:17:00-05:00,588.79,588.87,588.62,588.825,35090.0,518.0,588.7681
2025-01-08 14:18:00-05:00,588.84,589.27,588.84,589.27,181935.0,1064.0,589.0658
2025-01-08 14:19:00-05:00,589.28,589.325,589.09,589.31,74212.0,788.0,589.2256
2025-01-08 14:20:00-05:00,589.28,589.399,589.0929,589.34,49871.0,662.0,589.2344
2025-01-08 14:21:00-05:00,589.25,589.62,589.22,589.43,60024.0,879.0,589.4634
2025-01-08 14:22:00-05:00,589.44,589.5,589.3,589.48,62118.0,703.0,589.4104
2025-01-08 14:23:00-05:00,589.47,589.88,589.44,589.7447,610208.0,1215.0,589.5695
2025-01-08 14:24:00-05:00,589.76,590.08,589.76,589.81,116165.0,1460.0,589.8793
2025-01-08 14:25:00-05:00,589.825,589.84,589.43,589.46,100367.0,1137.0,589.6421
2025-01-08 14:26:00-05:00,589.48,589.83,589.48,589.8,176228.0,641.0,588.9411
2025-01-08 14:27:00-05:00,589.81,590.43,589.755,590.34,154165.0,1577.0,590.1289
2025-01-08 14:28:00-05:00,590.34,590.5799,590.27,590.44,123429.0,1302.0,590.4485
2025-01-08 14:29:00-05:00,590.41,590.41,590.2,590.2716,97973.0,999.0,590.293
2025-01-08 14:30:00-05:00,590.28,590.28,589.45,589.645,200329.0,1793.0,589.7846
2025-01-08 14:31:00-05:00,589.63,589.63,589.175,589.38,81466.0,960.0,589.397
2025-01-08 14:32:00-05:00,589.37,589.37,589.14,589.18,38625.0,592.0,589.2143
2025-01-08 14:33:00-05:00,589.14,589.35,588.91,589.35,65488.0,863.0,589.1328
2025-01-08 14:34:00-05:00,589.34,589.34,588.97,588.974,65003.0,712.0,589.1568
2025-01-08 14:35:00-05:00,589.03,589.32,589.01,589.28,28133.0,495.0,589.2015
2025-01-08 14:36:00-05:00,589.3,589.38,588.75,588.75,61023.0,948.0,588.945
2025-01-08 14:37:00-05:00,588.78,589.34,588.72,589.275,63213.0,723.0,589.0716
2025-01-08 14:38:00-05:00,589.3,589.3,588.9414,588.9414,25956.0,414.0,589.0827
2025-01-08 14:39:00-05:00,588.99,589.02,588.63,588.67,84478.0,1145.0,588.7829
2025-01-08 14:40:00-05:00,588.7,588.85,588.525,588.67,63938.0,868.0,588.7023
2025-01-08 14:41:00-05:00,588.64,588.72,588.34,588.72,86144.0,1026.0,588.5267
2025-01-08 14:42:00-05:00,588.74,588.83,588.2,588.23,63962.0,897.0,588.6004
2025-01-08 14:43:00-05:00,588.241,588.54,588.215,588.51,46672.0,637.0,588.4125
2025-01-08 14:44:00-05:00,588.59,588.62,588.36,588.48,83829.0,797.0,588.4103
2025-01-08 14:45:00-05:00,588.46,588.725,588.36,588.68,105983.0,1045.0,588.5029
2025-01-08 14:46:00-05:00,588.64,588.93,588.48,588.8199,45969.0,737.0,588.7295
2025-01-08 14:47:00-05:00,588.79,588.88,588.4151,588.4599,64780.0,817.0,588.6926
2025-01-08 14:48:00-05:00,588.42,588.61,588.31,588.5699,50395.0,641.0,588.4704
2025-01-08 14:49:00-05:00,588.54,588.779,588.51,588.67,42734.0,536.0,588.6351
2025-01-08 14:50:00-05:00,588.675,588.92,588.64,588.74,46916.0,675.0,588.7986
2025-01-08 14:51:00-05:00,588.77,588.8899,588.62,588.7,20370.0,435.0,588.7284
2025-01-08 14:52:00-05:00,588.78,588.8151,588.4351,588.535,43228.0,604.0,588.6528
2025-01-08 14:53:00-05:00,588.54,588.61,588.33,588.47,37157.0,564.0,588.4462
2025-01-08 14:54:00-05:00,588.48,588.56,588.22,588.278,64479.0,792.0,588.3346
2025-01-08 14:55:00-05:00,588.35,588.54,588.17,588.5067,91593.0,1245.0,588.394
2025-01-08 14:56:00-05:00,588.52,588.6,588.42,588.5899,42603.0,512.0,588.4978
2025-01-08 14:57:00-05:00,588.6,588.74,588.5436,588.725,33753.0,579.0,588.655
2025-01-08 14:58:00-05:00,588.73,588.73,588.36,588.535,115725.0,705.0,588.5234
2025-01-08 14:59:00-05:00,588.5375,588.58,588.32,588.53,72413.0,864.0,588.4606
2025-01-08 15:00:00-05:00,588.54,588.8995,588.49,588.86,70397.0,795.0,588.7406
2025-01-08 15:01:00-05:00,588.86,588.88,588.7,588.7099,40450.0,631.0,588.8132
2025-01-08 15:02:00-05:00,588.7,588.77,588.44,588.488,27741.0,467.0,588.5905
2025-01-08 15:03:00-05:00,588.48,588.79,588.38,588.735,31173.0,528.0,588.5839
2025-01-08 15:04:00-05:00,588.7396,588.89,588.7,588.8899,33604.0,485.0,588.7719
2025-01-08 15:05:00-05:00,588.88,588.99,588.79,588.81,185902.0,802.0,588.5852
2025-01-08 15:06:00-05:00,588.71,588.8,588.53,588.54,36705.0,547.0,588.6647
2025-01-08 15:07:00-05:00,588.59,588.59,588.33,588.38,146667.0,387.0,588.6112
2025-01-08 15:08:00-05:00,588.34,588.5,588.3,588.48,30272.0,544.0,588.3874
2025-01-08 15:09:00-05:00,588.48,588.52,588.269264,588.43,154035.0,494.0,588.591
2025-01-08 15:10:00-05:00,588.474,588.75,588.4,588.46,82930.0,1135.0,588.6065
2025-01-08 15:11:00-05:00,588.47,588.56,588.32,588.37,44404.0,648.0,588.4405
2025-01-08 15:12:00-05:00,588.44,588.44,588.205,588.25,36713.0,630.0,588.283
2025-01-08 15:13:00-05:00,588.24,588.4,588.09,588.14,76617.0,1081.0,588.2719
2025-01-08 15:14:00-05:00,588.16,588.23,587.88,587.905,117626.0,1237.0,588.0383
2025-01-08 15:15:00-05:00,587.92,588.57,587.92,588.4894,104079.0,1544.0,588.3335
2025-01-08 15:16:00-05:00,588.475,588.78,588.46,588.5,71755.0,895.0,588.5822
2025-01-08 15:17:00-05:00,588.52,588.63,588.4,588.45,44731.0,701.0,588.5166
2025-01-08 15:18:00-05:00,588.51,588.86,588.38,588.765,54299.0,800.0,588.6197
2025-01-08 15:19:00-05:00,588.76,588.86,588.69,588.718,30220.0,572.0,588.7589
2025-01-08 15:20:00-05:00,588.81,588.92,588.78,588.81,170728.0,635.0,588.6924
2025-01-08 15:21:00-05:00,588.85,588.87,588.72,588.85,27280.0,552.0,588.8048
2025-01-08 15:22:00-05:00,588.86,588.86,588.7032,588.73,26948.0,484.0,588.7529
2025-01-08 15:23:00-05:00,588.77,589.15,588.77,589.005,78211.0,1062.0,589.0424
2025-01-08 15:24:00-05:00,588.99,589.1,588.93,589.0374,26970.0,613.0,589.0046
2025-01-08 15:25:00-05:00,589.06,589.1898,588.8,588.85,40949.0,702.0,588.9855
2025-01-08 15:26:00-05:00,588.84,588.91,588.74,588.91,70649.0,743.0,588.8268
2025-01-08 15:27:00-05:00,588.9,589.04,588.85,589.03,32903.0,583.0,588.9602
2025-01-08 15:28:00-05:00,589.02,589.175,589.02,589.15,38446.0,575.0,589.1105
2025-01-08 15:29:00-05:00,589.12,589.29,589.07,589.09,55285.0,752.0,589.2085
2025-01-08 15:30:00-05:00,589.105,589.19,589.04,589.07,84119.0,942.0,589.1199
2025-01-08 15:31:00-05:00,589.08,589.27,589.032,589.14,80613.0,899.0,589.1792
2025-01-08 15:32:00-05:00,589.17,589.22,589.05,589.05,55069.0,677.0,589.1409
2025-01-08 15:33:00-05:00,589.0341,589.04,588.8,588.8,67788.0,871.0,588.9185
2025-01-08 15:34:00-05:00,588.8,588.83,588.53,588.56,66290.0,903.0,588.6931
2025-01-08 15:35:00-05:00,588.53,588.76,588.39,588.745,86867.0,1063.0,588.5201
2025-01-08 15:36:00-05:00,588.76,588.77,588.6,588.64,89572.0,854.0,588.6816
2025-01-08 15:37:00-05:00,588.65,588.8,588.56,588.6049,72781.0,773.0,588.6442
2025-01-08 15:38:00-05:00,588.605,588.61,588.36,588.38,75738.0,958.0,588.4666
2025-01-08 15:39:00-05:00,588.37,588.48,588.3,588.31,84193.0,974.0,588.3827
2025-01-08 15:40:00-05:00,588.32,588.66,588.23,588.65,105651.0,1342.0,588.4209
2025-01-08 15:41:00-05:00,588.68,588.74,588.43,588.49,85066.0,959.0,588.5428
2025-01-08 15:42:00-05:00,588.475,588.65,588.475,588.5699,87455.0,886.0,588.5566
2025-01-08 15:43:00-05:00,588.55,588.91,588.51,588.87,90287.0,1082.0,588.6476
2025-01-08 15:44:00-05:00,588.9,589.01,588.82,588.87,79906.0,1061.0,588.9358
2025-01-08 15:45:00-05:00,588.87,588.975,588.7625,588.94,96991.0,1192.0,588.8713
2025-01-08 15:46:00-05:00,588.945,589.0,588.82,588.9173,97448.0,1049.0,588.922
2025-01-08 15:47:00-05:00,588.925,588.99,588.67,588.91,81305.0,1087.0,588.8292
2025-01-08 15:48:00-05:00,588.93,588.94,588.75,588.831,54129.0,695.0,588.8607
2025-01-08 15:49:00-05:00,588.86,588.96,588.815,588.92,82749.0,978.0,588.8849
2025-01-08 15:50:00-05:00,588.91,589.42,588.89,589.32,499447.0,3242.0,589.1548
2025-01-08 15:51:00-05:00,589.32,589.4,589.06,589.24,325333.0,2702.0,589.2108
2025-01-08 15:52:00-05:00,589.22,589.43,589.19,589.28,270065.0,2383.0,589.3268
2025-01-08 15:53:00-05:00,589.28,589.34,589.07,589.28,151137.0,1656.0,589.2255
2025-01-08 15:54:00-05:00,589.28,589.51,589.19,589.385,369009.0,2406.0,589.0979
2025-01-08 15:55:00-05:00,589.38,589.79,589.31,589.56,674950.0,2941.0,589.0718
2025-01-08 15:56:00-05:00,589.57,589.64,589.36,589.385,548701.0,2491.0,589.0895
2025-01-08 15:57:00-05:00,589.385,589.46,589.12,589.4,399262.0,2751.0,589.0785
2025-01-08 15:58:00-05:00,589.395,589.49,589.24,589.34,1084091.0,3851.0,588.9318
2025-01-08 15:59:00-05:00,589.335,589.64,589.08,589.42,1937345.0,8966.0,589.154
2025-01-08 16:00:00-05:00,589.41,589.99,589.41,589.93,422813.0,727.0,589.0965
2025-01-08 16:01:00-05:00,589.88,589.95,589.87,589.92,87282.0,423.0,589.9226
2025-01-08 16:02:00-05:00,589.92,590.0,589.8,589.82,307405.0,291.0,588.8555
2025-01-08 16:03:00-05:00,589.83,589.86,589.58,589.62,78065.0,242.0,589.8643
2025-01-08 16:04:00-05:00,589.52,589.6,589.41,589.57,40301.0,197.0,589.5215
2025-01-08 16:05:00-05:00,589.59,589.68,589.45,589.48,40624.0,190.0,589.5885
2025-01-08 16:06:00-05:00,589.48,589.51,589.41,589.4995,16678.0,113.0,589.4911
2025-01-08 16:07:00-05:00,589.46,589.5,589.43,589.43,18673.0,137.0,589.4803
2025-01-08 16:08:00-05:00,589.41,589.52,589.41,589.52,632596.0,78.0,589.3676
2025-01-08 16:09:00-05:00,589.51,589.64,589.49,589.64,82322.0,90.0,589.5037
2025-01-08 16:10:00-05:00,589.63,589.66,589.61,589.61,9593.0,84.0,589.6313
2025-01-08 16:11:00-05:00,589.61,589.61,589.52,589.52,3856.0,56.0,589.587
2025-01-08 16:12:00-05:00,589.52,589.53,589.43,589.44,2399246.0,269.0,589.5512
2025-01-08 16:13:00-05:00,589.44,589.44,589.26,589.26,58754.0,311.0,589.3576
2025-01-08 16:14:00-05:00,589.26,589.33,589.23,589.3,30619.0,165.0,589.292
2025-01-08 16:15:00-05:00,589.34,589.42,589.34,589.39,21803.0,113.0,589.3936
2025-01-08 16:16:00-05:00,589.43,589.4399,589.41,589.4399,2649.0,43.0,589.4241
2025-01-08 16:17:00-05:00,589.42,589.49,589.42,589.49,5042.0,61.0,589.4738
2025-01-08 16:18:00-05:00,589.49,589.49,589.49,589.49,0.0,0.0,0.0
2025-01-08 16:19:00-05:00,589.42,589.46,589.42,589.46,12718.0,61.0,589.4278
2025-01-08 16:20:00-05:00,589.46,589.46,589.43,589.43,1105.0,44.0,589.4344
2025-01-08 16:21:00-05:00,589.41,589.41,589.3501,589.3501,11598.0,117.0,589.399
2025-01-08 16:22:00-05:00,589.35,589.5679,589.29,589.31,290669.0,219.0,589.5328
2025-01-08 16:23:00-05:00,589.35,589.35,589.32,589.32,701.0,26.0,589.3378
2025-01-08 16:24:00-05:00,589.32,589.32,589.32,589.32,5134.0,65.0,589.3201
2025-01-08 16:25:00-05:00,589.3607,589.44,589.3607,589.39,12357.0,81.0,589.4136
2025-01-08 16:26:00-05:00,589.42,589.42,589.4,589.4,10478.0,81.0,589.4064
2025-01-08 16:27:00-05:00,589.49,589.53,589.48,589.53,12805.0,71.0,589.4926
2025-01-08 16:28:00-05:00,589.53,589.53,589.53,589.53,0.0,0.0,0.0
2025-01-08 16:29:00-05:00,589.61,589.64,589.59,589.59,2694.0,46.0,589.5952
2025-01-08 16:30:00-05:00,589.62,589.62,589.55,589.55,1886.0,36.0,589.5721
2025-01-08 16:31:00-05:00,589.55,589.56,589.54,589.55,3411.0,29.0,589.5503
2025-01-08 16:32:00-05:00,589.55,589.6,589.55,589.59,10283.0,30.0,589.5677
2025-01-08 16:33:00-05:00,589.59,589.6,589.51,589.6,12341.0,94.0,589.5588
2025-01-08 16:34:00-05:00,589.58,589.58,588.96,588.97,53861.0,219.0,589.3563
2025-01-08 16:35:00-05:00,589.06,589.06,588.59,588.8301,43532.0,268.0,588.8196
2025-01-08 16:36:00-05:00,588.84,588.95,588.84,588.95,11418.0,107.0,588.9249
2025-01-08 16:37:00-05:00,588.91,588.91,588.83,588.83,10585.0,72.0,588.8783
2025-01-08 16:38:00-05:00,588.94,588.94,588.68,588.68,7168.0,50.0,588.7645
2025-01-08 16:39:00-05:00,588.72,588.8,588.72,588.76,4401.0,36.0,588.7476
2025-01-08 16:40:00-05:00,588.88,588.89,588.8,588.8,4252.0,51.0,588.8432
2025-01-08 16:41:00-05:00,588.94,588.94,588.88,588.93,13236.0,71.0,588.9065
2025-01-08 16:42:00-05:00,588.93,588.95,588.9,588.95,45434.0,22.0,589.4771
2025-01-08 16:43:00-05:00,588.94,588.94,588.9,588.91,6423.0,46.0,588.9138
2025-01-08 16:44:00-05:00,588.95,588.99,588.94,588.94,3652.0,69.0,588.9718
2025-01-08 16:45:00-05:00,588.94,589.0,588.93,588.95,2764.0,43.0,588.9607
2025-01-08 16:46:00-05:00,588.9592,588.99,588.9592,588.99,484.0,31.0,588.9741
2025-01-08 16:47:00-05:00,588.98,589.0,588.93,589.0,14979.0,94.0,588.97
2025-01-08 16:48:00-05:00,588.99,589.07,588.98,589.01,15382.0,94.0,589.0131
2025-01-08 16:49:00-05:00,589.05,589.12,589.0,589.12,11524.0,130.0,589.0293
2025-01-08 16:50:00-05:00,589.09,589.09,589.05,589.05,1067.0,17.0,589.07
2025-01-08 16:51:00-05:00,589.04,589.05,589.02,589.03,2021.0,33.0,589.0312
2025-01-08 16:52:00-05:00,589.04,589.08,589.04,589.08,336.0,23.0,589.057
2025-01-08 16:53:00-05:00,589.11,589.16,589.11,589.13,816.0,16.0,589.1326
2025-01-08 16:54:00-05:00,589.09,589.1,589.06,589.1,2273.0,27.0,589.0812
2025-01-08 16:55:00-05:00,589.11,589.11,589.08,589.08,6514.0,45.0,589.1024
2025-01-08 16:56:00-05:00,589.08,589.08,589.08,589.08,0.0,0.0,0.0
2025-01-08 16:57:00-05:00,589.12,589.12,589.12,589.12,238.0,15.0,589.115
2025-01-08 16:58:00-05:00,589.03,589.03,589.03,589.03,40661.0,15.0,589.4825
2025-01-08 16:59:00-05:00,589.01,589.01,588.96,588.96,3132.0,61.0,588.9734
2025-01-08 17:00:00-05:00,588.91,589.0,588.91,589.0,1631.0,28.0,588.9734
2025-01-08 17:01:00-05:00,589.0,589.0,588.91,588.92,7034.0,73.0,588.9459
2025-01-08 17:02:00-05:00,589.029,589.04,589.02,589.02,1350.0,21.0,589.0323
2025-01-08 17:03:00-05:00,589.07,589.07,589.0001,589.0001,751.0,8.0,589.022
2025-01-08 17:04:00-05:00,589.05,589.05,589.01,589.05,11155.0,30.0,589.048
2025-01-08 17:05:00-05:00,589.0,589.02,589.0,589.0,3372.0,23.0,589.0071
2025-01-08 17:06:00-05:00,589.0,589.0199,588.92,588.92,5142.0,47.0,588.9914
2025-01-08 17:07:00-05:00,589.0,589.04,589.0,589.04,1724.0,19.0,589.0083
2025-01-08 17:08:00-05:00,589.03,589.099,589.03,589.099,2864.0,36.0,589.0682
2025-01-08 17:09:00-05:00,589.09,589.14,589.08,589.1,14936.0,76.0,589.1118
2025-01-08 17:10:00-05:00,589.1,589.1,589.099,589.1,1503.0,24.0,589.0985
2025-01-08 17:11:00-05:00,589.1,589.1,589.1,589.1,383.0,16.0,589.089
2025-01-08 17:12:00-05:00,589.109,589.13,589.109,589.13,12887.0,48.0,589.1253
2025-01-08 17:13:00-05:00,589.1,589.1,589.1,589.1,123.0,5.0,589.0996
2025-01-08 17:14:00-05:00,589.01,589.01,589.01,589.01,1009.0,11.0,589.0106
2025-01-08 17:15:00-05:00,589.05,589.05,589.02,589.02,2060.0,24.0,589.0282
2025-01-08 17:16:00-05:00,589.02,589.02,589.02,589.02,0.0,0.0,0.0
2025-01-08 17:17:00-05:00,589.02,589.02,589.02,589.02,0.0,0.0,0.0
2025-01-08 17:18:00-05:00,589.1,589.1,589.1,589.1,297.0,13.0,589.0987
2025-01-08 17:19:00-05:00,589.04,589.04,589.02,589.02,1004.0,30.0,589.0317
2025-01-08 17:20:00-05:00,589.02,589.02,589.02,589.02,812.0,10.0,587.1617
2025-01-08 17:21:00-05:00,589.02,589.02,589.02,589.02,951.0,12.0,589.0192
2025-01-08 17:22:00-05:00,589.0,589.0,589.0,589.0,588.0,29.0,589.001
2025-01-08 17:23:00-05:00,588.98,589.02,588.94,588.97,5907.0,35.0,588.7274
2025-01-08 17:24:00-05:00,588.98,588.98,588.94,588.94,5554.0,52.0,588.9605
2025-01-08 17:25:00-05:00,589.02,589.02,589.02,589.02,920.0,20.0,586.8985
2025-01-08 17:26:00-05:00,589.02,589.02,589.02,589.02,1123.0,20.0,589.0178
2025-01-08 17:27:00-05:00,589.02,589.02,589.0,589.0,3218.0,40.0,589.0011
2025-01-08 17:28:00-05:00,588.94,588.99,588.94,588.94,1683.0,68.0,587.814
2025-01-08 17:29:00-05:00,588.99,588.99,588.94,588.99,710.0,19.0,588.9622
2025-01-08 17:30:00-05:00,588.99,588.99,588.99,588.99,543.0,13.0,588.9937
2025-01-08 17:31:00-05:00,589.0,589.0,589.0,589.0,583.0,19.0,589.0
2025-01-08 17:32:00-05:00,589.0,589.0,589.0,589.0,0.0,0.0,0.0
2025-01-08 17:33:00-05:00,589.0,589.0,589.0,589.0,0.0,0.0,0.0
2025-01-08 17:34:00-05:00,589.0,589.0,589.0,589.0,0.0,0.0,0.0
2025-01-08 17:35:00-05:00,589.0,589.0,589.0,589.0,0.0,0.0,0.0
2025-01-08 17:36:00-05:00,589.0,589.0,589.0,589.0,0.0,0.0,0.0
2025-01-08 17:37:00-05:00,589.0,589.0,589.0,589.0,0.0,0.0,0.0
2025-01-08 17:38:00-05:00,589.0,589.0,589.0,589.0,540.0,17.0,588.9952
2025-01-08 17:39:00-05:00,588.96,588.96,588.955,588.96,1339.0,28.0,588.9637
2025-01-08 17:40:00-05:00,589.0,589.0,588.98,588.98,609.0,15.0,588.9966
2025-01-08 17:41:00-05:00,589.0,589.0,589.0,589.0,520.0,16.0,588.9999
2025-01-08 17:42:00-05:00,589.0,589.0,589.0,589.0,0.0,0.0,0.0
2025-01-08 17:43:00-05:00,589.0,589.0,589.0,589.0,387.0,29.0,588.9992
2025-01-08 17:44:00-05:00,589.0,589.0,589.0,589.0,0.0,0.0,0.0
2025-01-08 17:45:00-05:00,589.0,589.0,589.0,589.0,0.0,0.0,0.0
2025-01-08 17:46:00-05:00,588.96,588.99,588.95,588.96,3135.0,47.0,588.9598
2025-01-08 17:47:00-05:00,588.96,588.96,588.96,588.96,0.0,0.0,0.0
2025-01-08 17:48:00-05:00,588.96,588.96,588.96,588.96,0.0,0.0,0.0
2025-01-08 17:49:00-05:00,588.96,588.96,588.96,588.96,0.0,0.0,0.0
2025-01-08 17:50:00-05:00,588.96,588.96,588.96,588.96,0.0,0.0,0.0
2025-01-08 17:51:00-05:00,588.96,588.96,588.91,588.91,11259.0,68.0,588.936
2025-01-08 17:52:00-05:00,588.92,588.92,588.92,588.92,237.0,20.0,588.9253
2025-01-08 17:53:00-05:00,588.92,588.92,588.92,588.92,0.0,0.0,0.0
2025-01-08 17:54:00-05:00,588.92,588.92,588.92,588.92,0.0,0.0,0.0
2025-01-08 17:55:00-05:00,589.0,589.0,589.0,589.0,128.0,7.0,588.9994
2025-01-08 17:56:00-05:00,589.0,589.0,589.0,589.0,460.0,21.0,588.9978
2025-01-08 17:57:00-05:00,589.0,589.0,589.0,589.0,0.0,0.0,0.0
2025-01-08 17:58:00-05:00,588.95,588.95,588.95,588.95,446.0,13.0,588.951
2025-01-08 17:59:00-05:00,588.95,588.95,588.95,588.95,0.0,0.0,0.0
2025-01-08 18:00:00-05:00,588.95,588.95,588.65,588.79,11330.0,119.0,588.8116
2025-01-08 18:01:00-05:00,588.79,588.939,588.74,588.939,3219.0,34.0,588.8186
2025-01-08 18:02:00-05:00,588.92,588.94,588.9,588.9,3389.0,17.0,588.9059
2025-01-08 18:03:00-05:00,588.89,588.89,588.87,588.87,2588.0,33.0,588.883
2025-01-08 18:04:00-05:00,588.89,588.89,588.89,588.89,585.0,17.0,588.8828
2025-01-08 18:05:00-05:00,588.89,588.89,588.89,588.89,0.0,0.0,0.0
2025-01-08 18:06:00-05:00,588.89,588.89,588.89,588.89,0.0,0.0,0.0
2025-01-08 18:07:00-05:00,588.89,588.89,588.89,588.89,0.0,0.0,0.0
2025-01-08 18:08:00-05:00,588.89,588.89,588.89,588.89,0.0,0.0,0.0
2025-01-08 18:09:00-05:00,588.89,588.89,588.89,588.89,0.0,0.0,0.0
2025-01-08 18:10:00-05:00,588.88,588.88,588.88,588.88,530.0,25.0,588.8909
2025-01-08 18:11:00-05:00,589.0,589.039,589.0,589.039,527.0,19.0,589.0222
2025-01-08 18:12:00-05:00,589.039,589.039,589.0,589.0,1247.0,20.0,589.0073
2025-01-08 18:13:00-05:00,589.0,589.0,589.0,589.0,0.0,0.0,0.0
2025-01-08 18:14:00-05:00,589.005,589.0199,589.005,589.0199,365.0,14.0,589.0162
2025-01-08 18:15:00-05:00,589.0099,589.0099,589.0099,589.0099,222.0,7.0,588.9979
2025-01-08 18:16:00-05:00,589.0099,589.0099,589.0099,589.0099,0.0,0.0,0.0
2025-01-08 18:17:00-05:00,589.02,589.02,589.02,589.02,414.0,13.0,589.0125
2025-01-08 18:18:00-05:00,589.0199,589.0199,589.0199,589.0199,616.0,22.0,589.013
2025-01-08 18:19:00-05:00,589.0199,589.0199,589.0199,589.0199,0.0,0.0,0.0
2025-01-08 18:20:00-05:00,589.0199,589.0199,589.0199,589.0199,0.0,0.0,0.0
2025-01-08 18:21:00-05:00,589.04,589.04,589.04,589.04,172.0,14.0,589.0348
2025-01-08 18:22:00-05:00,589.04,589.04,589.04,589.04,0.0,0.0,0.0
2025-01-08 18:23:00-05:00,589.04,589.04,589.04,589.04,0.0,0.0,0.0
2025-01-08 18:24:00-05:00,589.04,589.04,589.04,589.04,0.0,0.0,0.0
2025-01-08 18:25:00-05:00,589.04,589.04,589.04,589.04,0.0,0.0,0.0
2025-01-08 18:26:00-05:00,589.0655,589.0655,589.0655,589.0655,230.0,14.0,589.0663
2025-01-08 18:27:00-05:00,589.05,589.05,589.05,589.05,241.0,18.0,589.0561
2025-01-08 18:28:00-05:00,589.05,589.05,589.05,589.05,0.0,0.0,0.0
2025-01-08 18:29:00-05:00,589.05,589.05,589.05,589.05,0.0,0.0,0.0
2025-01-08 18:30:00-05:00,589.05,589.05,589.05,589.05,0.0,0.0,0.0
2025-01-08 18:31:00-05:00,589.05,589.05,589.05,589.05,0.0,0.0,0.0
2025-01-08 18:32:00-05:00,589.05,589.05,589.05,589.05,0.0,0.0,0.0
2025-01-08 18:33:00-05:00,589.05,589.05,589.05,589.05,0.0,0.0,0.0
2025-01-08 18:34:00-05:00,588.92,588.92,588.92,588.92,108.0,7.0,588.9213
2025-01-08 18:35:00-05:00,588.92,588.92,588.92,588.92,0.0,0.0,0.0
2025-01-08 18:36:00-05:00,588.92,588.92,588.92,588.92,0.0,0.0,0.0
2025-01-08 18:37:00-05:00,588.87,588.87,588.87,588.87,110.0,7.0,588.8723
2025-01-08 18:38:00-05:00,588.87,588.87,588.87,588.87,0.0,0.0,0.0
2025-01-08 18:39:00-05:00,588.87,588.87,588.87,588.87,0.0,0.0,0.0
2025-01-08 18:40:00-05:00,588.87,588.87,588.87,588.87,0.0,0.0,0.0
2025-01-08 18:41:00-05:00,588.87,588.87,588.87,588.87,0.0,0.0,0.0
2025-01-08 18:42:00-05:00,588.87,588.87,588.87,588.87,0.0,0.0,0.0
2025-01-08 18:43:00-05:00,588.87,588.87,588.87,588.87,0.0,0.0,0.0
2025-01-08 18:44:00-05:00,588.87,588.87,588.87,588.87,0.0,0.0,0.0
2025-01-08 18:45:00-05:00,588.87,588.87,588.87,588.87,0.0,0.0,0.0
2025-01-08 18:46:00-05:00,588.9198,588.9198,588.82,588.82,1505.0,19.0,588.8364
2025-01-08 18:47:00-05:00,588.7,588.7,588.7,588.7,317.0,10.0,588.7365
2025-01-08 18:48:00-05:00,588.7,588.7,588.43,588.43,3510.0,45.0,588.5795
2025-01-08 18:49:00-05:00,588.53,588.56,588.53,588.56,1318.0,13.0,588.5557
2025-01-08 18:50:00-05:00,588.56,588.56,588.56,588.56,0.0,0.0,0.0
2025-01-08 18:51:00-05:00,588.605,588.62,588.605,588.62,343.0,13.0,588.6134
2025-01-08 18:52:00-05:00,588.6,588.6,588.6,588.6,560.0,18.0,588.6037
2025-01-08 18:53:00-05:00,588.67,588.68,588.67,588.68,1538.0,18.0,588.6763
2025-01-08 18:54:00-05:00,588.68,588.68,588.68,588.68,383.0,20.0,588.6604
2025-01-08 18:55:00-05:00,588.68,588.68,588.68,588.68,0.0,0.0,0.0
2025-01-08 18:56:00-05:00,588.53,588.53,588.5,588.5,5506.0,32.0,588.5263
2025-01-08 18:57:00-05:00,588.4699,588.481,588.4699,588.481,356.0,23.0,588.4719
2025-01-08 18:58:00-05:00,588.481,588.481,588.481,588.481,0.0,0.0,0.0
2025-01-08 18:59:00-05:00,588.43,588.43,588.41,588.41,1448.0,21.0,588.4245
2025-01-08 19:00:00-05:00,588.55,588.57,588.55,588.57,1029.0,9.0,588.5579
2025-01-08 19:01:00-05:00,588.47,588.47,588.47,588.47,622.0,15.0,588.4754
2025-01-08 19:02:00-05:00,588.47,588.47,588.47,588.47,0.0,0.0,0.0
2025-01-08 19:03:00-05:00,588.47,588.47,588.47,588.47,0.0,0.0,0.0
2025-01-08 19:04:00-05:00,588.41,588.41,588.38,588.38,3561.0,16.0,588.3823
2025-01-08 19:05:00-05:00,588.32,588.4,588.32,588.4,2082.0,20.0,588.341
2025-01-08 19:06:00-05:00,588.38,588.38,588.33,588.33,632.0,15.0,588.3419
2025-01-08 19:07:00-05:00,588.46,588.46,588.46,588.46,553.0,8.0,588.4613
2025-01-08 19:08:00-05:00,588.46,588.46,588.46,588.46,0.0,0.0,0.0
2025-01-08 19:09:00-05:00,588.4,588.4,588.31,588.31,1265.0,28.0,588.3137
2025-01-08 19:10:00-05:00,588.25,588.26,588.25,588.25,1451.0,19.0,588.2506
2025-01-08 19:11:00-05:00,588.16,588.16,588.1,588.1,10451.0,46.0,588.1262
2025-01-08 19:12:00-05:00,588.05,588.05,587.95,587.96,4257.0,66.0,587.9969
2025-01-08 19:13:00-05:00,587.97,588.02,587.97,588.0,1815.0,19.0,587.9938
2025-01-08 19:14:00-05:00,588.03,588.03,588.03,588.03,977.0,20.0,588.0286
2025-01-08 19:15:00-05:00,588.03,588.03,588.03,588.03,564.0,10.0,588.0302
2025-01-08 19:16:00-05:00,588.07,588.07,588.07,588.07,414.0,16.0,588.0692
2025-01-08 19:17:00-05:00,588.07,588.07,588.07,588.07,0.0,0.0,0.0
2025-01-08 19:18:00-05:00,588.07,588.07,588.07,588.07,0.0,0.0,0.0
2025-01-08 19:19:00-05:00,588.07,588.07,588.07,588.07,0.0,0.0,0.0
2025-01-08 19:20:00-05:00,588.07,588.07,588.07,588.07,0.0,0.0,0.0
2025-01-08 19:21:00-05:00,588.07,588.07,588.07,588.07,0.0,0.0,0.0
2025-01-08 19:22:00-05:00,588.27,588.28,588.27,588.28,776.0,12.0,588.2706
2025-01-08 19:23:00-05:00,588.3,588.3,588.28,588.28,3535.0,28.0,588.2857
2025-01-08 19:24:00-05:00,588.29,588.29,588.29,588.29,1114.0,12.0,588.2928
2025-01-08 19:25:00-05:00,588.31,588.32,588.31,588.32,1203.0,13.0,588.3197
2025-01-08 19:26:00-05:00,588.34,588.36,588.33,588.33,6342.0,33.0,588.3552
2025-01-08 19:27:00-05:00,588.29,588.29,588.11,588.11,1150.0,39.0,588.2457
2025-01-08 19:28:00-05:00,588.02,588.02,587.95,587.95,588.0,41.0,587.9854
2025-01-08 19:29:00-05:00,587.95,587.95,587.8799,587.8799,3061.0,26.0,587.9232
2025-01-08 19:30:00-05:00,588.04,588.04,587.92,587.92,573.0,13.0,587.9602
2025-01-08 19:31:00-05:00,587.92,587.93,587.92,587.93,827.0,14.0,587.9291
2025-01-08 19:32:00-05:00,587.88,587.88,587.88,587.88,224.0,18.0,587.858
2025-01-08 19:33:00-05:00,587.78,587.78,587.78,587.78,4119.0,26.0,587.7796
2025-01-08 19:34:00-05:00,587.78,587.78,587.75,587.75,745.0,17.0,587.7672
2025-01-08 19:35:00-05:00,587.82,587.82,587.82,587.82,424.0,15.0,587.8138
2025-01-08 19:36:00-05:00,587.8,587.8499,587.8,587.8,705.0,13.0,587.8182
2025-01-08 19:37:00-05:00,587.78,587.78,587.78,587.78,657.0,19.0,587.7794
2025-01-08 19:38:00-05:00,587.74,587.74,587.53,587.57,1461.0,44.0,587.6047
2025-01-08 19:39:00-05:00,587.57,587.57,587.57,587.57,0.0,0.0,0.0
2025-01-08 19:40:00-05:00,587.74,587.8,587.724,587.78,1439.0,35.0,587.7714
2025-01-08 19:41:00-05:00,587.7,587.7,587.7,587.7,152.0,11.0,587.6962
2025-01-08 19:42:00-05:00,587.66,587.75,587.66,587.75,439.0,25.0,587.7253
2025-01-08 19:43:00-05:00,587.7999,587.7999,587.7,587.7,1145.0,38.0,587.7399
2025-01-08 19:44:00-05:00,587.7,587.7,587.7,587.7,0.0,0.0,0.0
2025-01-08 19:45:00-05:00,587.86,587.86,587.86,587.86,165.0,13.0,587.8437
2025-01-08 19:46:00-05:00,587.91,588.0,587.91,588.0,2407.0,19.0,587.9491
2025-01-08 19:47:00-05:00,587.87,587.87,587.87,587.87,711.0,25.0,587.8753
2025-01-08 19:48:00-05:00,587.98,587.98,587.959,587.959,748.0,21.0,587.963
2025-01-08 19:49:00-05:00,587.959,587.959,587.959,587.959,0.0,0.0,0.0
2025-01-08 19:50:00-05:00,587.95,587.95,587.94,587.94,2107.0,23.0,587.9472
2025-01-08 19:51:00-05:00,587.95,588.049,587.95,588.049,1197.0,16.0,588.0028
2025-01-08 19:52:00-05:00,588.02,588.13,588.02,588.07,5007.0,26.0,588.07
2025-01-08 19:53:00-05:00,588.07,588.07,588.07,588.07,0.0,0.0,0.0
2025-01-08 19:54:00-05:00,588.07,588.07,588.07,588.07,300.0,16.0,588.0819
2025-01-08 19:55:00-05:00,588.05,588.05,588.0,588.0,2222.0,20.0,588.0111
2025-01-08 19:56:00-05:00,588.0,588.04,588.0,588.04,8702.0,52.0,588.0026
2025-01-08 19:57:00-05:00,588.12,588.16,588.12,588.16,2095.0,17.0,588.1472
2025-01-08 19:58:00-05:00,588.1301,588.2,588.1301,588.19,11463.0,52.0,588.189
2025-01-08 19:59:00-05:00,588.2,588.2,588.17,588.17,948.0,21.0,588.1904
2025-01-10 04:00:00-05:00,588.11,588.29,588.11,588.29,1769.0,50.0,588.1884
2025-01-10 04:01:00-05:00,588.2,588.24,588.01,588.01,13290.0,152.0,588.1738
2025-01-10 04:02:00-05:00,588.01,588.01,588.01,588.01,0.0,0.0,0.0
2025-01-10 04:03:00-05:00,588.01,588.01,587.61,587.61,3842.0,73.0,587.7973
2025-01-10 04:04:00-05:00,587.66,587.66,587.63,587.64,2734.0,42.0,587.628
2025-01-10 04:05:00-05:00,587.5,587.5,587.43,587.43,902.0,34.0,587.4648
2025-01-10 04:06:00-05:00,587.55,587.57,587.55,587.57,466.0,24.0,587.5608
2025-01-10 04:07:00-05:00,587.57,587.67,587.57,587.67,1219.0,26.0,587.5964
2025-01-10 04:08:00-05:00,587.6,587.67,587.6,587.61,796.0,26.0,587.5967
2025-01-10 04:09:00-05:00,587.6,587.6,587.6,587.6,390.0,4.0,587.6104
2025-01-10 04:10:00-05:00,587.5,587.5,587.4,587.42,783.0,49.0,587.4703
2025-01-10 04:11:00-05:00,587.42,587.42,587.42,587.42,0.0,0.0,0.0
2025-01-10 04:12:00-05:00,587.5,587.5,587.45,587.45,1065.0,28.0,587.4934
2025-01-10 04:13:00-05:00,587.52,587.65,587.52,587.65,1010.0,29.0,587.5641
2025-01-10 04:14:00-05:00,587.74,587.74,587.74,587.74,386.0,22.0,587.7356
2025-01-10 04:15:00-05:00,587.78,587.84,587.78,587.84,335.0,14.0,587.8289
2025-01-10 04:16:00-05:00,587.75,587.77,587.72,587.72,4166.0,36.0,587.7518
2025-01-10 04:17:00-05:00,587.72,587.72,587.72,587.72,0.0,0.0,0.0
2025-01-10 04:18:00-05:00,587.72,587.72,587.72,587.72,0.0,0.0,0.0
2025-01-10 04:19:00-05:00,587.72,587.72,587.72,587.72,0.0,0.0,0.0
2025-01-10 04:20:00-05:00,587.72,587.72,587.72,587.72,0.0,0.0,0.0
2025-01-10 04:21:00-05:00,587.81,587.81,587.81,587.81,722.0,30.0,587.7609
2025-01-10 04:22:00-05:00,587.79,587.79,587.79,587.79,473.0,13.0,587.7959
2025-01-10 04:23:00-05:00,587.9,587.9,587.9,587.9,445.0,10.0,587.9083
2025-01-10 04:24:00-05:00,587.9,587.9,587.9,587.9,0.0,0.0,0.0
2025-01-10 04:25:00-05:00,587.86,587.86,587.86,587.86,260.0,5.0,587.8777
2025-01-10 04:26:00-05:00,587.86,587.86,587.86,587.86,0.0,0.0,0.0
2025-01-10 04:27:00-05:00,587.86,587.86,587.86,587.86,0.0,0.0,0.0
2025-01-10 04:28:00-05:00,587.86,587.86,587.86,587.86,0.0,0.0,0.0
2025-01-10 04:29:00-05:00,587.86,587.86,587.86,587.86,0.0,0.0,0.0
2025-01-10 04:30:00-05:00,587.86,587.86,587.86,587.86,0.0,0.0,0.0
2025-01-10 04:31:00-05:00,587.86,587.86,587.86,587.86,0.0,0.0,0.0
2025-01-10 04:32:00-05:00,587.84,587.92,587.84,587.92,521.0,8.0,587.863
2025-01-10 04:33:00-05:00,587.92,587.92,587.92,587.92,0.0,0.0,0.0
2025-01-10 04:34:00-05:00,587.92,587.92,587.92,587.92,0.0,0.0,0.0
2025-01-10 04:35:00-05:00,587.92,587.92,587.92,587.92,0.0,0.0,0.0
2025-01-10 04:36:00-05:00,587.92,587.92,587.92,587.92,0.0,0.0,0.0
2025-01-10 04:37:00-05:00,587.92,587.92,587.92,587.92,0.0,0.0,0.0
2025-01-10 04:38:00-05:00,587.9,587.9,587.9,587.9,203.0,7.0,587.9193
2025-01-10 04:39:00-05:00,587.9,587.9,587.9,587.9,0.0,0.0,0.0
2025-01-10 04:40:00-05:00,587.96,588.0,587.96,588.0,898.0,16.0,587.9867
2025-01-10 04:41:00-05:00,588.04,588.04,588.04,588.04,233.0,5.0,588.0537
2025-01-10 04:42:00-05:00,588.16,588.16,588.12,588.12,1449.0,24.0,588.1515
2025-01-10 04:43:00-05:00,587.8,587.8,587.8,587.8,321.0,14.0,587.8348
2025-01-10 04:44:00-05:00,587.8,587.8,587.8,587.8,0.0,0.0,0.0
2025-01-10 04:45:00-05:00,587.42,587.42,587.37,587.4,1327.0,24.0,587.3979
2025-01-10 04:46:00-05:00,587.71,587.71,587.71,587.71,337.0,7.0,587.7126
2025-01-10 04:47:00-05:00,587.63,587.63,587.63,587.63,227.0,3.0,587.6304
2025-01-10 04:48:00-05:00,587.41,587.41,587.41,587.41,203.0,4.0,587.4108
2025-01-10 04:49:00-05:00,587.41,587.41,587.41,587.41,0.0,0.0,0.0
2025-01-10 04:50:00-05:00,587.77,587.77,587.77,587.77,226.0,4.0,587.7697
2025-01-10 04:51:00-05:00,587.77,587.77,587.77,587.77,0.0,0.0,0.0
2025-01-10 04:52:00-05:00,587.8,587.8,587.8,587.8,505.0,3.0,587.7998
2025-01-10 04:53:00-05:00,587.8,587.8,587.8,587.8,0.0,0.0,0.0
2025-01-10 04:54:00-05:00,587.8,587.8,587.8,587.8,0.0,0.0,0.0
2025-01-10 04:55:00-05:00,587.8,587.8,587.8,587.8,0.0,0.0,0.0
2025-01-10 04:56:00-05:00,587.63,587.63,587.63,587.63,1053.0,22.0,587.6318
2025-01-10 04:57:00-05:00,587.63,587.63,587.63,587.63,0.0,0.0,0.0
2025-01-10 04:58:00-05:00,587.63,587.63,587.63,587.63,0.0,0.0,0.0
2025-01-10 04:59:00-05:00,587.79,587.79,587.79,587.79,118.0,4.0,587.7826
2025-01-10 05:00:00-05:00,587.78,587.78,587.78,587.78,293.0,9.0,587.7901
2025-01-10 05:01:00-05:00,587.78,587.78,587.78,587.78,0.0,0.0,0.0
2025-01-10 05:02:00-05:00,587.97,587.99,587.97,587.99,1055.0,8.0,587.9822
2025-01-10 05:03:00-05:00,587.99,587.99,587.99,587.99,0.0,0.0,0.0
2025-01-10 05:04:00-05:00,587.99,587.99,587.99,587.99,0.0,0.0,0.0
2025-01-10 05:05:00-05:00,587.99,587.99,587.99,587.99,0.0,0.0,0.0
2025-01-10 05:06:00-05:00,587.99,587.99,587.99,587.99,0.0,0.0,0.0
2025-01-10 05:07:00-05:00,587.99,587.99,587.99,587.99,0.0,0.0,0.0
2025-01-10 05:08:00-05:00,587.99,587.99,587.99,587.99,0.0,0.0,0.0
2025-01-10 05:09:00-05:00,587.99,587.99,587.99,587.99,0.0,0.0,0.0
2025-01-10 05:10:00-05:00,587.99,587.99,587.99,587.99,0.0,0.0,0.0
2025-01-10 05:11:00-05:00,587.99,587.99,587.99,587.99,0.0,0.0,0.0
2025-01-10 05:12:00-05:00,587.79,587.79,587.79,587.79,101.0,2.0,587.79
2025-01-10 05:13:00-05:00,587.76,587.83,587.76,587.83,1163.0,13.0,587.7758
2025-01-10 05:14:00-05:00,587.83,587.83,587.83,587.83,0.0,0.0,0.0
2025-01-10 05:15:00-05:00,587.83,587.83,587.83,587.83,0.0,0.0,0.0
2025-01-10 05:16:00-05:00,587.83,587.83,587.83,587.83,0.0,0.0,0.0
2025-01-10 05:17:00-05:00,587.83,587.83,587.83,587.83,0.0,0.0,0.0
2025-01-10 05:18:00-05:00,587.83,587.83,587.83,587.83,0.0,0.0,0.0
2025-01-10 05:19:00-05:00,587.83,587.83,587.83,587.83,0.0,0.0,0.0
2025-01-10 05:20:00-05:00,587.87,587.87,587.87,587.87,156.0,6.0,587.8565
2025-01-10 05:21:00-05:00,588.02,588.02,588.02,588.02,2542.0,12.0,588.0171
2025-01-10 05:22:00-05:00,588.02,588.02,588.02,588.02,610.0,11.0,588.0199
2025-01-10 05:23:00-05:00,588.02,588.02,588.02,588.02,146.0,2.0,588.0168
2025-01-10 05:24:00-05:00,588.08,588.1,588.08,588.1,2070.0,9.0,588.0902
2025-01-10 05:25:00-05:00,588.1,588.1,588.1,588.1,0.0,0.0,0.0
2025-01-10 05:26:00-05:00,588.04,588.04,588.04,588.04,252.0,3.0,588.04
2025-01-10 05:27:00-05:00,588.04,588.04,588.04,588.04,0.0,0.0,0.0
2025-01-10 05:28:00-05:00,588.04,588.04,588.04,588.04,0.0,0.0,0.0
2025-01-10 05:29:00-05:00,588.04,588.04,588.04,588.04,0.0,0.0,0.0
2025-01-10 05:30:00-05:00,588.13,588.13,588.12,588.12,2105.0,13.0,588.1245
2025-01-10 05:31:00-05:00,588.12,588.12,588.12,588.12,0.0,0.0,0.0
2025-01-10 05:32:00-05:00,588.12,588.12,588.12,588.12,0.0,0.0,0.0
2025-01-10 05:33:00-05:00,588.16,588.16,588.07,588.07,10238.0,44.0,588.0987
2025-01-10 05:34:00-05:00,588.07,588.07,588.07,588.07,0.0,0.0,0.0
2025-01-10 05:35:00-05:00,588.07,588.07,588.07,588.07,0.0,0.0,0.0
2025-01-10 05:36:00-05:00,588.22,588.22,588.22,588.22,221.0,6.0,588.2243
2025-01-10 05:37:00-05:00,588.22,588.22,588.22,588.22,0.0,0.0,0.0
2025-01-10 05:38:00-05:00,588.22,588.22,588.22,588.22,0.0,0.0,0.0
2025-01-10 05:39:00-05:00,588.22,588.22,588.22,588.22,0.0,0.0,0.0
2025-01-10 05:40:00-05:00,588.49,588.49,588.47,588.47,3329.0,26.0,588.4854
2025-01-10 05:41:00-05:00,588.5,588.52,588.5,588.52,2345.0,17.0,588.5129
2025-01-10 05:42:00-05:00,588.52,588.52,588.52,588.52,0.0,0.0,0.0
2025-01-10 05:43:00-05:00,588.52,588.52,588.52,588.52,0.0,0.0,0.0
2025-01-10 05:44:00-05:00,588.57,588.57,588.57,588.57,799.0,8.0,588.5649
2025-01-10 05:45:00-05:00,588.57,588.57,588.57,588.57,0.0,0.0,0.0
2025-01-10 05:46:00-05:00,588.5,588.5,588.5,588.5,330.0,7.0,588.4985
2025-01-10 05:47:00-05:00,588.49,588.55,588.49,588.55,7573.0,43.0,588.5451
2025-01-10 05:48:00-05:00,588.51,588.51,588.51,588.51,363.0,8.0,588.5157
2025-01-10 05:49:00-05:00,588.51,588.51,588.51,588.51,0.0,0.0,0.0
2025-01-10 05:50:00-05:00,588.51,588.51,588.51,588.51,0.0,0.0,0.0
2025-01-10 05:51:00-05:00,588.51,588.51,588.51,588.51,0.0,0.0,0.0
2025-01-10 05:52:00-05:00,588.63,588.64,588.62,588.64,401.0,11.0,588.6239
2025-01-10 05:53:00-05:00,588.49,588.49,588.49,588.49,8053.0,34.0,588.49
2025-01-10 05:54:00-05:00,588.49,588.49,588.49,588.49,0.0,0.0,0.0
2025-01-10 05:55:00-05:00,588.49,588.49,588.49,588.49,0.0,0.0,0.0
2025-01-10 05:56:00-05:00,588.49,588.49,588.49,588.49,0.0,0.0,0.0
2025-01-10 05:57:00-05:00,588.49,588.49,588.49,588.49,0.0,0.0,0.0
2025-01-10 05:58:00-05:00,588.51,588.51,588.51,588.51,303.0,7.0,588.4726
2025-01-10 05:59:00-05:00,588.51,588.51,588.51,588.51,0.0,0.0,0.0
2025-01-10 06:00:00-05:00,588.43,588.45,588.43,588.45,958.0,15.0,588.4528
2025-01-10 06:01:00-05:00,588.5,588.5,588.49,588.49,345.0,9.0,588.4989
2025-01-10 06:02:00-05:00,588.51,588.54,588.51,588.54,1543.0,19.0,588.5273
2025-01-10 06:03:00-05:00,588.54,588.54,588.54,588.54,0.0,0.0,0.0
2025-01-10 06:04:00-05:00,588.55,588.55,588.55,588.55,166.0,3.0,588.5497
2025-01-10 06:05:00-05:00,588.55,588.55,588.55,588.55,0.0,0.0,0.0
2025-01-10 06:06:00-05:00,588.55,588.55,588.55,588.55,0.0,0.0,0.0
2025-01-10 06:07:00-05:00,588.74,588.74,588.74,588.74,275.0,8.0,588.759
2025-01-10 06:08:00-05:00,588.74,588.74,588.74,588.74,0.0,0.0,0.0
2025-01-10 06:09:00-05:00,588.98,589.01,588.98,589.01,970.0,42.0,588.9799
2025-01-10 06:10:00-05:00,589.1,589.35,589.1,589.32,54513.0,121.0,589.2693
2025-01-10 06:11:00-05:00,589.36,589.4,589.29,589.37,50570.0,80.0,589.3849
2025-01-10 06:12:00-05:00,589.43,589.47,589.4,589.43,1443.0,19.0,589.4328
2025-01-10 06:13:00-05:00,589.48,589.61,589.48,589.61,1345.0,32.0,589.5408
2025-01-10 06:14:00-05:00,589.49,589.49,589.49,589.49,553.0,15.0,589.4894
2025-01-10 06:15:00-05:00,589.47,589.47,589.32,589.32,1495.0,12.0,589.4445
2025-01-10 06:16:00-05:00,589.32,589.32,589.32,589.32,236.0,10.0,589.3139
2025-01-10 06:17:00-05:00,589.31,589.31,589.3,589.31,535.0,14.0,589.3085
2025-01-10 06:18:00-05:00,589.31,589.31,589.31,589.31,0.0,0.0,0.0
2025-01-10 06:19:00-05:00,589.31,589.31,589.31,589.31,0.0,0.0,0.0
2025-01-10 06:20:00-05:00,589.31,589.31,589.31,589.31,177.0,6.0,589.3082
2025-01-10 06:21:00-05:00,589.34,589.34,589.34,589.34,145.0,8.0,589.3381
2025-01-10 06:22:00-05:00,589.18,589.26,589.18,589.26,769.0,25.0,589.2558
2025-01-10 06:23:00-05:00,589.34,589.36,589.32,589.36,4191.0,16.0,589.3472
2025-01-10 06:24:00-05:00,589.39,589.39,589.39,589.39,568.0,10.0,589.3846
2025-01-10 06:25:00-05:00,589.39,589.39,589.39,589.39,0.0,0.0,0.0
2025-01-10 06:26:00-05:00,589.11,589.18,589.1,589.1,2179.0,15.0,589.134
2025-01-10 06:27:00-05:00,589.1,589.1,589.1,589.1,0.0,0.0,0.0
2025-01-10 06:28:00-05:00,589.14,589.14,589.14,589.14,304.0,9.0,589.1067
2025-01-10 06:29:00-05:00,589.14,589.14,589.14,589.14,0.0,0.0,0.0
2025-01-10 06:30:00-05:00,589.14,589.14,589.14,589.14,0.0,0.0,0.0
2025-01-10 06:31:00-05:00,589.14,589.14,589.14,589.14,0.0,0.0,0.0
2025-01-10 06:32:00-05:00,589.14,589.14,589.14,589.14,0.0,0.0,0.0
2025-01-10 06:33:00-05:00,589.02,589.02,589.02,589.02,137.0,8.0,589.024
2025-01-10 06:34:00-05:00,588.99,588.99,588.99,588.99,217.0,6.0,588.9954
2025-01-10 06:35:00-05:00,589.24,589.24,589.24,589.24,183.0,11.0,589.2083
2025-01-10 06:36:00-05:00,589.24,589.24,589.24,589.24,0.0,0.0,0.0
2025-01-10 06:37:00-05:00,589.24,589.24,589.24,589.24,0.0,0.0,0.0
2025-01-10 06:38:00-05:00,589.24,589.24,589.24,589.24,0.0,0.0,0.0
2025-01-10 06:39:00-05:00,589.27,589.27,589.27,589.27,248.0,8.0,589.2685
2025-01-10 06:40:00-05:00,589.27,589.27,589.27,589.27,0.0,0.0,0.0
2025-01-10 06:41:00-05:00,589.27,589.27,589.27,589.27,0.0,0.0,0.0
2025-01-10 06:42:00-05:00,589.24,589.3,589.24,589.3,409.0,6.0,589.27
2025-01-10 06:43:00-05:00,589.1,589.1,589.1,589.1,259.0,5.0,589.1202
2025-01-10 06:44:00-05:00,589.1,589.1,589.1,589.1,0.0,0.0,0.0
2025-01-10 06:45:00-05:00,589.12,589.12,589.12,589.12,111.0,5.0,589.1146
2025-01-10 06:46:00-05:00,589.12,589.12,589.12,589.12,0.0,0.0,0.0
2025-01-10 06:47:00-05:00,589.12,589.12,589.12,589.12,0.0,0.0,0.0
2025-01-10 06:48:00-05:00,589.01,589.01,588.84,588.92,1301.0,22.0,588.9716
2025-01-10 06:49:00-05:00,588.87,588.96,588.87,588.94,5329.0,22.0,588.9394
2025-01-10 06:50:00-05:00,589.1,589.1,589.1,589.1,384.0,8.0,589.0908
2025-01-10 06:51:00-05:00,589.01,589.01,589.01,589.01,249.0,8.0,589.0474
2025-01-10 06:52:00-05:00,589.01,589.01,589.01,589.01,0.0,0.0,0.0
2025-01-10 06:53:00-05:00,589.01,589.01,589.01,589.01,0.0,0.0,0.0
2025-01-10 06:54:00-05:00,588.83,588.86,588.77,588.77,945.0,15.0,588.8356
2025-01-10 06:55:00-05:00,588.75,588.8,588.75,588.8,469.0,9.0,588.7706
2025-01-10 06:56:00-05:00,588.89,588.89,588.88,588.88,450.0,11.0,588.8919
2025-01-10 06:57:00-05:00,588.82,588.82,588.82,588.82,1103.0,14.0,588.8127
2025-01-10 06:58:00-05:00,588.68,588.68,588.61,588.61,874.0,11.0,588.6593
2025-01-10 06:59:00-05:00,588.61,588.61,588.61,588.61,566.0,20.0,588.6096
2025-01-10 07:00:00-05:00,588.57,588.759,588.56,588.71,4579.0,60.0,588.6231
2025-01-10 07:01:00-05:00,588.65,588.65,588.64,588.64,542.0,9.0,588.6408
2025-01-10 07:02:00-05:00,588.57,588.59,588.5,588.5,902.0,21.0,588.5542
2025-01-10 07:03:00-05:00,588.65,588.65,588.65,588.65,126.0,5.0,588.6411
2025-01-10 07:04:00-05:00,588.57,588.57,588.49,588.49,1290.0,19.0,588.5347
2025-01-10 07:05:00-05:00,588.49,588.49,587.97,587.97,10606.0,206.0,588.1275
2025-01-10 07:06:00-05:00,587.89,587.98,587.85,587.98,2205.0,25.0,587.9083
2025-01-10 07:07:00-05:00,587.93,587.93,587.88,587.88,1866.0,30.0,587.9118
2025-01-10 07:08:00-05:00,587.95,587.95,587.95,587.95,667.0,14.0,587.9407
2025-01-10 07:09:00-05:00,587.85,587.85,587.85,587.85,466.0,19.0,587.8722
2025-01-10 07:10:00-05:00,587.99,588.0,587.99,588.0,396.0,10.0,587.9979
2025-01-10 07:11:00-05:00,588.0,588.0,587.98,587.98,604.0,15.0,587.9936
2025-01-10 07:12:00-05:00,587.66,587.7,587.48,587.48,2293.0,59.0,587.6109
2025-01-10 07:13:00-05:00,587.74,587.75,587.66,587.66,1093.0,13.0,587.717
2025-01-10 07:14:00-05:00,587.66,587.66,587.66,587.66,0.0,0.0,0.0
2025-01-10 07:15:00-05:00,587.99,588.05,587.99,588.05,726.0,20.0,588.0003
2025-01-10 07:16:00-05:00,588.01,588.01,588.01,588.01,1074.0,18.0,588.0048
2025-01-10 07:17:00-05:00,588.0,588.0,588.0,588.0,2085.0,25.0,587.998
2025-01-10 07:18:00-05:00,588.13,588.16,588.13,588.16,1958.0,20.0,588.1534
2025-01-10 07:19:00-05:00,587.98,587.98,587.98,587.98,623.0,17.0,587.9788
2025-01-10 07:20:00-05:00,587.94,588.04,587.94,588.04,2089.0,24.0,587.9438
2025-01-10 07:21:00-05:00,588.09,588.15,588.06,588.1,1582.0,20.0,588.086
2025-01-10 07:22:00-05:00,587.98,588.01,587.97,587.97,2471.0,21.0,587.9797
2025-01-10 07:23:00-05:00,588.02,588.11,588.02,588.11,486.0,18.0,588.0403
2025-01-10 07:24:00-05:00,588.11,588.11,588.11,588.11,0.0,0.0,0.0
2025-01-10 07:25:00-05:00,588.145,588.15,588.145,588.15,1285.0,14.0,588.1421
2025-01-10 07:26:00-05:00,588.15,588.15,588.15,588.15,0.0,0.0,0.0
2025-01-10 07:27:00-05:00,588.14,588.14,588.1,588.1,412.0,12.0,588.1258
2025-01-10 07:28:00-05:00,588.03,588.03,588.03,588.03,600.0,13.0,588.0296
2025-01-10 07:29:00-05:00,587.9,587.9,587.9,587.9,1043.0,13.0,587.9021
2025-01-10 07:30:00-05:00,588.05,588.12,588.05,588.12,1695.0,9.0,588.0939
2025-01-10 07:31:00-05:00,588.09,588.09,588.09,588.09,817.0,9.0,588.0884
2025-01-10 07:32:00-05:00,588.1,588.25,588.08,588.25,9636.0,65.0,588.1274
2025-01-10 07:33:00-05:00,588.31,588.34,588.25,588.34,3201.0,39.0,588.2933
2025-01-10 07:34:00-05:00,588.46,588.46,588.46,588.46,121.0,9.0,588.4574
2025-01-10 07:35:00-05:00,588.47,588.47,588.41,588.41,462.0,12.0,588.4192
2025-01-10 07:36:00-05:00,588.41,588.41,588.41,588.41,0.0,0.0,0.0
2025-01-10 07:37:00-05:00,588.59,588.6,588.59,588.6,282.0,9.0,588.5853
2025-01-10 07:38:00-05:00,588.53,588.68,588.48,588.68,2782.0,27.0,588.5166
2025-01-10 07:39:00-05:00,588.611,588.66,588.58,588.651,1642.0,36.0,588.6444
2025-01-10 07:40:00-05:00,588.7,588.7,588.7,588.7,932.0,38.0,588.6839
2025-01-10 07:41:00-05:00,588.68,588.68,588.67,588.68,1335.0,42.0,588.6616
2025-01-10 07:42:00-05:00,588.745,588.77,588.74,588.77,2076.0,33.0,588.7562
2025-01-10 07:43:00-05:00,588.76,588.76,588.59,588.59,3916.0,48.0,588.6543
2025-01-10 07:44:00-05:00,588.59,588.59,588.5,588.5,2785.0,44.0,588.5549
2025-01-10 07:45:00-05:00,588.43,588.44,588.07,588.19,4310.0,47.0,588.2653
2025-01-10 07:46:00-05:00,588.12,588.26,588.12,588.26,1645.0,42.0,588.1864
2025-01-10 07:47:00-05:00,588.26,588.26,588.26,588.26,0.0,0.0,0.0
2025-01-10 07:48:00-05:00,588.38,588.4,588.38,588.4,4686.0,52.0,588.3966
2025-01-10 07:49:00-05:00,588.4,588.4,588.39,588.4,17042.0,91.0,588.4005
2025-01-10 07:50:00-05:00,588.68,588.73,588.68,588.73,816.0,25.0,588.6837
2025-01-10 07:51:00-05:00,588.73,588.73,588.73,588.73,0.0,0.0,0.0
2025-01-10 07:52:00-05:00,588.78,588.78,588.78,588.78,725.0,17.0,588.7706
2025-01-10 07:53:00-05:00,588.74,588.74,588.6,588.6,14188.0,73.0,588.6032
2025-01-10 07:54:00-05:00,588.67,588.67,588.67,588.67,765.0,17.0,588.6506
2025-01-10 07:55:00-05:00,588.67,588.73,588.67,588.71,1687.0,17.0,588.7031
2025-01-10 07:56:00-05:00,588.7,588.76,588.7,588.76,1655.0,16.0,588.7183
2025-01-10 07:57:00-05:00,588.8,588.84,588.75,588.75,1723.0,24.0,588.796
2025-01-10 07:58:00-05:00,588.77,588.78,588.77,588.78,516.0,11.0,588.765
2025-01-10 07:59:00-05:00,588.73,588.82,588.73,588.82,2475.0,21.0,588.794
2025-01-10 08:00:00-05:00,588.8,589.3404,587.58,588.57,47793.0,855.0,588.3002
2025-01-10 08:01:00-05:00,588.7,588.73,588.66,588.73,14132.0,478.0,588.1623
2025-01-10 08:02:00-05:00,588.73,588.78,588.73,588.78,1180.0,58.0,588.7055
2025-01-10 08:03:00-05:00,588.73,588.73,588.73,588.73,533.0,71.0,588.8546
2025-01-10 08:04:00-05:00,588.74,588.74,588.68,588.68,729.0,41.0,588.7261
2025-01-10 08:05:00-05:00,588.65,588.72,588.65,588.6818,1575.0,29.0,588.6785
2025-01-10 08:06:00-05:00,588.73,588.83,588.73,588.83,1623.0,29.0,588.7905
2025-01-10 08:07:00-05:00,588.77,588.8,588.7403,588.8,5517.0,54.0,588.7871
2025-01-10 08:08:00-05:00,588.68,588.69,588.68,588.69,614.0,36.0,588.7184
2025-01-10 08:09:00-05:00,588.68,588.8,588.68,588.74,15424.0,83.0,588.7428
2025-01-10 08:10:00-05:00,588.74,588.74,588.63,588.63,2638.0,40.0,588.7116
2025-01-10 08:11:00-05:00,588.66,588.66,588.43,588.43,1836.0,40.0,588.533
2025-01-10 08:12:00-05:00,588.45,588.46,588.29,588.35,2076.0,47.0,588.3702
2025-01-10 08:13:00-05:00,588.32,588.39,588.32,588.39,4195.0,40.0,588.3951
2025-01-10 08:14:00-05:00,588.6,588.6,588.6,588.6,178.0,20.0,588.599
2025-01-10 08:15:00-05:00,588.54,588.65,588.42,588.42,8038.0,79.0,588.4984
2025-01-10 08:16:00-05:00,588.26,588.3685,588.26,588.271,4726.0,66.0,588.292
2025-01-10 08:17:00-05:00,588.28,588.28,588.2,588.2201,2004.0,41.0,588.2585
2025-01-10 08:18:00-05:00,588.28,588.36,588.28,588.36,1434.0,42.0,588.2961
2025-01-10 08:19:00-05:00,588.35,588.5299,588.35,588.5299,2652.0,27.0,588.4504
2025-01-10 08:20:00-05:00,588.46,588.47,588.35,588.35,3124.0,44.0,588.4508
2025-01-10 08:21:00-05:00,588.27,588.3,588.19,588.2,18658.0,118.0,588.2783
2025-01-10 08:22:00-05:00,588.14,588.14,588.0,588.06,36847.0,222.0,588.0226
2025-01-10 08:23:00-05:00,588.04,588.26,588.04,588.26,5593.0,79.0,588.094
2025-01-10 08:24:00-05:00,588.26,588.26,588.09,588.1501,3321.0,47.0,588.1858
2025-01-10 08:25:00-05:00,588.2,588.39,588.2,588.38,10106.0,87.0,588.3496
2025-01-10 08:26:00-05:00,588.37,588.52,588.35,588.52,5899.0,70.0,588.4267
2025-01-10 08:27:00-05:00,588.5,588.66,588.4,588.63,7158.0,66.0,588.5455
2025-01-10 08:28:00-05:00,588.61,588.65,588.36,588.46,9552.0,90.0,588.4383
2025-01-10 08:29:00-05:00,588.42,588.42,588.3,588.3,7549.0,82.0,588.3347
2025-01-10 08:30:00-05:00,588.0,588.0,582.52,584.69,323186.0,2749.0,584.2867
2025-01-10 08:31:00-05:00,585.07,585.61,584.46,585.18,179048.0,868.0,585.0011
2025-01-10 08:32:00-05:00,584.99,585.39,584.31,584.59,73837.0,396.0,584.8413
2025-01-10 08:33:00-05:00,584.25,584.69,583.49,583.74,53859.0,446.0,584.1797
2025-01-10 08:34:00-05:00,583.71,584.05,582.84,583.07,122496.0,808.0,583.3108
2025-01-10 08:35:00-05:00,583.07,584.03,582.44,584.03,321611.0,2607.0,583.2065
2025-01-10 08:36:00-05:00,583.89,584.73,583.63,584.5,109856.0,649.0,584.1774
2025-01-10 08:37:00-05:00,584.53,585.0,583.84,584.25,82434.0,510.0,584.3203
2025-01-10 08:38:00-05:00,584.25,584.48,583.23,583.95,71371.0,539.0,583.9449
2025-01-10 08:39:00-05:00,583.96,584.53,583.77,584.53,21272.0,208.0,584.0337
2025-01-10 08:40:00-05:00,584.54,585.2,584.43,585.07,49994.0,391.0,584.8324
2025-01-10 08:41:00-05:00,585.01,585.22,584.84,585.1,93923.0,603.0,585.0348
2025-01-10 08:42:00-05:00,585.09,585.09,584.63,584.99,13277.0,166.0,584.8287
2025-01-10 08:43:00-05:00,584.95,584.95,584.41,584.51,19346.0,232.0,584.5795
2025-01-10 08:44:00-05:00,584.63,584.72,584.4,584.46,19878.0,223.0,584.55
2025-01-10 08:45:00-05:00,584.4503,584.89,584.4503,584.79,10054.0,123.0,584.7976
2025-01-10 08:46:00-05:00,584.96,585.11,584.69,584.69,18970.0,167.0,584.9483
2025-01-10 08:47:00-05:00,584.62,584.62,584.18,584.18,12990.0,205.0,584.3547
2025-01-10 08:48:00-05:00,584.15,584.29,583.88,584.29,34657.0,264.0,584.0503
2025-01-10 08:49:00-05:00,584.18,584.46,583.77,584.38,15953.0,184.0,584.1887
2025-01-10 08:50:00-05:00,584.22,584.22,583.99,584.0,4600.0,95.0,584.034
2025-01-10 08:51:00-05:00,583.79,583.9582,583.5,583.67,13864.0,165.0,583.6801
2025-01-10 08:52:00-05:00,583.67,584.0,583.6199,583.94,14825.0,117.0,583.7577
2025-01-10 08:53:00-05:00,583.8782,584.3,583.79,584.3,9405.0,98.0,584.1822
2025-01-10 08:54:00-05:00,584.48,584.64,584.47,584.62,4453.0,100.0,584.5617
2025-01-10 08:55:00-05:00,584.7,584.75,584.5504,584.57,41358.0,252.0,584.6687
2025-01-10 08:56:00-05:00,584.46,584.5,584.3,584.5,3506.0,97.0,584.39
2025-01-10 08:57:00-05:00,584.56,584.6,584.37,584.38,3171.0,78.0,584.4683
2025-01-10 08:58:00-05:00,584.45,584.53,584.35,584.52,32577.0,143.0,584.504
2025-01-10 08:59:00-05:00,584.4,584.4,584.18,584.2,8215.0,132.0,584.2588
2025-01-10 09:00:00-05:00,583.99,584.26,583.47,583.64,30932.0,219.0,583.9079
2025-01-10 09:01:00-05:00,583.63,583.88,583.6,583.88,2878.0,85.0,583.7821
2025-01-10 09:02:00-05:00,583.9,584.5,583.9,584.5,24424.0,163.0,584.2905
2025-01-10 09:03:00-05:00,584.489,584.59,584.331,584.59,17648.0,133.0,584.4543
2025-01-10 09:04:00-05:00,584.6499,585.0,584.48,585.0,9873.0,153.0,584.6465
2025-01-10 09:05:00-05:00,584.88,584.9017,584.54,584.71,11784.0,140.0,584.7651
2025-01-10 09:06:00-05:00,584.82,585.12,584.82,585.0,5543.0,130.0,584.9714
2025-01-10 09:07:00-05:00,585.07,585.08,584.8987,584.95,2686.0,81.0,584.9886
2025-01-10 09:08:00-05:00,584.93,585.39,584.91,585.3,42681.0,291.0,585.2202
2025-01-10 09:09:00-05:00,585.179,585.28,585.01,585.04,8837.0,134.0,585.1198
2025-01-10 09:10:00-05:00,585.11,585.6,585.1,585.42,42608.0,255.0,585.3947
2025-01-10 09:11:00-05:00,585.199,585.2299,585.12,585.1493,3611.0,81.0,585.1675
2025-01-10 09:12:00-05:00,585.12,585.41,584.95,585.41,55716.0,262.0,585.1232
2025-01-10 09:13:00-05:00,585.4,585.41,585.3,585.3,3567.0,98.0,585.3692
2025-01-10 09:14:00-05:00,585.25,585.28,585.13,585.25,8239.0,111.0,585.2384
2025-01-10 09:15:00-05:00,585.24,585.47,585.24,585.44,20041.0,124.0,585.2724
2025-01-10 09:16:00-05:00,585.41,585.7,585.39,585.65,16978.0,144.0,585.4638
2025-01-10 09:17:00-05:00,585.66,585.73,585.51,585.51,11563.0,123.0,585.6388
2025-01-10 09:18:00-05:00,585.38,585.5605,585.37,585.5605,8580.0,90.0,585.4326
2025-01-10 09:19:00-05:00,585.56,585.56,585.32,585.32,4825.0,108.0,585.481
2025-01-10 09:20:00-05:00,585.27,585.52,585.27,585.29,6527.0,97.0,585.4235
2025-01-10 09:21:00-05:00,585.31,585.46,585.28,585.39,16292.0,99.0,585.3487
2025-01-10 09:22:00-05:00,585.3688,585.37,585.2,585.3,2820.0,81.0,585.2481
2025-01-10 09:23:00-05:00,585.32,585.32,585.04,585.06,10938.0,128.0,585.1179
2025-01-10 09:24:00-05:00,585.12,585.34,585.12,585.34,5460.0,107.0,585.2169
2025-01-10 09:25:00-05:00,585.31,585.55,585.3,585.4,6219.0,94.0,585.4611
2025-01-10 09:26:00-05:00,585.4,585.5,585.39,585.39,1027.0,64.0,585.4292
2025-01-10 09:27:00-05:00,585.35,585.38,585.06,585.0608,24203.0,176.0,585.2469
2025-01-10 09:28:00-05:00,585.1,585.75,585.1,585.75,20812.0,174.0,585.4846
2025-01-10 09:29:00-05:00,585.75,585.86,585.61,585.83,29619.0,163.0,585.7206
2025-01-10 09:30:00-05:00,585.88,585.95,584.89,585.04,634803.0,10251.0,585.5607
2025-01-10 09:31:00-05:00,585.07,585.11,584.1,584.43,348156.0,4184.0,584.4905
2025-01-10 09:32:00-05:00,584.415,584.94,584.27,584.5256,220981.0,2735.0,584.624
2025-01-10 09:33:00-05:00,584.54,585.55,584.44,585.54,195269.0,2395.0,584.9901
2025-01-10 09:34:00-05:00,585.54,585.74,584.93,585.18,223702.0,2552.0,585.4831
2025-01-10 09:35:00-05:00,585.15,585.25,584.62,585.17,176956.0,2351.0,584.9074
2025-01-10 09:36:00-05:00,585.12,585.5,584.81,584.81,222615.0,2745.0,585.1887
2025-01-10 09:37:00-05:00,584.87,584.97,584.26,584.29,180787.0,2307.0,584.5663
2025-01-10 09:38:00-05:00,584.25,584.34,583.84,583.91,289217.0,2848.0,584.1113
2025-01-10 09:39:00-05:00,583.94,584.055,583.54,583.8899,240517.0,2693.0,583.7465
2025-01-10 09:40:00-05:00,583.87,584.0,583.55,583.87,164456.0,2179.0,583.7801
2025-01-10 09:41:00-05:00,583.86,584.48,583.34,583.87,256100.0,3065.0,583.8349
2025-01-10 09:42:00-05:00,583.85,584.37,583.78,584.19,150611.0,2008.0,584.1342
2025-01-10 09:43:00-05:00,584.19,584.57,583.92,583.92,171715.0,2138.0,584.194
2025-01-10 09:44:00-05:00,583.905,584.54,583.58,584.48,201279.0,2317.0,584.0051
2025-01-10 09:45:00-05:00,584.52,584.91,584.24,584.83,131930.0,2044.0,584.471
2025-01-10 09:46:00-05:00,584.79,584.82,583.41,583.41,145813.0,2161.0,584.1396
2025-01-10 09:47:00-05:00,583.42,583.51,582.94,582.97,266790.0,3121.0,583.271
2025-01-10 09:48:00-05:00,582.98,583.07,582.46,582.74,250921.0,2996.0,582.7596
2025-01-10 09:49:00-05:00,582.73,583.22,582.7,582.74,436198.0,3565.0,582.9172
2025-01-10 09:50:00-05:00,582.71,582.93,582.41,582.87,186993.0,2405.0,582.696
2025-01-10 09:51:00-05:00,582.87,583.19,582.8,582.99,150149.0,2203.0,583.0281
2025-01-10 09:52:00-05:00,582.96,583.3599,582.49,582.65,235549.0,2220.0,586.4796
2025-01-10 09:53:00-05:00,582.64,582.85,582.28,582.71,143256.0,2297.0,582.5591
2025-01-10 09:54:00-05:00,582.73,582.92,582.4,582.51,140811.0,2003.0,582.6371
2025-01-10 09:55:00-05:00,582.49,582.71,582.4,582.55,228705.0,1810.0,586.487
2025-01-10 09:56:00-05:00,582.52,582.77,582.48,582.64,99302.0,1725.0,582.6329
2025-01-10 09:57:00-05:00,582.66,583.16,582.6,582.96,169237.0,2440.0,582.8945
2025-01-10 09:58:00-05:00,582.95,583.15,582.82,582.8999,139091.0,1697.0,582.909
2025-01-10 09:59:00-05:00,582.8801,583.05,582.65,582.98,244251.0,1739.0,586.373
2025-01-10 10:00:00-05:00,582.39,582.95,581.14,581.34,757063.0,7478.0,581.885
2025-01-10 10:01:00-05:00,581.35,581.43,580.41,580.8,599631.0,5331.0,582.7302
2025-01-10 10:02:00-05:00,580.8,581.07,580.22,580.33,485811.0,4539.0,580.5847
2025-01-10 10:03:00-05:00,580.3284,580.63,579.78,580.55,763837.0,8925.0,580.1567
2025-01-10 10:04:00-05:00,580.55,580.56,580.06,580.16,403224.0,3497.0,583.2244
2025-01-10 10:05:00-05:00,580.16,580.71,580.13,580.39,320731.0,3438.0,580.459
2025-01-10 10:06:00-05:00,580.365,580.37,579.69,579.88,371169.0,4424.0,579.9971
2025-01-10 10:07:00-05:00,579.92,580.25,579.74,579.79,305672.0,3397.0,580.0148
2025-01-10 10:08:00-05:00,579.79,579.95,579.43,579.57,271784.0,3394.0,579.881
2025-01-10 10:09:00-05:00,579.58,579.865,579.48,579.74,313722.0,2544.0,583.7059
2025-01-10 10:10:00-05:00,579.74,580.11,579.49,579.57,276739.0,3483.0,579.7531
2025-01-10 10:11:00-05:00,579.6,579.81,579.24,579.7,286604.0,3357.0,579.5576
2025-01-10 10:12:00-05:00,579.7,580.0,579.56,579.77,226936.0,3002.0,579.735
2025-01-10 10:13:00-05:00,579.77,579.835,579.15,579.27,210463.0,2968.0,579.4985
2025-01-10 10:14:00-05:00,579.24,579.68,579.24,579.55,238054.0,2642.0,579.5204
2025-01-10 10:15:00-05:00,579.55,579.87,579.525,579.66,198694.0,2493.0,579.6941
2025-01-10 10:16:00-05:00,579.65,579.9,579.53,579.63,141595.0,2391.0,579.7329
2025-01-10 10:17:00-05:00,579.62,580.32,579.58,579.96,230598.0,3202.0,580.0328
2025-01-10 10:18:00-05:00,579.94,580.5,579.865,580.29,280902.0,3415.0,580.2817
2025-01-10 10:19:00-05:00,580.29,580.88,580.24,580.35,255608.0,2849.0,580.5213
2025-01-10 10:20:00-05:00,580.3425,580.92,580.31,580.92,209553.0,4213.0,580.621
2025-01-10 10:21:00-05:00,580.91,581.07,580.54,580.6851,220431.0,5063.0,580.8719
2025-01-10 10:22:00-05:00,580.68,580.94,580.59,580.62,191099.0,4694.0,580.7348
2025-01-10 10:23:00-05:00,580.64,581.34,580.55,581.27,233092.0,3373.0,581.1005
2025-01-10 10:24:00-05:00,581.24,581.6,581.15,581.51,284294.0,3114.0,581.3519
2025-01-10 10:25:00-05:00,581.52,581.52,581.065,581.13,236294.0,2719.0,581.2927
2025-01-10 10:26:00-05:00,581.1101,581.55,581.06,581.27,123554.0,1922.0,581.2555
2025-01-10 10:27:00-05:00,581.25,581.8,581.25,581.27,188289.0,2333.0,581.4369
2025-01-10 10:28:00-05:00,581.29,581.52,581.07,581.41,174551.0,2078.0,581.275
2025-01-10 10:29:00-05:00,581.44,581.96,581.415,581.89,281690.0,2005.0,585.3314
2025-01-10 10:30:00-05:00,581.9,581.9,581.47,581.56,199684.0,2240.0,581.6318
2025-01-10 10:31:00-05:00,581.55,582.16,581.49,582.15,152253.0,2005.0,581.7821
2025-01-10 10:32:00-05:00,582.13,582.24,581.61,581.72,317774.0,2153.0,584.9503
2025-01-10 10:33:00-05:00,581.7,582.45,581.58,582.38,176848.0,2342.0,582.1315
2025-01-10 10:34:00-05:00,582.37,582.49,582.02,582.03,198592.0,2437.0,582.2216
2025-01-10 10:35:00-05:00,582.04,582.13,581.82,581.88,219029.0,2593.0,581.9519
2025-01-10 10:36:00-05:00,581.88,582.0956,581.8,582.02,138995.0,2160.0,581.9352
2025-01-10 10:37:00-05:00,582.0,582.51,582.0,582.4879,153637.0,2002.0,582.2982
2025-01-10 10:38:00-05:00,582.44,582.69,582.33,582.34,202467.0,2354.0,582.5504
2025-01-10 10:39:00-05:00,582.36,582.73,582.25,582.44,145930.0,2071.0,582.491
2025-01-10 10:40:00-05:00,582.42,582.469,582.04,582.19,248497.0,1896.0,586.053
2025-01-10 10:41:00-05:00,582.22,582.52,582.22,582.5,73071.0,1413.0,582.3974
2025-01-10 10:42:00-05:00,582.51,582.53,581.93,582.08,109754.0,1805.0,582.1702
2025-01-10 10:43:00-05:00,582.11,582.13,581.81,581.99,133576.0,1801.0,581.9458
2025-01-10 10:44:00-05:00,582.01,582.11,581.77,581.98,115800.0,1805.0,581.9367
2025-01-10 10:45:00-05:00,581.97,582.19,581.77,582.01,123655.0,1699.0,581.9566
2025-01-10 10:46:00-05:00,582.03,582.52,581.92,582.29,143996.0,1972.0,582.3146
2025-01-10 10:47:00-05:00,582.285,583.17,582.25,582.89,267334.0,2789.0,582.9078
2025-01-10 10:48:00-05:00,582.88,583.105,582.7752,583.06,92329.0,1543.0,582.9178
2025-01-10 10:49:00-05:00,583.03,583.2288,582.79,582.83,120578.0,1922.0,583.0127
2025-01-10 10:50:00-05:00,582.85,582.85,582.03,582.15,220226.0,2512.0,582.4793
2025-01-10 10:51:00-05:00,582.24,582.29,581.94,581.98,72321.0,1390.0,582.1049
2025-01-10 10:52:00-05:00,581.92,581.92,581.26,581.44,366693.0,3049.0,584.3287
2025-01-10 10:53:00-05:00,581.44,581.475,581.11,581.3299,189115.0,1912.0,581.2981
2025-01-10 10:54:00-05:00,581.3,581.955,581.2,581.65,151939.0,1819.0,581.6187
2025-01-10 10:55:00-05:00,581.635,581.92,581.18,581.29,85663.0,1429.0,581.6135
2025-01-10 10:56:00-05:00,581.27,581.7,580.92,581.46,113158.0,1993.0,581.3242
2025-01-10 10:57:00-05:00,581.4,581.63,581.03,581.15,72950.0,1302.0,581.252
2025-01-10 10:58:00-05:00,581.11,581.48,580.96,581.45,132340.0,1524.0,581.2262
2025-01-10 10:59:00-05:00,581.37,581.59,581.01,581.1,56899.0,1149.0,581.298
2025-01-10 11:00:00-05:00,581.1,581.37,580.6,580.84,184139.0,2138.0,580.8015
2025-01-10 11:01:00-05:00,580.85,580.85,580.43,580.5,185568.0,2240.0,580.6344
2025-01-10 11:02:00-05:00,580.45,580.79,580.25,580.625,124304.0,1929.0,580.5101
2025-01-10 11:03:00-05:00,580.64,580.93,580.42,580.525,57957.0,1328.0,580.6634
2025-01-10 11:04:00-05:00,580.44,580.58,580.16,580.34,88776.0,1493.0,580.3379
2025-01-10 11:05:00-05:00,580.32,580.5,580.245,580.34,86941.0,1296.0,580.3559
2025-01-10 11:06:00-05:00,580.34,580.53,580.16,580.26,319820.0,1237.0,587.7262
2025-01-10 11:07:00-05:00,580.285,580.48,579.99,580.06,92571.0,2316.0,580.1646
2025-01-10 11:08:00-05:00,580.08,580.5083,579.965,579.98,107540.0,1641.0,580.1772
2025-01-10 11:09:00-05:00,579.954,580.42,579.95,580.3956,70808.0,1351.0,580.2513
2025-01-10 11:10:00-05:00,580.39,580.47,580.22,580.33,133166.0,1655.0,580.3635
2025-01-10 11:11:00-05:00,580.34,580.39,580.01,580.16,93512.0,1535.0,580.1256
2025-01-10 11:12:00-05:00,580.15,580.56,580.005,580.28,146258.0,1910.0,580.258
2025-01-10 11:13:00-05:00,580.28,580.48,580.14,580.2399,162280.0,1927.0,580.3377
2025-01-10 11:14:00-05:00,580.21,580.32,580.05,580.08,87370.0,1391.0,580.2035
2025-01-10 11:15:00-05:00,580.08,580.26,579.89,580.13,103732.0,1688.0,580.0395
2025-01-10 11:16:00-05:00,580.11,580.34,580.0,580.21,78989.0,1449.0,580.1581
2025-01-10 11:17:00-05:00,580.2125,580.5178,580.18,580.31,69084.0,1385.0,580.2954
2025-01-10 11:18:00-05:00,580.32,580.37,580.08,580.09,72146.0,1415.0,580.2263
2025-01-10 11:19:00-05:00,580.09,580.1,579.75,579.82,236622.0,2011.0,585.1224
2025-01-10 11:20:00-05:00,579.825,580.28,579.79,580.2199,90360.0,1512.0,580.1028
2025-01-10 11:21:00-05:00,580.22,580.52,580.15,580.45,155191.0,1937.0,580.384
2025-01-10 11:22:00-05:00,580.45,580.6499,580.24,580.59,90464.0,1360.0,580.4886
2025-01-10 11:23:00-05:00,580.59,580.61,580.39,580.5126,58118.0,1310.0,580.4907
2025-01-10 11:24:00-05:00,580.54,580.55,580.33,580.41,60111.0,1260.0,580.4123
2025-01-10 11:25:00-05:00,580.4,580.62,580.395,580.58,59545.0,1149.0,580.5501
2025-01-10 11:26:00-05:00,580.605,580.64,580.19,580.24,130084.0,1834.0,580.4049
2025-01-10 11:27:00-05:00,580.22,580.22,579.69,579.96,135071.0,2106.0,579.9221
2025-01-10 11:28:00-05:00,579.96,580.015,579.7061,579.82,89530.0,1540.0,579.8376
2025-01-10 11:29:00-05:00,579.8,579.86,579.59,579.86,73461.0,1364.0,579.715
2025-01-10 11:30:00-05:00,579.87,579.87,579.39,579.57,87281.0,1990.0,579.5275
2025-01-10 11:31:00-05:00,579.57,580.09,579.42,579.83,128027.0,1663.0,579.7599
2025-01-10 11:32:00-05:00,579.8199,579.88,579.43,579.489,222715.0,1448.0,585.3487
2025-01-10 11:33:00-05:00,579.48,579.705,579.435,579.6841,87545.0,1300.0,579.5453
2025-01-10 11:34:00-05:00,579.7,579.825,579.5,579.585,129277.0,1433.0,579.6449
2025-01-10 11:35:00-05:00,579.575,579.68,579.53,579.68,65355.0,1221.0,579.5961
2025-01-10 11:36:00-05:00,579.68,579.76,579.44,579.75,67462.0,1251.0,579.567
2025-01-10 11:37:00-05:00,579.76,579.76,579.05,579.12,164739.0,2280.0,579.2646
2025-01-10 11:38:00-05:00,579.09,579.32,578.78,579.31,208939.0,3555.0,579.0045
2025-01-10 11:39:00-05:00,579.3,579.33,579.1,579.17,81301.0,1187.0,579.21
2025-01-10 11:40:00-05:00,579.19,579.75,579.19,579.66,141756.0,1727.0,579.4901
2025-01-10 11:41:00-05:00,579.69,580.14,579.68,580.0,121043.0,1691.0,579.9784
2025-01-10 11:42:00-05:00,579.98,580.31,579.98,580.14,119708.0,1804.0,580.1192
2025-01-10 11:43:00-05:00,580.12,580.43,580.01,580.37,115894.0,1742.0,580.3048
2025-01-10 11:44:00-05:00,580.37,580.61,580.36,580.54,128977.0,1692.0,580.5228
2025-01-10 11:45:00-05:00,580.53,580.81,580.4,580.5,156496.0,1981.0,580.6057
2025-01-10 11:46:00-05:00,580.5,580.59,580.18,580.18,129632.0,1909.0,580.4149
2025-01-10 11:47:00-05:00,580.17,580.2,579.9,579.98,133635.0,1759.0,580.0321
2025-01-10 11:48:00-05:00,580.03,580.14,579.67,580.1,131702.0,1628.0,579.9158
2025-01-10 11:49:00-05:00,580.09,580.13,579.81,579.88,59681.0,1143.0,580.022
2025-01-10 11:50:00-05:00,579.9,580.46,579.9,580.2805,86549.0,1375.0,580.3163
2025-01-10 11:51:00-05:00,580.3,580.32,580.0515,580.23,49864.0,1073.0,580.1836
2025-01-10 11:52:00-05:00,580.24,580.5835,580.07,580.57,66998.0,1141.0,580.3083
2025-01-10 11:53:00-05:00,580.54,580.58,580.19,580.23,65066.0,1216.0,580.3502
2025-01-10 11:54:00-05:00,580.22,580.37,580.156,580.21,42255.0,921.0,580.2644
2025-01-10 11:55:00-05:00,580.21,580.25,579.62,579.65,104266.0,1518.0,579.8882
2025-01-10 11:56:00-05:00,579.67,579.76,579.42,579.62,472157.0,1249.0,587.6988
2025-01-10 11:57:00-05:00,579.57,579.95,579.34,579.46,151041.0,1164.0,579.4559
2025-01-10 11:58:00-05:00,579.47,579.59,579.35,579.35,45797.0,1104.0,579.4685
2025-01-10 11:59:00-05:00,579.3809,579.43,579.01,579.095,80998.0,1352.0,579.1559
2025-01-10 12:00:00-05:00,579.12,579.24,578.97,579.12,105322.0,1597.0,579.1251
2025-01-10 12:01:00-05:00,579.14,579.28,579.11,579.25,34857.0,860.0,579.2045
2025-01-10 12:02:00-05:00,579.25,579.34,578.9216,578.96,50596.0,1161.0,579.082
2025-01-10 12:03:00-05:00,578.97,579.05,578.91,578.93,54399.0,1033.0,578.9658
2025-01-10 12:04:00-05:00,578.96,578.97,578.6,578.69,138302.0,2271.0,578.7119
2025-01-10 12:05:00-05:00,578.71,578.8699,578.6665,578.8,185672.0,1052.0,586.1955
2025-01-10 12:06:00-05:00,578.7789,579.0199,578.75,578.92,229607.0,1101.0,578.7813
2025-01-10 12:07:00-05:00,578.9116,578.98,578.805,578.98,51908.0,1051.0,578.8968
2025-01-10 12:08:00-05:00,578.96,578.965,578.765,578.8,52214.0,1053.0,578.8362
2025-01-10 12:09:00-05:00,578.795,578.835,578.55,578.705,86026.0,1359.0,578.668
2025-01-10 12:10:00-05:00,578.735,578.86,578.59,578.83,56418.0,963.0,578.7542
2025-01-10 12:11:00-05:00,578.84,579.01,578.7503,578.87,60240.0,1142.0,578.8799
2025-01-10 12:12:00-05:00,578.88,578.97,578.82,578.9001,61893.0,1013.0,578.8769
2025-01-10 12:13:00-05:00,578.88,578.95,578.78,578.91,46002.0,950.0,578.8841
2025-01-10 12:14:00-05:00,578.94,579.1,578.88,579.03,82551.0,1300.0,578.9931
2025-01-10 12:15:00-05:00,579.03,579.3,578.92,579.02,103988.0,1595.0,579.1544
2025-01-10 12:16:00-05:00,579.02,579.065,578.89,579.02,84657.0,1233.0,578.9677
2025-01-10 12:17:00-05:00,579.04,579.11,578.86,579.025,54300.0,952.0,579.0244
2025-01-10 12:18:00-05:00,579.065,579.52,579.05,579.2893,111711.0,1433.0,579.3156
2025-01-10 12:19:00-05:00,579.27,579.6277,579.27,579.54,74763.0,1310.0,579.4806
2025-01-10 12:20:00-05:00,579.52,579.6865,579.25,579.36,204273.0,1243.0,585.8039
2025-01-10 12:21:00-05:00,579.375,579.59,579.29,579.44,59454.0,1042.0,579.4481
2025-01-10 12:22:00-05:00,579.44,579.44,578.89,578.95,113638.0,1526.0,579.0623
2025-01-10 12:23:00-05:00,578.94,579.08,578.89,579.07,58313.0,867.0,578.9845
2025-01-10 12:24:00-05:00,579.05,579.3481,578.98,579.3,66177.0,958.0,579.1188
2025-01-10 12:25:00-05:00,579.3,579.56,579.3,579.55,102756.0,1240.0,579.449
2025-01-10 12:26:00-05:00,579.59,579.8899,579.59,579.71,108721.0,1436.0,579.7035
2025-01-10 12:27:00-05:00,579.69,579.79,579.28,579.39,82971.0,1393.0,579.5663
2025-01-10 12:28:00-05:00,579.4085,579.78,579.33,579.78,46582.0,981.0,579.6322
2025-01-10 12:29:00-05:00,579.76,580.09,579.76,580.0,89979.0,1305.0,579.9564
2025-01-10 12:30:00-05:00,579.98,580.14,579.945,580.05,79028.0,1206.0,580.0455
2025-01-10 12:31:00-05:00,580.03,580.1,579.9,580.03,65114.0,1083.0,580.0012
2025-01-10 12:32:00-05:00,580.02,580.14,579.99,580.105,49805.0,927.0,580.0675
2025-01-10 12:33:00-05:00,580.12,580.1601,580.01,580.16,41820.0,945.0,580.0715
2025-01-10 12:34:00-05:00,580.15,580.35,580.1,580.28,157279.0,1827.0,580.2463
2025-01-10 12:35:00-05:00,580.25,580.44,580.04,580.09,165396.0,1886.0,580.2773
2025-01-10 12:36:00-05:00,580.11,580.16,579.95,580.1179,82588.0,1202.0,580.039
2025-01-10 12:37:00-05:00,580.07,580.53,580.017966,580.435,64971.0,1078.0,580.2447
2025-01-10 12:38:00-05:00,580.4398,580.79,580.38,580.76,76805.0,1398.0,580.5678
2025-01-10 12:39:00-05:00,580.7487,580.89,580.54,580.55,72941.0,1352.0,580.6498
2025-01-10 12:40:00-05:00,580.54,580.89,580.5001,580.7308,99385.0,1584.0,580.6812
2025-01-10 12:41:00-05:00,580.76,581.02,580.76,580.92,101504.0,1589.0,580.9089
2025-01-10 12:42:00-05:00,580.9,581.15,580.87,581.0651,111179.0,1591.0,580.9864
2025-01-10 12:43:00-05:00,581.02,581.15,580.86,581.0,93624.0,1457.0,581.0113
2025-01-10 12:44:00-05:00,581.02,581.02,580.84,580.98,85206.0,1197.0,580.938
2025-01-10 12:45:00-05:00,580.95,580.99,580.74,580.74,68758.0,1223.0,580.9054
2025-01-10 12:46:00-05:00,580.74,580.98,580.58,580.84,68276.0,1045.0,580.7898
2025-01-10 12:47:00-05:00,580.825,581.09,580.82,581.075,75547.0,1163.0,580.9823
2025-01-10 12:48:00-05:00,581.0716,581.3,581.05,581.2759,67350.0,1253.0,581.1742
2025-01-10 12:49:00-05:00,581.27,581.35,581.11,581.14,329748.0,1134.0,587.7113
2025-01-10 12:50:00-05:00,581.15,581.2,580.93,581.17,75151.0,1307.0,581.0584
2025-01-10 12:51:00-05:00,581.18,581.24,581.1,581.185,47199.0,941.0,581.1733
2025-01-10 12:52:00-05:00,581.195,581.195,580.84,580.91,54962.0,1115.0,581.0035
2025-01-10 12:53:00-05:00,580.94,581.165,580.94,581.04,544185.0,973.0,581.0875
2025-01-10 12:54:00-05:00,581.075,581.26,581.02,581.22,42054.0,907.0,581.165
2025-01-10 12:55:00-05:00,581.24,581.42,581.09,581.24,50303.0,1036.0,581.2663
2025-01-10 12:56:00-05:00,581.24,581.47,581.24,581.42,31178.0,798.0,581.3574
2025-01-10 12:57:00-05:00,581.42,581.6,581.34,581.59,65807.0,1130.0,581.4687
2025-01-10 12:58:00-05:00,581.59,581.71,581.54,581.54,76886.0,1249.0,581.6428
2025-01-10 12:59:00-05:00,581.54,581.65,581.4599,581.56,74809.0,1028.0,581.5545
2025-01-10 13:00:00-05:00,581.55,581.585,581.0926,581.0926,87505.0,1306.0,581.4168
2025-01-10 13:01:00-05:00,581.08,581.4099,580.98,581.29,78358.0,1336.0,581.1155
2025-01-10 13:02:00-05:00,581.32,581.54,581.32,581.52,38559.0,871.0,581.4291
2025-01-10 13:03:00-05:00,581.51,581.59,581.36,581.41,58336.0,1084.0,581.5073
2025-01-10 13:04:00-05:00,581.425,581.425,581.14,581.18,48305.0,948.0,581.2396
2025-01-10 13:05:00-05:00,581.19,581.38,581.07,581.36,40945.0,938.0,581.2467
2025-01-10 13:06:00-05:00,581.34,581.54,581.31,581.54,54789.0,948.0,581.4066
2025-01-10 13:07:00-05:00,581.57,581.76,581.54,581.72,303858.0,1044.0,588.3333
2025-01-10 13:08:00-05:00,581.75,582.08,581.7318,582.05,118457.0,1538.0,581.9849
2025-01-10 13:09:00-05:00,582.0414,582.13,581.98,582.07,96973.0,1306.0,582.0489
2025-01-10 13:10:00-05:00,582.07,582.39,582.02,582.2574,132353.0,1565.0,582.2273
2025-01-10 13:11:00-05:00,582.25,582.33,582.1,582.25,59823.0,1191.0,582.2362
2025-01-10 13:12:00-05:00,582.27,582.3601,582.1,582.11,65828.0,1033.0,582.2473
2025-01-10 13:13:00-05:00,582.095,582.34,582.06,582.26,58522.0,898.0,582.2126
2025-01-10 13:14:00-05:00,582.25,582.2901,582.02,582.14,78134.0,1033.0,582.1592
2025-01-10 13:15:00-05:00,582.16,582.23,581.96,582.02,62107.0,1066.0,582.1048
2025-01-10 13:16:00-05:00,582.04,582.13,581.775,581.9124,124081.0,1545.0,581.8925
2025-01-10 13:17:00-05:00,581.9,582.06,581.81,582.0,91709.0,1288.0,581.942
2025-01-10 13:18:00-05:00,582.0,582.2199,581.93,582.2,65601.0,1056.0,582.0503
2025-01-10 13:19:00-05:00,582.2,582.41,582.17,582.28,53686.0,1029.0,582.2822
2025-01-10 13:20:00-05:00,582.28,582.51,582.26,582.42,70357.0,1025.0,582.4193
2025-01-10 13:21:00-05:00,582.4,582.52,582.35,582.36,48966.0,887.0,582.4492
2025-01-10 13:22:00-05:00,582.35,582.54,582.35,582.52,56679.0,891.0,582.4624
2025-01-10 13:23:00-05:00,582.52,583.1,582.52,583.06,136123.0,1474.0,582.8257
2025-01-10 13:24:00-05:00,583.065,583.4,583.06,583.23,115735.0,1481.0,583.2674
2025-01-10 13:25:00-05:00,583.24,583.35,582.9843,583.23,134364.0,1609.0,583.1694
2025-01-10 13:26:00-05:00,583.23,583.34,583.155,583.32,62106.0,1046.0,583.248
2025-01-10 13:27:00-05:00,583.31,583.54,583.22,583.525,146717.0,1295.0,583.3533
2025-01-10 13:28:00-05:00,583.5299,583.75,583.33,583.4301,166499.0,2007.0,583.5505
2025-01-10 13:29:00-05:00,583.45,583.465,583.13,583.24,159546.0,1510.0,583.2643
2025-01-10 13:30:00-05:00,583.24,583.3299,582.69,582.71,108469.0,1720.0,582.9949
2025-01-10 13:31:00-05:00,582.7,583.03,582.62,583.03,101909.0,1582.0,582.7939
2025-01-10 13:32:00-05:00,583.05,583.1999,582.81,583.1999,94873.0,1332.0,582.9456
2025-01-10 13:33:00-05:00,583.17,583.4,583.13,583.38,78102.0,1263.0,583.2471
2025-01-10 13:34:00-05:00,583.37,583.54,583.29,583.3999,55724.0,969.0,583.4376
2025-01-10 13:35:00-05:00,583.38,583.38,583.23,583.34,77502.0,1294.0,583.3071
2025-01-10 13:36:00-05:00,583.36,583.4677,583.1401,583.43,62241.0,1111.0,583.3369
2025-01-10 13:37:00-05:00,583.4,583.83,583.35,583.73,93504.0,1166.0,583.639
2025-01-10 13:38:00-05:00,583.71,583.71,583.42,583.445,196623.0,1006.0,587.4782
2025-01-10 13:39:00-05:00,583.445,583.7,583.43,583.55,33355.0,807.0,583.5755
2025-01-10 13:40:00-05:00,583.555,583.78,583.5,583.71,46045.0,827.0,583.6679
2025-01-10 13:41:00-05:00,583.69,583.69,583.46,583.46,54274.0,850.0,583.5378
2025-01-10 13:42:00-05:00,583.47,583.52,583.35,583.4,95370.0,1065.0,583.4328
2025-01-10 13:43:00-05:00,583.36,583.39,583.11,583.37,88812.0,1151.0,583.2276
2025-01-10 13:44:00-05:00,583.4,583.45,583.28,583.35,27546.0,637.0,583.3685
2025-01-10 13:45:00-05:00,583.38,583.59,583.33,583.59,35515.0,823.0,583.4421
2025-01-10 13:46:00-05:00,583.58,583.595,583.26,583.29,27643.0,678.0,583.4419
2025-01-10 13:47:00-05:00,583.32,583.345,583.06,583.0901,78977.0,1193.0,583.1379
2025-01-10 13:48:00-05:00,583.1,583.225,583.07,583.15,33710.0,834.0,583.148
2025-01-10 13:49:00-05:00,583.16,583.9062,583.16,583.87,136691.0,1378.0,583.6423
2025-01-10 13:50:00-05:00,583.84,583.84,583.57,583.8,56331.0,896.0,583.7344
2025-01-10 13:51:00-05:00,583.8,583.96,583.65,583.88,54447.0,884.0,583.8117
2025-01-10 13:52:00-05:00,583.85,583.87,583.31,583.37,76137.0,1035.0,583.5564
2025-01-10 13:53:00-05:00,583.37,583.76,583.23,583.76,37649.0,817.0,583.4996
2025-01-10 13:54:00-05:00,583.77,583.94,583.67,583.72,62962.0,861.0,583.8021
2025-01-10 13:55:00-05:00,583.67,584.08,583.65,583.905,75755.0,1105.0,583.9164
2025-01-10 13:56:00-05:00,583.9159,584.14,583.87,584.13,38546.0,875.0,583.9759
2025-01-10 13:57:00-05:00,584.14,584.5,584.13,584.46,203439.0,1603.0,584.3655
2025-01-10 13:58:00-05:00,584.45,584.49,584.12,584.37,131850.0,1835.0,584.2906
2025-01-10 13:59:00-05:00,584.39,584.5,584.37,584.42,60541.0,905.0,584.4479
2025-01-10 14:00:00-05:00,584.435,584.46,584.04,584.08,94013.0,1244.0,584.243
2025-01-10 14:01:00-05:00,584.04,584.04,583.72,583.84,167029.0,1718.0,583.8486
2025-01-10 14:02:00-05:00,583.85,583.87,583.6,583.79,118304.0,1455.0,583.7235
2025-01-10 14:03:00-05:00,583.77,583.77,583.36,583.43,142613.0,1656.0,583.5391
2025-01-10 14:04:00-05:00,583.38,583.48,583.21,583.265,95076.0,1450.0,583.3431
2025-01-10 14:05:00-05:00,583.2786,583.31,582.56,582.72,168163.0,2305.0,582.8676
2025-01-10 14:06:00-05:00,582.75,582.83,582.45,582.62,127981.0,1654.0,582.6691
2025-01-10 14:07:00-05:00,582.59,582.67,582.27,582.43,158354.0,1756.0,582.4584
2025-01-10 14:08:00-05:00,582.44,582.48,582.26,582.4,162798.0,1364.0,582.3811
2025-01-10 14:09:00-05:00,582.4,582.53,581.87,581.9,404025.0,3215.0,582.0973
2025-01-10 14:10:00-05:00,581.905,582.1885,581.62,582.17,226123.0,2414.0,581.8309
2025-01-10 14:11:00-05:00,582.16,582.36,581.99,582.205,133915.0,1551.0,582.1917
2025-01-10 14:12:00-05:00,582.24,582.416,582.17,582.27,86503.0,1212.0,582.2725
2025-01-10 14:13:00-05:00,582.26,582.36,582.07,582.09,109610.0,1345.0,582.1963
2025-01-10 14:14:00-05:00,582.1,582.3275,582.05,582.06,133869.0,1459.0,582.1909
2025-01-10 14:15:00-05:00,582.07,582.25,581.99,582.24,73694.0,993.0,582.1271
2025-01-10 14:16:00-05:00,582.25,582.37,582.0,582.32,71177.0,1043.0,582.2132
2025-01-10 14:17:00-05:00,582.33,582.42,581.96,582.19,111470.0,1245.0,582.1736
2025-01-10 14:18:00-05:00,582.1801,582.34,582.11,582.28,57921.0,866.0,582.2242
2025-01-10 14:19:00-05:00,582.285,582.39,582.2374,582.24,53952.0,858.0,582.302
2025-01-10 14:20:00-05:00,582.23,582.28,581.93,581.96,93610.0,1234.0,582.0615
2025-01-10 14:21:00-05:00,581.9533,582.08,581.66,581.73,113502.0,1359.0,581.8587
2025-01-10 14:22:00-05:00,581.765,581.885,581.58,581.71,177103.0,2091.0,581.7238
2025-01-10 14:23:00-05:00,581.72,581.89,581.72,581.88,53127.0,854.0,581.6888
2025-01-10 14:24:00-05:00,581.9,582.15,581.86,582.01,93081.0,1310.0,581.9635
2025-01-10 14:25:00-05:00,582.04,582.2999,582.04,582.2,110777.0,1260.0,582.2028
2025-01-10 14:26:00-05:00,582.19,582.69,582.17,582.65,73596.0,1175.0,582.4394
2025-01-10 14:27:00-05:00,582.66,582.94,582.6,582.855,120511.0,1352.0,582.7862
2025-01-10 14:28:00-05:00,582.88,582.98,582.74,582.74,111334.0,1361.0,582.8715
2025-01-10 14:29:00-05:00,582.73,582.905,582.59,582.6,85995.0,1105.0,582.7471
2025-01-10 14:30:00-05:00,582.61,582.62,582.22,582.25,71178.0,1073.0,582.4077
2025-01-10 14:31:00-05:00,582.23,582.27,581.87,582.22,81666.0,1129.0,582.0894
2025-01-10 14:32:00-05:00,582.22,582.32,582.1503,582.3,32547.0,690.0,582.2448
2025-01-10 14:33:00-05:00,582.27,582.3021,582.0309,582.12,53470.0,678.0,582.145
2025-01-10 14:34:00-05:00,582.08,582.16,581.85,581.865,252927.0,1003.0,582.1517
2025-01-10 14:35:00-05:00,581.84,582.06,581.82,581.98,53957.0,829.0,581.9315
2025-01-10 14:36:00-05:00,581.97,581.97,581.7201,581.86,60623.0,911.0,581.8218
2025-01-10 14:37:00-05:00,581.88,582.06,581.58,581.75,76194.0,1178.0,581.8014
2025-01-10 14:38:00-05:00,581.77,581.94,581.685,581.88,47398.0,798.0,581.7997
2025-01-10 14:39:00-05:00,581.91,582.17,581.91,582.14,56161.0,896.0,582.048
2025-01-10 14:40:00-05:00,582.14,582.31,581.98,582.29,91164.0,1188.0,582.212
2025-01-10 14:41:00-05:00,582.3,582.33,581.95,582.12,200745.0,1060.0,586.8884
2025-01-10 14:42:00-05:00,582.12,582.12,581.6821,581.6821,61886.0,1074.0,581.9126
2025-01-10 14:43:00-05:00,581.7,581.94,581.61,581.92,56105.0,888.0,581.7625
2025-01-10 14:44:00-05:00,581.9201,582.05,581.85,581.9,74815.0,982.0,581.9413
2025-01-10 14:45:00-05:00,581.91,582.02,581.8242,581.84,186193.0,883.0,587.1884
2025-01-10 14:46:00-05:00,581.845,581.87,581.64,581.73,81977.0,1159.0,581.748
2025-01-10 14:47:00-05:00,581.7,581.87,581.6,581.72,61369.0,997.0,581.6983
2025-01-10 14:48:00-05:00,581.7,581.7,581.47,581.6199,87010.0,1333.0,581.5786
2025-01-10 14:49:00-05:00,581.62,581.82,581.3,581.34,94895.0,1456.0,581.5027
2025-01-10 14:50:00-05:00,581.33,581.75,581.23,581.69,86728.0,1256.0,581.5112
2025-01-10 14:51:00-05:00,581.65,581.795,581.61,581.74,71401.0,1044.0,581.7086
2025-01-10 14:52:00-05:00,581.74,581.9385,581.57,581.9002,83008.0,1310.0,581.7158
2025-01-10 14:53:00-05:00,581.9,581.97,581.71,581.81,80125.0,1201.0,581.8396
2025-01-10 14:54:00-05:00,581.819,582.0058,581.81,581.99,45549.0,880.0,581.9133
2025-01-10 14:55:00-05:00,581.9505,582.22,581.86,582.16,91164.0,1346.0,582.0682
2025-01-10 14:56:00-05:00,582.15,582.22,582.06,582.11,58753.0,976.0,582.1387
2025-01-10 14:57:00-05:00,582.105,582.5,581.96,582.3,127337.0,1774.0,582.268
2025-01-10 14:58:00-05:00,582.3,582.37,582.05,582.09,78780.0,1180.0,582.1681
2025-01-10 14:59:00-05:00,582.11,582.19,581.86,582.1,63232.0,1123.0,582.0147
2025-01-10 15:00:00-05:00,582.09,582.1,581.57,581.59,90814.0,1311.0,581.8587
2025-01-10 15:01:00-05:00,581.59,581.66,581.46,581.57,101996.0,1379.0,581.5459
2025-01-10 15:02:00-05:00,581.6,582.0401,581.435,582.03,77761.0,1167.0,581.6858
2025-01-10 15:03:00-05:00,582.03,582.24,581.96,582.17,117266.0,1203.0,582.0572
2025-01-10 15:04:00-05:00,582.14,582.1799,581.89,581.93,50101.0,868.0,581.9834
2025-01-10 15:05:00-05:00,581.93,582.21,581.8071,581.98,65170.0,1095.0,582.0149
2025-01-10 15:06:00-05:00,581.97,582.37,581.97,582.3,57012.0,891.0,582.2313
2025-01-10 15:07:00-05:00,582.2,582.29,582.02,582.16,194211.0,1080.0,587.048
2025-01-10 15:08:00-05:00,582.15,582.17,581.9,582.03,54730.0,910.0,582.0354
2025-01-10 15:09:00-05:00,582.02,582.04,581.75,581.77,58705.0,934.0,581.8886
2025-01-10 15:10:00-05:00,581.77,581.87,581.65,581.86,68496.0,1070.0,581.7627
2025-01-10 15:11:00-05:00,581.84,581.88,581.625,581.66,55299.0,873.0,581.7284
2025-01-10 15:12:00-05:00,581.65,581.69,581.22,581.3,288122.0,1900.0,585.0243
2025-01-10 15:13:00-05:00,581.34,581.35,581.07,581.09,214748.0,2276.0,581.2368
2025-01-10 15:14:00-05:00,581.12,581.1699,580.61,580.74,221504.0,2925.0,580.8144
2025-01-10 15:15:00-05:00,580.71,581.025,580.71,580.97,152517.0,1753.0,580.8821
2025-01-10 15:16:00-05:00,580.93,580.93,580.24,580.325,638866.0,2132.0,582.5032
2025-01-10 15:17:00-05:00,580.31,580.44,579.97,580.2999,230699.0,3101.0,580.1849
2025-01-10 15:18:00-05:00,580.3399,580.39,580.1,580.255,118689.0,1509.0,580.2164
2025-01-10 15:19:00-05:00,580.28,580.38,580.1,580.3093,109120.0,1355.0,580.2475
2025-01-10 15:20:00-05:00,580.3099,580.59,580.29,580.53,140368.0,1654.0,580.445
2025-01-10 15:21:00-05:00,580.53,580.605,580.1687,580.6,108367.0,1543.0,580.4198
2025-01-10 15:22:00-05:00,580.6,580.73,580.43,580.69,278163.0,1801.0,584.7125
2025-01-10 15:23:00-05:00,580.69,580.8,580.51,580.63,149798.0,1503.0,580.6218
2025-01-10 15:24:00-05:00,580.63,580.77,580.46,580.51,256466.0,1347.0,585.0681
2025-01-10 15:25:00-05:00,580.51,580.6,580.39,580.47,101862.0,1152.0,580.4947
2025-01-10 15:26:00-05:00,580.47,580.51,580.34,580.45,97958.0,1315.0,580.4393
2025-01-10 15:27:00-05:00,580.45,580.51,580.1,580.34,149550.0,1764.0,580.2974
2025-01-10 15:28:00-05:00,580.34,580.4,580.25,580.27,94767.0,1062.0,580.3032
2025-01-10 15:29:00-05:00,580.29,580.43,580.09,580.33,141984.0,1592.0,580.2731
2025-01-10 15:30:00-05:00,580.3318,580.49,580.19,580.49,121282.0,1528.0,580.3438
2025-01-10 15:31:00-05:00,580.49,580.52,580.05,580.09,134610.0,2005.0,580.2145
2025-01-10 15:32:00-05:00,580.09,580.19,579.7,579.78,189342.0,2474.0,579.8571
2025-01-10 15:33:00-05:00,579.82,580.05,579.7495,579.85,126317.0,1699.0,579.8979
2025-01-10 15:34:00-05:00,579.88,580.12,579.811,580.12,366358.0,1563.0,586.6725
2025-01-10 15:35:00-05:00,580.09,580.3675,580.0201,580.29,164453.0,1882.0,580.2373
2025-01-10 15:36:00-05:00,580.29,580.43,580.16,580.2,291461.0,1936.0,584.3715
2025-01-10 15:37:00-05:00,580.19,580.64,580.14,580.63,328439.0,2137.0,583.9539
2025-01-10 15:38:00-05:00,580.64,581.12,580.59,581.075,265134.0,2932.0,580.8512
2025-01-10 15:39:00-05:00,581.08,581.095,580.45,580.45,222468.0,2705.0,580.6833
2025-01-10 15:40:00-05:00,580.46,580.57,580.3,580.4201,227968.0,2364.0,580.4521
2025-01-10 15:41:00-05:00,580.42,580.49,580.2,580.2101,137215.0,1724.0,580.3266
2025-01-10 15:42:00-05:00,580.23,580.52,580.01,580.5,248423.0,2192.0,580.2532
2025-01-10 15:43:00-05:00,580.48,580.95,580.465,580.75,310723.0,2603.0,580.7439
2025-01-10 15:44:00-05:00,580.7401,580.76,580.355,580.43,210342.0,1861.0,580.5212
2025-01-10 15:45:00-05:00,580.43,580.43,580.06,580.295,302506.0,2681.0,580.256
2025-01-10 15:46:00-05:00,580.28,580.28,580.01,580.21,268480.0,2232.0,580.1593
2025-01-10 15:47:00-05:00,580.23,580.34,580.08,580.2799,111559.0,1531.0,580.2096
2025-01-10 15:48:00-05:00,580.28,580.335,580.0,580.13,204442.0,2154.0,580.1416
2025-01-10 15:49:00-05:00,580.15,580.48,580.12,580.155,367193.0,2175.0,583.4926
2025-01-10 15:50:00-05:00,580.13,580.56,579.78,580.54,292875.0,3332.0,580.1584
2025-01-10 15:51:00-05:00,580.52,580.56,580.18,580.25,166019.0,2271.0,580.3467
2025-01-10 15:52:00-05:00,580.21,580.89,580.18,580.83,173976.0,2066.0,580.5008
2025-01-10 15:53:00-05:00,580.7993,580.81,580.5,580.675,190078.0,2166.0,580.6385
2025-01-10 15:54:00-05:00,580.66,580.97,580.59,580.92,382996.0,2571.0,583.7224
2025-01-10 15:55:00-05:00,580.94,580.94,580.37,580.665,294779.0,3426.0,580.5964
2025-01-10 15:56:00-05:00,580.67,580.9,580.505,580.855,227050.0,2546.0,580.7193
2025-01-10 15:57:00-05:00,580.86,581.03,580.67,580.975,322100.0,3451.0,580.9009
2025-01-10 15:58:00-05:00,580.975,581.04,580.76,580.77,471770.0,4482.0,580.9084
2025-01-10 15:59:00-05:00,580.79,581.02,580.32,580.51,1877729.0,10294.0,580.6004
2025-01-10 16:00:00-05:00,580.57,580.86,580.49,580.71,284532.0,624.0,584.6752
2025-01-10 16:01:00-05:00,580.7,580.7001,580.15,580.15,81028.0,382.0,580.3642
2025-01-10 16:02:00-05:00,580.13,580.36,580.06,580.36,249940.0,445.0,584.9735
2025-01-10 16:03:00-05:00,580.38,580.54,580.31,580.44,114971.0,398.0,580.5927
2025-01-10 16:04:00-05:00,580.43,580.48,580.34,580.36,1054434.0,208.0,580.5692
2025-01-10 16:05:00-05:00,580.36,580.36,580.08,580.1499,28557.0,236.0,580.2304
2025-01-10 16:06:00-05:00,580.1392,580.14,579.96,579.97,18848.0,225.0,580.0508
2025-01-10 16:07:00-05:00,579.97,580.02,579.78,579.78,205893.0,333.0,580.4007
2025-01-10 16:08:00-05:00,579.83,580.08,579.75,580.08,64209.0,313.0,579.9856
2025-01-10 16:09:00-05:00,580.12,580.12,579.96,580.07,36896.0,156.0,580.0854
2025-01-10 16:10:00-05:00,580.0,580.15,579.97,580.0481,4934790.0,151.0,580.5529
2025-01-10 16:11:00-05:00,580.03,580.03,579.94,580.0,866076.0,109.0,580.5765
2025-01-10 16:12:00-05:00,580.0,580.15,579.98,580.08,27063.0,148.0,580.0675
2025-01-10 16:13:00-05:00,580.14,580.15,579.93,579.93,29026.0,187.0,580.0334
2025-01-10 16:14:00-05:00,579.93,580.35,579.93,580.35,321133.0,340.0,587.6478
2025-01-10 16:15:00-05:00,580.27,580.3003,580.2,580.3003,23094.0,148.0,580.2633
2025-01-10 16:16:00-05:00,580.39,580.6,580.38,580.56,23877.0,110.0,580.4725
2025-01-10 16:17:00-05:00,580.48,580.6,580.45,580.5,15322.0,96.0,580.5038
2025-01-10 16:18:00-05:00,580.58,580.61,580.5,580.5,13690.0,63.0,580.5866
2025-01-10 16:19:00-05:00,580.5,580.5,580.42,580.45,14769.0,105.0,580.4461
2025-01-10 16:20:00-05:00,580.42,580.47,580.4,580.41,28999.0,124.0,580.4111
2025-01-10 16:21:00-05:00,580.4,580.45,580.37,580.37,11114.0,77.0,580.4294
2025-01-10 16:22:00-05:00,580.38,580.38,580.33,580.33,3369.0,44.0,580.3409
2025-01-10 16:23:00-05:00,580.3,580.3,580.25,580.26,6309.0,80.0,580.2626
2025-01-10 16:24:00-05:00,580.2799,580.3,580.2401,580.27,4081.0,53.0,580.2758
2025-01-10 16:25:00-05:00,580.27,580.3,580.13,580.13,22878.0,119.0,580.2439
2025-01-10 16:26:00-05:00,580.2,580.21,580.18,580.1999,2715.0,27.0,580.1993
2025-01-10 16:27:00-05:00,580.2,580.225,580.17,580.225,6446.0,56.0,580.2055
2025-01-10 16:28:00-05:00,580.16,580.16,580.15,580.15,1295.0,32.0,580.155
2025-01-10 16:29:00-05:00,580.15,580.15,580.15,580.15,1150.0,29.0,580.1506
2025-01-10 16:30:00-05:00,580.17,580.21,580.14,580.2,5909.0,38.0,580.1901
2025-01-10 16:31:00-05:00,580.15,580.15,580.15,580.15,439.0,22.0,580.1491
2025-01-10 16:32:00-05:00,580.1796,580.2,580.15,580.18,2487.0,42.0,580.1788
2025-01-10 16:33:00-05:00,580.17,580.19,580.04,580.04,8111.0,81.0,580.0946
2025-01-10 16:34:00-05:00,580.03,580.07,580.03,580.07,16088.0,88.0,580.0653
2025-01-10 16:35:00-05:00,580.05,580.14,580.05,580.14,9193.0,44.0,580.134
2025-01-10 16:36:00-05:00,580.14,580.14,580.06,580.08,24312.0,75.0,580.0911
2025-01-10 16:37:00-05:00,580.1,580.1,580.05,580.05,1737.0,45.0,580.0874
2025-01-10 16:38:00-05:00,580.0,580.01,579.9692,579.9692,3118.0,78.0,579.9967
2025-01-10 16:39:00-05:00,579.96,579.97,579.9,579.93,4766.0,63.0,579.9361
2025-01-10 16:40:00-05:00,579.96,579.96,579.95,579.95,449.0,26.0,579.9572
2025-01-10 16:41:00-05:00,579.9999,580.02,579.97,580.02,1455.0,30.0,579.9817
2025-01-10 16:42:00-05:00,580.02,580.02,579.96,579.96,3602.0,44.0,579.9825
2025-01-10 16:43:00-05:00,579.95,579.96,579.91,579.95,25346.0,50.0,579.9148
2025-01-10 16:44:00-05:00,579.95,579.97,579.95,579.97,16795.0,121.0,579.9605
2025-01-10 16:45:00-05:00,580.03,580.05,579.91,579.91,27522.0,113.0,579.9912
2025-01-10 16:46:00-05:00,579.91,580.03,579.91,580.03,15547.0,61.0,579.9432
2025-01-10 16:47:00-05:00,580.05,580.1,580.05,580.09,4223.0,40.0,580.0656
2025-01-10 16:48:00-05:00,580.05,580.05,580.05,580.05,850.0,28.0,580.0536
2025-01-10 16:49:00-05:00,580.1,580.14,580.09,580.09,4115.0,69.0,580.1077
2025-01-10 16:50:00-05:00,580.09,580.18,580.0799,580.16,3912.0,51.0,580.1106
2025-01-10 16:51:00-05:00,580.1599,580.1599,580.11,580.1501,1998.0,28.0,580.1358
2025-01-10 16:52:00-05:00,580.1299,580.1299,580.1299,580.1299,1166.0,23.0,580.1325
2025-01-10 16:53:00-05:00,580.11,580.11,580.11,580.11,467.0,21.0,580.1242
2025-01-10 16:54:00-05:00,580.12,580.12,580.0,580.0,1514.0,41.0,580.0305
2025-01-10 16:55:00-05:00,579.98,580.08,579.98,580.08,25877.0,76.0,579.9833
2025-01-10 16:56:00-05:00,580.0001,580.02,580.0001,580.01,2724.0,44.0,580.0173
2025-01-10 16:57:00-05:00,580.02,580.02,579.9799,579.98,27243.0,73.0,579.9825
2025-01-10 16:58:00-05:00,579.99,580.0,579.9,579.93,5619.0,75.0,579.9538
2025-01-10 16:59:00-05:00,579.95,580.06,579.93,580.03,2764.0,43.0,579.9962
2025-01-10 17:00:00-05:00,580.03,580.03,579.9799,579.98,13239.0,64.0,579.9817
2025-01-10 17:01:00-05:00,579.97,579.98,579.87,579.87,13280.0,72.0,579.9526
2025-01-10 17:02:00-05:00,579.95,579.95,579.92,579.92,521.0,21.0,579.9352
2025-01-10 17:03:00-05:00,579.97,579.97,579.94,579.94,10270.0,28.0,579.9663
2025-01-10 17:04:00-05:00,579.98,580.05,579.98,580.05,5054.0,33.0,580.0221
2025-01-10 17:05:00-05:00,580.04,580.1,579.89,579.89,14735.0,101.0,579.9896
2025-01-10 17:06:00-05:00,579.89,579.89,579.79,579.87,14916.0,130.0,579.8286
2025-01-10 17:07:00-05:00,579.87,579.87,579.87,579.87,0.0,0.0,0.0
2025-01-10 17:08:00-05:00,579.87,579.87,579.87,579.87,0.0,0.0,0.0
2025-01-10 17:09:00-05:00,579.97,579.98,579.97,579.98,1228.0,19.0,579.9746
2025-01-10 17:10:00-05:00,579.97,580.01,579.97,580.0,1961.0,26.0,579.9963
2025-01-10 17:11:00-05:00,580.05,580.05,580.0,580.0,2750.0,52.0,580.0061
2025-01-10 17:12:00-05:00,579.99,580.0,579.91,579.91,3186.0,29.0,579.9759
2025-01-10 17:13:00-05:00,579.9108,580.0,579.9108,579.95,1704.0,20.0,579.9717
2025-01-10 17:14:00-05:00,580.02,580.02,580.02,580.02,414.0,12.0,580.0127
2025-01-10 17:15:00-05:00,580.05,580.06,580.05,580.06,1184.0,24.0,580.0514
2025-01-10 17:16:00-05:00,579.96,579.96,579.96,579.96,184.0,18.0,579.9834
2025-01-10 17:17:00-05:00,579.96,579.96,579.96,579.96,0.0,0.0,0.0
2025-01-10 17:18:00-05:00,579.96,579.96,579.96,579.96,0.0,0.0,0.0
2025-01-10 17:19:00-05:00,580.06,580.06,580.06,580.06,1679.0,21.0,580.0594
2025-01-10 17:20:00-05:00,580.01,580.06,579.95,580.06,1459.0,36.0,579.9916
2025-01-10 17:21:00-05:00,580.0001,580.0001,580.0001,580.0001,472.0,13.0,580.0009
2025-01-10 17:22:00-05:00,580.03,580.03,580.01,580.01,254.0,19.0,580.0273
2025-01-10 17:23:00-05:00,580.05,580.06,580.05,580.05,3571.0,33.0,580.0511
2025-01-10 17:24:00-05:00,580.05,580.05,580.05,580.05,217.0,11.0,580.0495
2025-01-10 17:25:00-05:00,580.05,580.05,580.05,580.05,901.0,17.0,580.0491
2025-01-10 17:26:00-05:00,580.05,580.05,580.05,580.05,0.0,0.0,0.0
2025-01-10 17:27:00-05:00,580.05,580.05,580.05,580.05,386.0,23.0,580.0383
2025-01-10 17:28:00-05:00,580.05,580.05,580.05,580.05,0.0,0.0,0.0
2025-01-10 17:29:00-05:00,580.021,580.021,580.021,580.021,210.0,13.0,580.0333
2025-01-10 17:30:00-05:00,580.021,580.021,580.021,580.021,0.0,0.0,0.0
2025-01-10 17:31:00-05:00,580.03,580.05,580.03,580.05,3175.0,37.0,580.0399
2025-01-10 17:32:00-05:00,580.05,580.05,580.05,580.05,0.0,0.0,0.0
2025-01-10 17:33:00-05:00,580.05,580.05,580.05,580.05,0.0,0.0,0.0
2025-01-10 17:34:00-05:00,580.05,580.05,580.05,580.05,716.0,6.0,580.0499
2025-01-10 17:35:00-05:00,580.05,580.05,580.05,580.05,333.0,38.0,580.0417
2025-01-10 17:36:00-05:00,580.05,580.05,580.05,580.05,2042.0,19.0,580.0497
2025-01-10 17:37:00-05:00,580.04,580.04,580.04,580.04,388.0,24.0,580.0358
2025-01-10 17:38:00-05:00,580.04,580.04,580.04,580.04,0.0,0.0,0.0
2025-01-10 17:39:00-05:00,580.01,580.01,579.95,579.95,1462.0,40.0,579.9693
2025-01-10 17:40:00-05:00,580.04,580.04,580.04,580.04,671.0,16.0,580.0392
2025-01-10 17:41:00-05:00,579.9799,579.9799,579.95,579.95,648.0,26.0,579.9645
2025-01-10 17:42:00-05:00,579.95,579.95,579.95,579.95,0.0,0.0,0.0
2025-01-10 17:43:00-05:00,579.9799,579.9799,579.9799,579.9799,726.0,18.0,579.9798
2025-01-10 17:44:00-05:00,579.9799,579.9799,579.9799,579.9799,0.0,0.0,0.0
2025-01-10 17:45:00-05:00,579.9799,579.9799,579.9799,579.9799,0.0,0.0,0.0
2025-01-10 17:46:00-05:00,579.96,579.96,579.9487,579.95,3116.0,31.0,579.9515
2025-01-10 17:47:00-05:00,579.925,579.925,579.925,579.925,164.0,18.0,579.9228
2025-01-10 17:48:00-05:00,579.95,579.95,579.95,579.95,1038.0,17.0,579.9497
2025-01-10 17:49:00-05:00,579.95,579.95,579.95,579.95,0.0,0.0,0.0
2025-01-10 17:50:00-05:00,579.9,579.9,579.9,579.9,539.0,18.0,579.9085
2025-01-10 17:51:00-05:00,579.9,579.9,579.9,579.9,0.0,0.0,0.0
2025-01-10 17:52:00-05:00,579.9,579.9,579.9,579.9,0.0,0.0,0.0
2025-01-10 17:53:00-05:00,579.9,579.9,579.9,579.9,0.0,0.0,0.0
2025-01-10 17:54:00-05:00,579.9,579.9,579.9,579.9,0.0,0.0,0.0
2025-01-10 17:55:00-05:00,579.92,579.95,579.91,579.91,893.0,21.0,579.9222
2025-01-10 17:56:00-05:00,579.91,579.91,579.91,579.91,0.0,0.0,0.0
2025-01-10 17:57:00-05:00,579.95,579.95,579.95,579.95,556.0,21.0,579.9486
2025-01-10 17:58:00-05:00,579.95,579.95,579.95,579.95,100243.0,18.0,580.4887
2025-01-10 17:59:00-05:00,579.95,579.95,579.95,579.95,1492.0,21.0,579.9477
2025-01-10 18:00:00-05:00,579.98,580.01,579.98,580.01,2225.0,23.0,579.9975
2025-01-10 18:01:00-05:00,580.03,580.03,580.0,580.0,431.0,16.0,580.0149
2025-01-10 18:02:00-05:00,580.0299,580.03,580.0001,580.0001,1397.0,23.0,580.0228
2025-01-10 18:03:00-05:00,580.01,580.01,580.01,580.01,278.0,19.0,580.0091
2025-01-10 18:04:00-05:00,580.03,580.03,580.03,580.03,513.0,19.0,580.0289
2025-01-10 18:05:00-05:00,580.03,580.03,580.03,580.03,0.0,0.0,0.0
2025-01-10 18:06:00-05:00,580.02,580.02,580.02,580.02,229.0,21.0,580.0169
2025-01-10 18:07:00-05:00,580.02,580.02,580.0,580.0,779.0,26.0,580.0126
2025-01-10 18:08:00-05:00,580.0,580.0,580.0,580.0,0.0,0.0,0.0
2025-01-10 18:09:00-05:00,580.0,580.0,580.0,580.0,0.0,0.0,0.0
2025-01-10 18:10:00-05:00,579.96,579.96,579.8996,579.9,5089.0,38.0,579.9072
2025-01-10 18:11:00-05:00,579.88,579.88,579.87,579.87,653.0,14.0,579.8762
2025-01-10 18:12:00-05:00,579.85,579.85,579.85,579.85,245.0,21.0,579.849
2025-01-10 18:13:00-05:00,579.85,579.85,579.85,579.85,1075.0,34.0,579.8514
2025-01-10 18:14:00-05:00,579.8,579.8,579.8,579.8,1011.0,19.0,579.8004
2025-01-10 18:15:00-05:00,579.8499,579.85,579.8499,579.85,801.0,34.0,579.8469
2025-01-10 18:16:00-05:00,579.85,579.85,579.85,579.85,0.0,0.0,0.0
2025-01-10 18:17:00-05:00,579.85,579.85,579.85,579.85,0.0,0.0,0.0
2025-01-10 18:18:00-05:00,579.8,579.8,579.7,579.7,5129.0,87.0,579.7503
2025-01-10 18:19:00-05:00,579.83,579.83,579.83,579.83,137.0,10.0,579.8278
2025-01-10 18:20:00-05:00,579.83,579.83,579.83,579.83,0.0,0.0,0.0
2025-01-10 18:21:00-05:00,579.83,579.83,579.83,579.83,0.0,0.0,0.0
2025-01-10 18:22:00-05:00,579.77,579.77,579.77,579.77,373.0,22.0,579.7706
2025-01-10 18:23:00-05:00,579.7005,579.7052,579.7005,579.7052,1190.0,17.0,579.7049
2025-01-10 18:24:00-05:00,579.7699,579.7699,579.74,579.74,778.0,22.0,579.7445
2025-01-10 18:25:00-05:00,579.74,579.74,579.74,579.74,650.0,21.0,579.7399
2025-01-10 18:26:00-05:00,579.72,579.72,579.7099,579.7099,880.0,20.0,579.1884
2025-01-10 18:27:00-05:00,579.71,579.87,579.7,579.87,1463.0,44.0,579.7396
2025-01-10 18:28:00-05:00,579.87,579.87,579.87,579.87,0.0,0.0,0.0
2025-01-10 18:29:00-05:00,579.87,579.87,579.87,579.87,0.0,0.0,0.0
2025-01-10 18:30:00-05:00,579.87,579.87,579.87,579.87,0.0,0.0,0.0
2025-01-10 18:31:00-05:00,579.87,579.87,579.87,579.87,0.0,0.0,0.0
2025-01-10 18:32:00-05:00,579.74,579.74,579.74,579.74,105.0,6.0,579.741
2025-01-10 18:33:00-05:00,579.74,579.74,579.74,579.74,0.0,0.0,0.0
2025-01-10 18:34:00-05:00,579.68,579.68,579.68,579.68,467.0,18.0,579.6929
2025-01-10 18:35:00-05:00,579.68,579.68,579.68,579.68,0.0,0.0,0.0
2025-01-10 18:36:00-05:00,579.68,579.68,579.68,579.68,0.0,0.0,0.0
2025-01-10 18:37:00-05:00,579.68,579.68,579.68,579.68,0.0,0.0,0.0
2025-01-10 18:38:00-05:00,579.68,579.68,579.68,579.68,0.0,0.0,0.0
2025-01-10 18:39:00-05:00,579.8,579.8,579.8,579.8,717.0,61.0,579.8119
2025-01-10 18:40:00-05:00,579.8469,579.8469,579.8469,579.8469,214.0,18.0,579.83
2025-01-10 18:41:00-05:00,579.8469,579.8469,579.8469,579.8469,0.0,0.0,0.0
2025-01-10 18:42:00-05:00,579.78,579.78,579.77,579.77,502.0,19.0,579.7761
2025-01-10 18:43:00-05:00,579.77,579.77,579.77,579.77,0.0,0.0,0.0
2025-01-10 18:44:00-05:00,579.77,579.77,579.77,579.77,0.0,0.0,0.0
2025-01-10 18:45:00-05:00,579.86,579.9,579.86,579.9,2059.0,30.0,579.8869
2025-01-10 18:46:00-05:00,579.9,579.9,579.9,579.9,0.0,0.0,0.0
2025-01-10 18:47:00-05:00,579.91,579.93,579.91,579.93,833.0,15.0,579.9223
2025-01-10 18:48:00-05:00,579.93,579.95,579.93,579.95,4532.0,26.0,579.9487
2025-01-10 18:49:00-05:00,579.97,579.97,579.97,579.97,118.0,8.0,579.947
2025-01-10 18:50:00-05:00,579.97,579.97,579.97,579.97,0.0,0.0,0.0
2025-01-10 18:51:00-05:00,579.97,579.97,579.97,579.97,0.0,0.0,0.0
2025-01-10 18:52:00-05:00,579.94,579.94,579.94,579.94,188.0,9.0,579.9371
2025-01-10 18:53:00-05:00,579.94,579.94,579.94,579.94,0.0,0.0,0.0
2025-01-10 18:54:00-05:00,579.94,579.94,579.94,579.94,0.0,0.0,0.0
2025-01-10 18:55:00-05:00,579.86,579.86,579.86,579.86,192.0,14.0,579.8624
2025-01-10 18:56:00-05:00,579.86,579.86,579.86,579.86,0.0,0.0,0.0
2025-01-10 18:57:00-05:00,579.86,579.86,579.86,579.86,0.0,0.0,0.0
2025-01-10 18:58:00-05:00,579.86,579.86,579.86,579.86,0.0,0.0,0.0
2025-01-10 18:59:00-05:00,579.8,579.9,579.8,579.9,741.0,12.0,579.8624
2025-01-10 19:00:00-05:00,579.85,579.85,579.8109,579.8109,309.0,12.0,579.8269
2025-01-10 19:01:00-05:00,579.86,579.86,579.86,579.86,363.0,12.0,579.8711
2025-01-10 19:02:00-05:00,579.9,579.9,579.9,579.9,554.0,20.0,579.894
2025-01-10 19:03:00-05:00,579.9,579.9,579.9,579.9,199.0,15.0,579.8969
2025-01-10 19:04:00-05:00,579.9,579.9,579.9,579.9,0.0,0.0,0.0
2025-01-10 19:05:00-05:00,579.86,579.9,579.86,579.9,568.0,23.0,579.887
2025-01-10 19:06:00-05:00,579.9,579.9,579.9,579.9,0.0,0.0,0.0
2025-01-10 19:07:00-05:00,579.9,579.9,579.9,579.9,0.0,0.0,0.0
2025-01-10 19:08:00-05:00,579.92,579.92,579.92,579.92,732.0,12.0,579.9204
2025-01-10 19:09:00-05:00,579.94,579.94,579.92,579.92,557.0,16.0,579.925
2025-01-10 19:10:00-05:00,579.92,579.92,579.91,579.91,362.0,16.0,579.9163
2025-01-10 19:11:00-05:00,579.91,579.91,579.91,579.91,0.0,0.0,0.0
2025-01-10 19:12:00-05:00,579.91,579.91,579.91,579.91,202.0,14.0,579.9075
2025-01-10 19:13:00-05:00,579.91,579.91,579.91,579.91,131.0,14.0,579.9124
2025-01-10 19:14:00-05:00,579.91,579.91,579.91,579.91,0.0,0.0,0.0
2025-01-10 19:15:00-05:00,579.89,579.89,579.89,579.89,223.0,11.0,579.9059
2025-01-10 19:16:00-05:00,579.89,579.89,579.89,579.89,0.0,0.0,0.0
2025-01-10 19:17:00-05:00,579.89,579.89,579.89,579.89,0.0,0.0,0.0
2025-01-10 19:18:00-05:00,579.89,579.89,579.89,579.89,0.0,0.0,0.0
2025-01-10 19:19:00-05:00,579.89,579.89,579.89,579.89,0.0,0.0,0.0
2025-01-10 19:20:00-05:00,579.89,579.89,579.89,579.89,0.0,0.0,0.0
2025-01-10 19:21:00-05:00,579.89,579.89,579.89,579.89,0.0,0.0,0.0
2025-01-10 19:22:00-05:00,579.89,579.89,579.89,579.89,0.0,0.0,0.0
2025-01-10 19:23:00-05:00,579.91,579.91,579.86,579.86,531.0,25.0,579.8957
2025-01-10 19:24:00-05:00,579.86,579.86,579.86,579.86,0.0,0.0,0.0
2025-01-10 19:25:00-05:00,579.8,579.8,579.76,579.76,1840.0,95.0,579.7887
2025-01-10 19:26:00-05:00,579.76,579.9,579.66,579.9,896.0,21.0,579.7793
2025-01-10 19:27:00-05:00,579.9,579.9,579.9,579.9,0.0,0.0,0.0
2025-01-10 19:28:00-05:00,579.9,579.9,579.9,579.9,0.0,0.0,0.0
2025-01-10 19:29:00-05:00,579.9,579.9,579.9,579.9,0.0,0.0,0.0
2025-01-10 19:30:00-05:00,579.9,579.9,579.9,579.9,0.0,0.0,0.0
2025-01-10 19:31:00-05:00,579.9,579.9,579.9,579.9,0.0,0.0,0.0
2025-01-10 19:32:00-05:00,579.9,579.9,579.9,579.9,0.0,0.0,0.0
2025-01-10 19:33:00-05:00,579.9,579.9,579.9,579.9,0.0,0.0,0.0
2025-01-10 19:34:00-05:00,579.9,579.9,579.9,579.9,0.0,0.0,0.0
2025-01-10 19:35:00-05:00,579.9,579.9,579.9,579.9,0.0,0.0,0.0
2025-01-10 19:36:00-05:00,579.9,579.9,579.9,579.9,0.0,0.0,0.0
2025-01-10 19:37:00-05:00,579.9,579.9,579.9,579.9,0.0,0.0,0.0
2025-01-10 19:38:00-05:00,579.87,579.87,579.87,579.87,192.0,15.0,579.8352
2025-01-10 19:39:00-05:00,579.785,579.785,579.785,579.785,301.0,14.0,579.7824
2025-01-10 19:40:00-05:00,579.785,579.785,579.785,579.785,0.0,0.0,0.0
2025-01-10 19:41:00-05:00,579.8575,579.8575,579.8575,579.8575,148.0,10.0,579.8362
2025-01-10 19:42:00-05:00,579.8575,579.8575,579.8575,579.8575,0.0,0.0,0.0
2025-01-10 19:43:00-05:00,579.8575,579.8575,579.8575,579.8575,0.0,0.0,0.0
2025-01-10 19:44:00-05:00,579.8575,579.8575,579.8575,579.8575,0.0,0.0,0.0
2025-01-10 19:45:00-05:00,579.8575,579.8575,579.8575,579.8575,0.0,0.0,0.0
2025-01-10 19:46:00-05:00,579.85,579.85,579.85,579.85,134.0,10.0,579.8263
2025-01-10 19:47:00-05:00,579.85,579.85,579.85,579.85,0.0,0.0,0.0
2025-01-10 19:48:00-05:00,579.85,579.85,579.85,579.85,0.0,0.0,0.0
2025-01-10 19:49:00-05:00,579.85,579.85,579.85,579.85,0.0,0.0,0.0
2025-01-10 19:50:00-05:00,579.85,579.85,579.85,579.85,0.0,0.0,0.0
2025-01-10 19:51:00-05:00,579.85,579.85,579.85,579.85,0.0,0.0,0.0
2025-01-10 19:52:00-05:00,579.75,579.79,579.75,579.79,640.0,29.0,579.7783
2025-01-10 19:53:00-05:00,579.79,579.79,579.73,579.73,600.0,16.0,579.78
2025-01-10 19:54:00-05:00,579.73,579.73,579.73,579.73,0.0,0.0,0.0
2025-01-10 19:55:00-05:00,579.8227,579.83,579.8227,579.83,337.0,23.0,579.8291
2025-01-10 19:56:00-05:00,579.88,579.88,579.79,579.79,1275.0,26.0,579.8384
2025-01-10 19:57:00-05:00,579.79,579.79,579.79,579.79,506.0,21.0,579.7896
2025-01-10 19:58:00-05:00,579.79,579.79,579.79,579.79,0.0,0.0,0.0
2025-01-10 19:59:00-05:00,579.78,579.7817,579.78,579.7817,869.0,31.0,579.7837
2025-01-13 04:00:00-05:00,578.23,578.23,576.24,576.24,8162.0,305.0,576.8011
2025-01-13 04:01:00-05:00,576.11,576.34,576.09,576.21,4503.0,132.0,576.192
2025-01-13 04:02:00-05:00,576.19,576.19,575.97,576.0,2514.0,161.0,576.0587
2025-01-13 04:03:00-05:00,575.87,575.87,575.6,575.76,3849.0,53.0,575.6454
2025-01-13 04:04:00-05:00,575.56,575.56,575.09,575.38,4457.0,104.0,575.2997
2025-01-13 04:05:00-05:00,575.48,575.56,575.38,575.56,1677.0,51.0,575.4887
2025-01-13 04:06:00-05:00,575.45,575.63,575.34,575.34,1440.0,48.0,575.52
2025-01-13 04:07:00-05:00,575.33,575.33,575.24,575.24,634.0,28.0,575.2591
2025-01-13 04:08:00-05:00,575.21,575.46,575.21,575.46,1386.0,54.0,575.3205
2025-01-13 04:09:00-05:00,575.56,575.72,575.56,575.68,645.0,34.0,575.6309
2025-01-13 04:10:00-05:00,575.41,575.41,575.3,575.3,642.0,38.0,575.4224
2025-01-13 04:11:00-05:00,575.3,575.3,575.3,575.3,0.0,0.0,0.0
2025-01-13 04:12:00-05:00,575.29,575.3,575.29,575.3,1704.0,42.0,575.2943
2025-01-13 04:13:00-05:00,575.4,575.45,575.4,575.45,1357.0,41.0,575.3834
2025-01-13 04:14:00-05:00,575.57,575.57,575.57,575.57,401.0,26.0,575.543
2025-01-13 04:15:00-05:00,575.38,575.44,575.38,575.44,444.0,29.0,575.3433
2025-01-13 04:16:00-05:00,575.22,575.22,575.18,575.18,577.0,48.0,575.1618
2025-01-13 04:17:00-05:00,575.28,575.28,575.28,575.28,336.0,24.0,575.276
2025-01-13 04:18:00-05:00,575.28,575.28,575.28,575.28,0.0,0.0,0.0
2025-01-13 04:19:00-05:00,575.32,575.47,575.32,575.47,539.0,25.0,575.3183
2025-01-13 04:20:00-05:00,575.45,575.58,575.37,575.58,1110.0,21.0,575.4246
2025-01-13 04:21:00-05:00,575.56,575.71,575.56,575.66,655.0,20.0,575.67
2025-01-13 04:22:00-05:00,575.58,575.58,575.58,575.58,249.0,15.0,575.5338
2025-01-13 04:23:00-05:00,575.73,575.81,575.73,575.77,865.0,27.0,575.7577
2025-01-13 04:24:00-05:00,575.49,575.49,575.34,575.34,572.0,20.0,575.4292
2025-01-13 04:25:00-05:00,575.14,575.14,575.14,575.14,205.0,14.0,575.1245
2025-01-13 04:26:00-05:00,575.2,575.2,575.15,575.15,439.0,13.0,575.1846
2025-01-13 04:27:00-05:00,575.15,575.15,575.15,575.15,0.0,0.0,0.0
2025-01-13 04:28:00-05:00,575.19,575.19,575.19,575.19,3376.0,33.0,575.1895
2025-01-13 04:29:00-05:00,575.25,575.25,575.25,575.25,409.0,13.0,575.2498
2025-01-13 04:30:00-05:00,575.25,575.25,575.25,575.25,0.0,0.0,0.0
2025-01-13 04:31:00-05:00,575.07,575.19,575.07,575.19,581.0,21.0,575.1574
2025-01-13 04:32:00-05:00,575.19,575.19,575.19,575.19,0.0,0.0,0.0
2025-01-13 04:33:00-05:00,575.22,575.28,575.22,575.25,1426.0,20.0,575.2689
2025-01-13 04:34:00-05:00,575.23,575.27,575.15,575.15,1760.0,26.0,575.2194
2025-01-13 04:35:00-05:00,575.23,575.35,575.23,575.35,465.0,18.0,575.3035
2025-01-13 04:36:00-05:00,575.5,575.55,575.47,575.47,1159.0,26.0,575.5184
2025-01-13 04:37:00-05:00,575.45,575.48,575.45,575.48,298.0,16.0,575.449
2025-01-13 04:38:00-05:00,575.48,575.48,575.48,575.48,0.0,0.0,0.0
2025-01-13 04:39:00-05:00,575.47,575.47,575.47,575.47,472.0,23.0,575.4885
2025-01-13 04:40:00-05:00,575.73,575.73,575.73,575.73,388.0,20.0,575.693
2025-01-13 04:41:00-05:00,575.45,575.45,575.45,575.45,395.0,18.0,575.4855
2025-01-13 04:42:00-05:00,575.45,575.45,575.45,575.45,0.0,0.0,0.0
2025-01-13 04:43:00-05:00,575.25,575.27,575.13,575.13,1614.0,36.0,575.1715
2025-01-13 04:44:00-05:00,575.15,575.15,575.12,575.12,626.0,18.0,575.169
2025-01-13 04:45:00-05:00,575.25,575.25,575.22,575.22,729.0,19.0,575.3069
2025-01-13 04:46:00-05:00,575.38,575.47,575.38,575.47,1965.0,32.0,575.4014
2025-01-13 04:47:00-05:00,575.45,575.45,575.45,575.45,8141.0,25.0,575.4489
2025-01-13 04:48:00-05:00,575.44,575.44,575.44,575.44,376.0,20.0,575.4006
2025-01-13 04:49:00-05:00,575.44,575.44,575.44,575.44,0.0,0.0,0.0
2025-01-13 04:50:00-05:00,575.1,575.1,575.1,575.1,635.0,21.0,575.1029
2025-01-13 04:51:00-05:00,575.12,575.17,575.12,575.17,616.0,7.0,575.1289
2025-01-13 04:52:00-05:00,575.17,575.17,575.17,575.17,0.0,0.0,0.0
2025-01-13 04:53:00-05:00,575.13,575.13,575.1,575.1,2129.0,19.0,575.1133
2025-01-13 04:54:00-05:00,575.08,575.14,575.08,575.11,856.0,16.0,575.1244
2025-01-13 04:55:00-05:00,575.05,575.15,575.05,575.15,445.0,16.0,575.0958
2025-01-13 04:56:00-05:00,575.04,575.25,575.04,575.25,795.0,22.0,575.1303
2025-01-13 04:57:00-05:00,575.25,575.25,575.25,575.25,0.0,0.0,0.0
2025-01-13 04:58:00-05:00,575.25,575.25,575.25,575.25,0.0,0.0,0.0
2025-01-13 04:59:00-05:00,575.25,575.25,575.25,575.25,0.0,0.0,0.0
2025-01-13 05:00:00-05:00,575.33,575.33,575.33,575.33,462.0,19.0,575.3273
2025-01-13 05:01:00-05:00,575.3,575.3,575.3,575.3,647.0,26.0,575.3792
2025-01-13 05:02:00-05:00,575.3,575.3,575.3,575.3,0.0,0.0,0.0
2025-01-13 05:03:00-05:00,575.3,575.3,575.3,575.3,0.0,0.0,0.0
2025-01-13 05:04:00-05:00,575.3,575.3,575.3,575.3,0.0,0.0,0.0
2025-01-13 05:05:00-05:00,575.3,575.3,575.3,575.3,0.0,0.0,0.0
2025-01-13 05:06:00-05:00,575.2,575.2,575.2,575.2,569.0,17.0,575.1617
2025-01-13 05:07:00-05:00,575.2,575.2,575.2,575.2,0.0,0.0,0.0
2025-01-13 05:08:00-05:00,575.2,575.2,575.2,575.2,0.0,0.0,0.0
2025-01-13 05:09:00-05:00,575.23,575.23,575.23,575.23,1453.0,8.0,575.2314
2025-01-13 05:10:00-05:00,575.23,575.23,575.23,575.23,0.0,0.0,0.0
2025-01-13 05:11:00-05:00,575.23,575.23,575.2,575.2,2549.0,20.0,575.2236
2025-01-13 05:12:00-05:00,575.35,575.35,575.35,575.35,219.0,12.0,575.3504
2025-01-13 05:13:00-05:00,575.52,575.52,575.52,575.52,190.0,12.0,575.5177
2025-01-13 05:14:00-05:00,575.5,575.5,575.5,575.5,1088.0,15.0,575.4999
2025-01-13 05:15:00-05:00,575.5,575.5,575.5,575.5,0.0,0.0,0.0
2025-01-13 05:16:00-05:00,575.51,575.52,575.51,575.52,2864.0,30.0,575.5246
2025-01-13 05:17:00-05:00,575.52,575.52,575.52,575.52,0.0,0.0,0.0
2025-01-13 05:18:00-05:00,575.52,575.52,575.52,575.52,0.0,0.0,0.0
2025-01-13 05:19:00-05:00,575.52,575.52,575.52,575.52,0.0,0.0,0.0
2025-01-13 05:20:00-05:00,575.53,575.53,575.53,575.53,296.0,13.0,575.5244
2025-01-13 05:21:00-05:00,575.53,575.53,575.53,575.53,0.0,0.0,0.0
2025-01-13 05:22:00-05:00,575.56,575.56,575.56,575.56,459.0,17.0,575.5367
2025-01-13 05:23:00-05:00,575.55,575.55,575.55,575.55,279.0,9.0,575.5432
2025-01-13 05:24:00-05:00,575.48,575.48,575.44,575.44,1044.0,14.0,575.469
2025-01-13 05:25:00-05:00,575.44,575.44,575.44,575.44,0.0,0.0,0.0
2025-01-13 05:26:00-05:00,575.44,575.44,575.44,575.44,0.0,0.0,0.0
2025-01-13 05:27:00-05:00,575.64,575.64,575.64,575.64,190.0,8.0,575.6039
2025-01-13 05:28:00-05:00,575.64,575.64,575.64,575.64,0.0,0.0,0.0
2025-01-13 05:29:00-05:00,575.64,575.64,575.64,575.64,0.0,0.0,0.0
2025-01-13 05:30:00-05:00,575.64,575.64,575.64,575.64,0.0,0.0,0.0
2025-01-13 05:31:00-05:00,575.76,575.8,575.76,575.8,437.0,20.0,575.7878
2025-01-13 05:32:00-05:00,575.74,575.74,575.74,575.74,259.0,7.0,575.7735
2025-01-13 05:33:00-05:00,575.74,575.74,575.74,575.74,0.0,0.0,0.0
2025-01-13 05:34:00-05:00,575.74,575.74,575.74,575.74,0.0,0.0,0.0
2025-01-13 05:35:00-05:00,575.74,575.74,575.74,575.74,0.0,0.0,0.0
2025-01-13 05:36:00-05:00,575.74,575.74,575.74,575.74,0.0,0.0,0.0
2025-01-13 05:37:00-05:00,575.97,575.97,575.97,575.97,436.0,20.0,575.9446
2025-01-13 05:38:00-05:00,576.0,576.0,576.0,576.0,582.0,36.0,576.0169
2025-01-13 05:39:00-05:00,576.11,576.16,576.11,576.16,674.0,14.0,576.1503
2025-01-13 05:40:00-05:00,576.16,576.16,576.16,576.16,0.0,0.0,0.0
2025-01-13 05:41:00-05:00,576.16,576.16,576.16,576.16,0.0,0.0,0.0
2025-01-13 05:42:00-05:00,575.94,575.94,575.94,575.94,188.0,9.0,575.9389
2025-01-13 05:43:00-05:00,575.94,575.94,575.94,575.94,0.0,0.0,0.0
2025-01-13 05:44:00-05:00,575.94,575.94,575.94,575.94,0.0,0.0,0.0
2025-01-13 05:45:00-05:00,575.94,575.94,575.94,575.94,0.0,0.0,0.0
2025-01-13 05:46:00-05:00,575.94,575.94,575.94,575.94,0.0,0.0,0.0
2025-01-13 05:47:00-05:00,575.94,575.94,575.94,575.94,0.0,0.0,0.0
2025-01-13 05:48:00-05:00,575.94,575.94,575.94,575.94,0.0,0.0,0.0
2025-01-13 05:49:00-05:00,576.02,576.02,576.02,576.02,274.0,13.0,576.0394
2025-01-13 05:50:00-05:00,576.13,576.13,576.13,576.13,277.0,16.0,576.1112
2025-01-13 05:51:00-05:00,576.13,576.13,576.13,576.13,0.0,0.0,0.0
2025-01-13 05:52:00-05:00,576.13,576.13,576.13,576.13,0.0,0.0,0.0
2025-01-13 05:53:00-05:00,575.96,575.96,575.96,575.96,458.0,14.0,575.9644
2025-01-13 05:54:00-05:00,575.85,575.85,575.85,575.85,142.0,11.0,575.8595
2025-01-13 05:55:00-05:00,575.67,575.79,575.67,575.79,506.0,25.0,575.7492
2025-01-13 05:56:00-05:00,575.79,575.79,575.79,575.79,0.0,0.0,0.0
2025-01-13 05:57:00-05:00,575.53,575.53,575.53,575.53,395.0,20.0,575.5314
2025-01-13 05:58:00-05:00,575.7,575.7,575.7,575.7,197.0,6.0,575.692
2025-01-13 05:59:00-05:00,575.7,575.7,575.7,575.7,0.0,0.0,0.0
2025-01-13 06:00:00-05:00,575.5,575.93,575.5,575.62,1511.0,47.0,575.6383
2025-01-13 06:01:00-05:00,575.96,575.96,575.81,575.81,278.0,15.0,575.864
2025-01-13 06:02:00-05:00,575.71,575.71,575.71,575.71,417.0,14.0,575.7306
2025-01-13 06:03:00-05:00,576.09,576.1,576.09,576.1,1449.0,18.0,576.0883
2025-01-13 06:04:00-05:00,576.1,576.1,576.1,576.1,0.0,0.0,0.0
2025-01-13 06:05:00-05:00,576.23,576.23,576.23,576.23,154.0,11.0,576.1906
2025-01-13 06:06:00-05:00,576.23,576.23,576.23,576.23,0.0,0.0,0.0
2025-01-13 06:07:00-05:00,576.23,576.23,576.23,576.23,0.0,0.0,0.0
2025-01-13 06:08:00-05:00,575.98,575.98,575.98,575.98,254.0,13.0,575.9387
2025-01-13 06:09:00-05:00,575.88,575.91,575.87,575.91,3646.0,32.0,575.8927
2025-01-13 06:10:00-05:00,575.91,575.91,575.91,575.91,0.0,0.0,0.0
2025-01-13 06:11:00-05:00,575.91,575.91,575.91,575.91,0.0,0.0,0.0
2025-01-13 06:12:00-05:00,575.63,575.63,575.63,575.63,211.0,20.0,575.6664
2025-01-13 06:13:00-05:00,575.56,575.57,575.56,575.57,569.0,30.0,575.5755
2025-01-13 06:14:00-05:00,575.6,575.75,575.6,575.75,566.0,14.0,575.6749
2025-01-13 06:15:00-05:00,575.89,575.89,575.89,575.89,515.0,22.0,575.9229
2025-01-13 06:16:00-05:00,575.93,575.93,575.93,575.93,187.0,6.0,575.9319
2025-01-13 06:17:00-05:00,575.95,575.98,575.95,575.98,674.0,10.0,575.9548
2025-01-13 06:18:00-05:00,575.98,575.98,575.98,575.98,0.0,0.0,0.0
2025-01-13 06:19:00-05:00,575.88,575.88,575.8,575.8,830.0,18.0,575.8592
2025-01-13 06:20:00-05:00,575.8,575.8,575.8,575.8,0.0,0.0,0.0
2025-01-13 06:21:00-05:00,575.99,575.99,575.99,575.99,546.0,13.0,575.9636
2025-01-13 06:22:00-05:00,575.95,575.98,575.95,575.98,5232.0,43.0,575.9674
2025-01-13 06:23:00-05:00,575.9,575.9,575.9,575.9,196.0,12.0,575.8911
2025-01-13 06:24:00-05:00,575.9,575.9,575.9,575.9,0.0,0.0,0.0
2025-01-13 06:25:00-05:00,575.84,575.9,575.84,575.9,654.0,9.0,575.8639
2025-01-13 06:26:00-05:00,575.9,575.9,575.9,575.9,0.0,0.0,0.0
2025-01-13 06:27:00-05:00,575.88,575.88,575.88,575.88,1046.0,5.0,575.8816
2025-01-13 06:28:00-05:00,575.9,575.93,575.9,575.92,2577.0,42.0,575.921
2025-01-13 06:29:00-05:00,575.92,575.92,575.92,575.92,0.0,0.0,0.0
2025-01-13 06:30:00-05:00,575.76,575.76,575.76,575.76,234.0,23.0,575.8091
2025-01-13 06:31:00-05:00,575.76,575.76,575.76,575.76,0.0,0.0,0.0
2025-01-13 06:32:00-05:00,575.79,575.79,575.79,575.79,451.0,16.0,575.7942
2025-01-13 06:33:00-05:00,575.79,575.79,575.79,575.79,284.0,6.0,575.8082
2025-01-13 06:34:00-05:00,575.93,575.93,575.93,575.93,1069.0,8.0,575.9301
2025-01-13 06:35:00-05:00,576.08,576.13,576.08,576.13,1034.0,25.0,576.0813
2025-01-13 06:36:00-05:00,576.15,576.2,576.14,576.2,2100.0,25.0,576.1677
2025-01-13 06:37:00-05:00,576.09,576.09,576.09,576.09,253.0,16.0,576.1158
2025-01-13 06:38:00-05:00,576.14,576.14,576.02,576.02,729.0,14.0,576.0443
2025-01-13 06:39:00-05:00,576.01,576.13,576.01,576.13,2745.0,15.0,576.1227
2025-01-13 06:40:00-05:00,576.0,576.0,576.0,576.0,119.0,7.0,576.0149
2025-01-13 06:41:00-05:00,576.0,576.0,576.0,576.0,0.0,0.0,0.0
2025-01-13 06:42:00-05:00,576.0,576.0,576.0,576.0,0.0,0.0,0.0
2025-01-13 06:43:00-05:00,576.0,576.0,576.0,576.0,0.0,0.0,0.0
2025-01-13 06:44:00-05:00,576.0,576.0,576.0,576.0,0.0,0.0,0.0
2025-01-13 06:45:00-05:00,575.9,575.9,575.9,575.9,129.0,10.0,575.898
2025-01-13 06:46:00-05:00,575.9,575.9,575.9,575.9,0.0,0.0,0.0
2025-01-13 06:47:00-05:00,575.97,575.98,575.97,575.98,308.0,10.0,575.9507
2025-01-13 06:48:00-05:00,575.98,575.98,575.98,575.98,0.0,0.0,0.0
2025-01-13 06:49:00-05:00,575.94,575.94,575.94,575.94,277.0,11.0,575.9499
2025-01-13 06:50:00-05:00,576.07,576.07,576.07,576.07,151.0,15.0,576.0556
2025-01-13 06:51:00-05:00,576.0,576.0,576.0,576.0,156.0,5.0,576.0181
2025-01-13 06:52:00-05:00,576.0,576.0,576.0,576.0,0.0,0.0,0.0
2025-01-13 06:53:00-05:00,576.0,576.0,576.0,576.0,0.0,0.0,0.0
2025-01-13 06:54:00-05:00,576.0,576.0,576.0,576.0,0.0,0.0,0.0
2025-01-13 06:55:00-05:00,576.16,576.18,576.16,576.18,669.0,19.0,576.1628
2025-01-13 06:56:00-05:00,576.03,576.03,576.03,576.03,157.0,9.0,576.0918
2025-01-13 06:57:00-05:00,576.07,576.07,576.07,576.07,689.0,13.0,576.0511
2025-01-13 06:58:00-05:00,575.97,575.97,575.97,575.97,228.0,16.0,575.9613
2025-01-13 06:59:00-05:00,575.97,575.97,575.97,575.97,0.0,0.0,0.0
2025-01-13 07:00:00-05:00,576.02,576.4,576.0,576.36,8525.0,352.0,576.1731
2025-01-13 07:01:00-05:00,576.2,576.24,576.1,576.1,3447.0,53.0,576.1435
2025-01-13 07:02:00-05:00,576.17,576.17,575.99,575.99,9659.0,136.0,576.0174
2025-01-13 07:03:00-05:00,575.76,575.86,575.7,575.7,7022.0,76.0,575.7663
2025-01-13 07:04:00-05:00,575.68,575.68,575.58,575.6,6708.0,78.0,575.6
2025-01-13 07:05:00-05:00,575.61,575.7,575.581,575.7,3627.0,63.0,575.6206
2025-01-13 07:06:00-05:00,575.64,575.68,575.6,575.68,3563.0,52.0,575.6496
2025-01-13 07:07:00-05:00,575.65,575.65,575.589,575.589,758.0,48.0,575.5985
2025-01-13 07:08:00-05:00,575.57,575.57,575.5,575.5,3004.0,63.0,575.551
2025-01-13 07:09:00-05:00,575.33,575.34,575.3,575.3,1522.0,65.0,575.3281
2025-01-13 07:10:00-05:00,575.36,575.41,575.36,575.4,12544.0,78.0,575.3792
2025-01-13 07:11:00-05:00,575.4,575.56,575.4,575.56,3266.0,83.0,575.5258
2025-01-13 07:12:00-05:00,575.65,575.75,575.65,575.75,1041.0,36.0,575.7023
2025-01-13 07:13:00-05:00,575.701,575.77,575.64,575.64,4140.0,58.0,575.7306
2025-01-13 07:14:00-05:00,575.61,575.61,575.55,575.55,664.0,29.0,575.5704
2025-01-13 07:15:00-05:00,575.32,575.4,575.32,575.4,1787.0,44.0,575.3748
2025-01-13 07:16:00-05:00,575.41,575.48,575.41,575.48,4172.0,58.0,575.4528
2025-01-13 07:17:00-05:00,575.34,575.54,575.34,575.54,3475.0,42.0,575.4191
2025-01-13 07:18:00-05:00,575.58,575.67,575.58,575.67,4028.0,52.0,575.6203
2025-01-13 07:19:00-05:00,575.7,575.88,575.691,575.88,16190.0,98.0,575.7058
2025-01-13 07:20:00-05:00,575.93,576.141,575.93,576.141,4182.0,68.0,576.0333
2025-01-13 07:21:00-05:00,576.13,576.25,576.06,576.25,7467.0,101.0,576.1528
2025-01-13 07:22:00-05:00,576.285,576.3,576.24,576.24,2091.0,62.0,576.2711
2025-01-13 07:23:00-05:00,576.23,576.33,576.23,576.27,14543.0,106.0,576.2978
2025-01-13 07:24:00-05:00,576.28,576.49,576.28,576.49,5277.0,80.0,576.4045
2025-01-13 07:25:00-05:00,576.46,576.67,576.46,576.67,5828.0,87.0,576.571
2025-01-13 07:26:00-05:00,576.42,576.48,576.255,576.28,4037.0,79.0,576.3537
2025-01-13 07:27:00-05:00,576.19,576.251,576.12,576.25,6114.0,48.0,576.2047
2025-01-13 07:28:00-05:00,576.22,576.3,576.22,576.23,3278.0,35.0,576.2718
2025-01-13 07:29:00-05:00,576.22,576.29,576.2,576.2,3033.0,31.0,576.2707
2025-01-13 07:30:00-05:00,576.3,576.3,576.12,576.15,1110.0,40.0,576.2154
2025-01-13 07:31:00-05:00,576.12,576.27,576.12,576.27,4549.0,38.0,576.1975
2025-01-13 07:32:00-05:00,576.27,576.4,576.27,576.4,1104.0,26.0,576.297
2025-01-13 07:33:00-05:00,576.43,576.45,576.43,576.45,801.0,28.0,576.4438
2025-01-13 07:34:00-05:00,576.45,576.54,576.45,576.47,5922.0,93.0,576.488
2025-01-13 07:35:00-05:00,576.39,576.48,576.35,576.35,14374.0,118.0,576.42
2025-01-13 07:36:00-05:00,576.4,576.5,576.37,576.5,16131.0,106.0,576.4418
2025-01-13 07:37:00-05:00,576.52,576.78,576.52,576.78,10385.0,100.0,576.7226
2025-01-13 07:38:00-05:00,576.72,576.75,576.6,576.66,19963.0,183.0,576.6997
2025-01-13 07:39:00-05:00,576.68,576.98,576.68,576.88,13293.0,134.0,576.8947
2025-01-13 07:40:00-05:00,576.92,577.03,576.87,577.01,14224.0,118.0,576.947
2025-01-13 07:41:00-05:00,576.96,577.061,576.96,577.061,3617.0,62.0,577.0245
2025-01-13 07:42:00-05:00,576.92,577.14,576.92,577.14,1508.0,61.0,577.042
2025-01-13 07:43:00-05:00,577.15,577.15,577.04,577.1,1627.0,37.0,577.1125
2025-01-13 07:44:00-05:00,577.12,577.13,577.02,577.11,3855.0,54.0,577.1001
2025-01-13 07:45:00-05:00,577.15,577.2,577.14,577.14,5168.0,79.0,577.1757
2025-01-13 07:46:00-05:00,577.229,577.229,577.19,577.19,5031.0,58.0,577.2057
2025-01-13 07:47:00-05:00,577.24,577.25,577.17,577.19,11011.0,65.0,577.245
2025-01-13 07:48:00-05:00,577.16,577.16,576.9,576.9,1579.0,73.0,577.0466
2025-01-13 07:49:00-05:00,577.0,577.05,576.88,577.0,1861.0,54.0,576.985
2025-01-13 07:50:00-05:00,577.0,577.12,577.0,577.12,1162.0,44.0,577.1357
2025-01-13 07:51:00-05:00,577.34,577.48,577.34,577.35,27409.0,185.0,577.3915
2025-01-13 07:52:00-05:00,577.3,577.4,577.29,577.3,12379.0,102.0,577.3716
2025-01-13 07:53:00-05:00,577.3,577.3,577.3,577.3,0.0,0.0,0.0
2025-01-13 07:54:00-05:00,577.18,577.2,577.0,577.0,4340.0,75.0,577.127
2025-01-13 07:55:00-05:00,577.0,577.07,577.0,577.07,5298.0,71.0,577.0058
2025-01-13 07:56:00-05:00,577.12,577.16,577.06,577.1,10636.0,106.0,577.1131
2025-01-13 07:57:00-05:00,577.1,577.1,577.1,577.1,0.0,0.0,0.0
2025-01-13 07:58:00-05:00,577.01,577.01,577.01,577.01,745.0,46.0,577.0075
2025-01-13 07:59:00-05:00,576.88,577.05,576.88,576.94,14066.0,138.0,576.9359
2025-01-13 08:00:00-05:00,575.8,578.77,575.3196,576.81,48165.0,1497.0,576.7899
2025-01-13 08:01:00-05:00,576.7501,576.93,576.7501,576.83,4523.0,518.0,577.3524
2025-01-13 08:02:00-05:00,576.77,576.78,576.72,576.78,7597.0,131.0,576.7538
2025-01-13 08:03:00-05:00,576.75,576.89,576.75,576.89,15749.0,130.0,576.8479
2025-01-13 08:04:00-05:00,576.9098,577.01,576.9098,576.9399,2586.0,81.0,577.3503
2025-01-13 08:05:00-05:00,576.8,576.829,576.76,576.76,2472.0,75.0,576.8114
2025-01-13 08:06:00-05:00,576.58,576.58,576.57,576.57,1497.0,75.0,576.5811
2025-01-13 08:07:00-05:00,576.57,576.58,576.51,576.51,1947.0,70.0,576.5531
2025-01-13 08:08:00-05:00,576.43,576.57,576.42,576.56,2587.0,57.0,576.4936
2025-01-13 08:09:00-05:00,576.569,576.7099,576.569,576.7099,1981.0,42.0,576.6282
2025-01-13 08:10:00-05:00,576.46,576.5,576.44,576.44,2188.0,54.0,576.4874
2025-01-13 08:11:00-05:00,576.44,576.44,576.25,576.25,1232.0,95.0,576.2943
2025-01-13 08:12:00-05:00,576.23,576.32,576.22,576.32,10936.0,104.0,576.2661
2025-01-13 08:13:00-05:00,576.42,576.77,576.42,576.77,3701.0,65.0,576.5947
2025-01-13 08:14:00-05:00,576.92,576.99,576.83,576.83,2389.0,89.0,576.9113
2025-01-13 08:15:00-05:00,576.74,576.85,576.74,576.82,7878.0,99.0,576.8096
2025-01-13 08:16:00-05:00,576.8499,576.92,576.7954,576.92,17625.0,136.0,576.8296
2025-01-13 08:17:00-05:00,576.891,576.95,576.883,576.883,3941.0,61.0,576.9066
2025-01-13 08:18:00-05:00,576.911,577.02,576.911,577.02,2973.0,77.0,576.9749
2025-01-13 08:19:00-05:00,576.98,576.981,576.92,576.95,11648.0,149.0,576.9402
2025-01-13 08:20:00-05:00,576.95,576.95,576.91,576.91,1132.0,68.0,576.9315
2025-01-13 08:21:00-05:00,576.87,576.91,576.85,576.8618,2312.0,59.0,576.889
2025-01-13 08:22:00-05:00,576.91,576.98,576.87,576.91,19752.0,124.0,576.9153
2025-01-13 08:23:00-05:00,576.99,577.18,576.99,577.18,7257.0,99.0,577.1086
2025-01-13 08:24:00-05:00,577.14,577.14,577.05,577.05,3935.0,61.0,577.0717
2025-01-13 08:25:00-05:00,577.08,577.08,576.9,577.0418,2088.0,82.0,576.9768
2025-01-13 08:26:00-05:00,577.05,577.05,577.0025,577.0025,733.0,49.0,577.0267
2025-01-13 08:27:00-05:00,577.0,577.0,576.89,576.93,1269.0,48.0,576.9459
2025-01-13 08:28:00-05:00,577.04,577.04,577.01,577.01,642.0,39.0,577.016
2025-01-13 08:29:00-05:00,576.7,576.72,576.69,576.71,13126.0,99.0,576.7018
2025-01-13 08:30:00-05:00,576.78,576.82,576.6,576.6,28940.0,211.0,576.6215
2025-01-13 08:31:00-05:00,576.63,576.85,576.58,576.85,3276.0,89.0,576.6712
2025-01-13 08:32:00-05:00,576.85,577.301,576.8401,577.3,26985.0,165.0,577.0432
2025-01-13 08:33:00-05:00,577.01,577.06,576.98,577.06,3522.0,69.0,577.0257
2025-01-13 08:34:00-05:00,577.09,577.12,577.01,577.01,8156.0,110.0,577.0734
2025-01-13 08:35:00-05:00,576.96,576.96,576.94,576.94,816.0,57.0,576.9436
2025-01-13 08:36:00-05:00,576.96,576.96,576.92,576.92,635.0,45.0,576.9298
2025-01-13 08:37:00-05:00,576.95,577.095,576.871,577.095,2320.0,69.0,576.9921
2025-01-13 08:38:00-05:00,577.09,577.11,577.05,577.06,3421.0,70.0,577.071
2025-01-13 08:39:00-05:00,577.04,577.14,577.02,577.14,3853.0,85.0,577.08
2025-01-13 08:40:00-05:00,577.19,577.36,577.19,577.32,3393.0,89.0,577.3063
2025-01-13 08:41:00-05:00,577.38,577.49,577.34,577.49,5642.0,89.0,577.3885
2025-01-13 08:42:00-05:00,577.38,577.38,577.12,577.19,5729.0,99.0,577.2109
2025-01-13 08:43:00-05:00,577.1,577.1,576.98,576.98,1612.0,84.0,577.0249
2025-01-13 08:44:00-05:00,577.03,577.1,576.96,577.1,5339.0,59.0,576.9778
2025-01-13 08:45:00-05:00,577.02,577.3,576.98,577.28,1653.0,65.0,577.1591
2025-01-13 08:46:00-05:00,577.26,577.26,577.116,577.116,504.0,46.0,577.2069
2025-01-13 08:47:00-05:00,576.94,576.94,576.9,576.9,743.0,53.0,577.0214
2025-01-13 08:48:00-05:00,576.96,577.19,576.96,577.19,1917.0,67.0,577.0858
2025-01-13 08:49:00-05:00,577.0721,577.0721,577.0721,577.0721,721.0,75.0,577.1283
2025-01-13 08:50:00-05:00,577.11,577.11,577.11,577.11,630.0,75.0,577.0899
2025-01-13 08:51:00-05:00,577.08,577.14,577.08,577.09,9050.0,109.0,577.1074
2025-01-13 08:52:00-05:00,576.96,577.0,576.96,577.0,1177.0,75.0,576.9829
2025-01-13 08:53:00-05:00,577.13,577.13,577.13,577.13,962.0,97.0,577.0999
2025-01-13 08:54:00-05:00,577.11,577.11,577.05,577.1,1870.0,81.0,577.1199
2025-01-13 08:55:00-05:00,577.09,577.09,576.96,576.9905,3438.0,99.0,577.0123
2025-01-13 08:56:00-05:00,576.99,576.99,576.745,576.745,4374.0,126.0,576.899
2025-01-13 08:57:00-05:00,576.8699,576.89,576.82,576.8499,1379.0,76.0,576.8507
2025-01-13 08:58:00-05:00,576.8799,576.89,576.76,576.76,5555.0,90.0,576.7843
2025-01-13 08:59:00-05:00,576.77,576.7809,576.67,576.7809,7701.0,150.0,576.7355
2025-01-13 09:00:00-05:00,576.78,576.86,576.39,576.39,8874.0,166.0,576.5707
2025-01-13 09:01:00-05:00,576.38,576.38,576.06,576.22,37944.0,307.0,576.1629
2025-01-13 09:02:00-05:00,576.17,576.46,576.11,576.4488,9427.0,134.0,576.3287
2025-01-13 09:03:00-05:00,576.3,576.4,576.16,576.4,9092.0,106.0,576.2516
2025-01-13 09:04:00-05:00,576.43,576.48,576.19,576.2,6756.0,118.0,576.3558
2025-01-13 09:05:00-05:00,576.18,576.34,576.02,576.05,12142.0,134.0,576.1615
2025-01-13 09:06:00-05:00,576.1,576.28,576.1,576.28,6544.0,102.0,576.1753
2025-01-13 09:07:00-05:00,576.39,576.39,576.27,576.33,5005.0,109.0,576.3221
2025-01-13 09:08:00-05:00,576.28,576.32,576.17,576.21,74114.0,351.0,576.2328
2025-01-13 09:09:00-05:00,576.2,576.21,576.1,576.14,24241.0,211.0,576.1805
2025-01-13 09:10:00-05:00,576.07,576.07,575.86,575.96,6910.0,270.0,575.9627
2025-01-13 09:11:00-05:00,575.95,576.01,575.88,575.97,20866.0,181.0,575.9219
2025-01-13 09:12:00-05:00,575.92,576.1,575.91,576.0197,9910.0,116.0,575.9804
2025-01-13 09:13:00-05:00,576.0512,576.1,576.0284,576.0284,2040.0,88.0,576.0412
2025-01-13 09:14:00-05:00,575.99,576.1712,575.99,576.12,2282.0,68.0,576.0986
2025-01-13 09:15:00-05:00,576.25,576.31,576.25,576.31,10659.0,144.0,576.2912
2025-01-13 09:16:00-05:00,576.2888,576.2888,576.23,576.27,1677.0,80.0,576.2421
2025-01-13 09:17:00-05:00,576.31,576.31,576.2,576.27,1012.0,74.0,576.2477
2025-01-13 09:18:00-05:00,576.38,576.52,576.38,576.45,25910.0,194.0,576.4387
2025-01-13 09:19:00-05:00,576.42,576.6,576.42,576.49,10750.0,171.0,576.4844
2025-01-13 09:20:00-05:00,576.48,576.52,576.31,576.39,12445.0,138.0,576.4026
2025-01-13 09:21:00-05:00,576.41,576.41,576.26,576.3,5174.0,71.0,576.317
2025-01-13 09:22:00-05:00,576.31,576.31,576.16,576.16,12910.0,140.0,576.2479
2025-01-13 09:23:00-05:00,576.16,576.17,576.02,576.08,2594.0,94.0,576.0953
2025-01-13 09:24:00-05:00,576.04,576.1,575.98,575.98,6116.0,129.0,576.0279
2025-01-13 09:25:00-05:00,575.94,576.08,575.94,576.01,16854.0,163.0,576.0158
2025-01-13 09:26:00-05:00,575.98,576.1,575.9399,576.05,6536.0,168.0,576.0262
2025-01-13 09:27:00-05:00,576.02,576.06,575.73,575.87,19489.0,294.0,575.8759
2025-01-13 09:28:00-05:00,575.87,575.87,575.68,575.8,29973.0,241.0,575.7399
2025-01-13 09:29:00-05:00,575.8,576.07,575.71,575.77,66471.0,331.0,575.9483
2025-01-13 09:30:00-05:00,575.77,576.03,575.61,575.885,849597.0,10824.0,575.7902
2025-01-13 09:31:00-05:00,575.91,576.12,575.5,575.6999,310304.0,3400.0,575.7271
2025-01-13 09:32:00-05:00,575.68,576.17,575.68,575.92,171302.0,2167.0,575.9745
2025-01-13 09:33:00-05:00,575.94,576.25,575.6524,576.15,221178.0,2910.0,575.9678
2025-01-13 09:34:00-05:00,576.15,576.48,576.01,576.45,181732.0,2480.0,576.2217
2025-01-13 09:35:00-05:00,576.47,576.57,576.17,576.33,279586.0,3285.0,576.3991
2025-01-13 09:36:00-05:00,576.32,576.49,575.83,575.86,224277.0,3017.0,576.2264
2025-01-13 09:37:00-05:00,575.88,575.9,575.52,575.67,205765.0,2692.0,575.7153
2025-01-13 09:38:00-05:00,575.6699,575.74,575.49,575.67,155135.0,2004.0,575.6101
2025-01-13 09:39:00-05:00,575.6969,575.98,575.64,575.72,118627.0,1685.0,575.8212
2025-01-13 09:40:00-05:00,575.71,575.84,575.51,575.66,186708.0,2319.0,575.6464
2025-01-13 09:41:00-05:00,575.7,575.81,575.5,575.62,143255.0,1836.0,575.6318
2025-01-13 09:42:00-05:00,575.6299,575.69,575.35,575.52,135665.0,2045.0,575.5076
2025-01-13 09:43:00-05:00,575.64,576.83,575.64,576.755,210295.0,2587.0,576.1935
2025-01-13 09:44:00-05:00,576.76,576.9,576.5903,576.87,161917.0,1923.0,576.7853
2025-01-13 09:45:00-05:00,576.85,576.86,576.3,576.31,124981.0,1781.0,576.535
2025-01-13 09:46:00-05:00,576.3,576.42,576.105,576.375,83994.0,1633.0,576.3043
2025-01-13 09:47:00-05:00,576.39,576.57,576.25,576.43,75591.0,1512.0,576.414
2025-01-13 09:48:00-05:00,576.42,576.87,576.42,576.5499,80834.0,1507.0,576.6515
2025-01-13 09:49:00-05:00,576.55,576.96,576.475,576.5452,336908.0,1673.0,576.4156
2025-01-13 09:50:00-05:00,576.55,576.7,576.39,576.53,66964.0,1467.0,576.5554
2025-01-13 09:51:00-05:00,576.52,576.82,576.43,576.7,76415.0,1545.0,576.5876
2025-01-13 09:52:00-05:00,576.67,576.795,576.53,576.77,91125.0,1578.0,576.6821
2025-01-13 09:53:00-05:00,576.74,577.15,576.63,577.12,109033.0,1730.0,576.9314
2025-01-13 09:54:00-05:00,577.11,577.79,577.09,577.35,211378.0,2683.0,577.5026
2025-01-13 09:55:00-05:00,577.34,577.73,577.3085,577.71,121001.0,1499.0,577.4664
2025-01-13 09:56:00-05:00,577.71,578.32,577.59,578.16,213901.0,2801.0,578.0013
2025-01-13 09:57:00-05:00,578.17,578.19,577.83,577.8695,196151.0,2153.0,577.9624
2025-01-13 09:58:00-05:00,577.9,578.1075,577.7012,577.92,216410.0,2691.0,577.9058
2025-01-13 09:59:00-05:00,577.91,578.0,577.66,577.87,87603.0,1419.0,577.8198
2025-01-13 10:00:00-05:00,577.88,577.88,577.3,577.38,165206.0,2236.0,577.5424
2025-01-13 10:01:00-05:00,577.48,577.5,577.05,577.28,116283.0,1840.0,577.2669
2025-01-13 10:02:00-05:00,577.26,577.53,577.0648,577.43,83654.0,1397.0,577.2972
2025-01-13 10:03:00-05:00,577.41,577.55,577.23,577.43,95356.0,1342.0,577.3984
2025-01-13 10:04:00-05:00,577.44,577.7977,577.4201,577.475,184963.0,1659.0,577.5749
2025-01-13 10:05:00-05:00,577.52,577.9369,577.4,577.91,60891.0,1128.0,577.694
2025-01-13 10:06:00-05:00,577.9,578.48,577.82,578.46,86088.0,1611.0,578.1293
2025-01-13 10:07:00-05:00,578.5,578.62,578.12,578.15,106755.0,1771.0,578.3752
2025-01-13 10:08:00-05:00,578.165,578.165,577.88,577.98,72607.0,1378.0,578.0101
2025-01-13 10:09:00-05:00,577.98,578.0,577.411,577.47,109137.0,1737.0,577.6716
2025-01-13 10:10:00-05:00,577.45,577.56,577.2,577.27,92590.0,1576.0,577.3607
2025-01-13 10:11:00-05:00,577.26,577.3,576.95,577.15,102076.0,1890.0,577.1123
2025-01-13 10:12:00-05:00,577.14,577.25,576.96,577.08,69778.0,1279.0,577.1153
2025-01-13 10:13:00-05:00,577.11,577.18,576.9801,577.08,63818.0,3108.0,577.0845
2025-01-13 10:14:00-05:00,577.07,577.0753,576.86,576.88,79646.0,3441.0,576.9827
2025-01-13 10:15:00-05:00,576.91,577.18,576.48,576.6224,166108.0,3665.0,576.8257
2025-01-13 10:16:00-05:00,576.62,577.19,576.53,577.01,88313.0,1396.0,576.9312
2025-01-13 10:17:00-05:00,576.96,577.3199,576.94,577.18,173426.0,1195.0,577.1991
2025-01-13 10:18:00-05:00,577.17,577.62,577.17,577.6056,94247.0,1436.0,577.3702
2025-01-13 10:19:00-05:00,577.6,577.6499,577.37,577.38,51227.0,1026.0,577.4869
2025-01-13 10:20:00-05:00,577.38,577.94,577.34,577.67,85685.0,1631.0,577.7183
2025-01-13 10:21:00-05:00,577.65,577.76,577.3428,577.57,95110.0,1406.0,577.5466
2025-01-13 10:22:00-05:00,577.57,577.57,577.05,577.0725,55500.0,1130.0,577.2861
2025-01-13 10:23:00-05:00,577.05,577.2,576.875,576.94,112127.0,1712.0,576.9981
2025-01-13 10:24:00-05:00,576.94,576.94,576.49,576.68,171546.0,1660.0,576.7092
2025-01-13 10:25:00-05:00,576.63,576.71,576.2,576.28,128261.0,1862.0,576.3967
2025-01-13 10:26:00-05:00,576.27,576.65,576.195,576.22,131739.0,1748.0,576.4341
2025-01-13 10:27:00-05:00,576.245,576.393,576.12,576.3169,83736.0,1320.0,576.241
2025-01-13 10:28:00-05:00,576.39,576.47,576.09,576.09,157269.0,1519.0,576.3221
2025-01-13 10:29:00-05:00,576.11,576.1599,575.94,576.02,184923.0,1891.0,576.0296
2025-01-13 10:30:00-05:00,576.073,576.67,576.03,576.64,114831.0,1660.0,576.3034
2025-01-13 10:31:00-05:00,576.665,577.25,576.665,576.885,122608.0,1850.0,577.0314
2025-01-13 10:32:00-05:00,576.895,577.005,576.59,576.74,52066.0,1126.0,576.8297
2025-01-13 10:33:00-05:00,576.75,577.1,576.605,576.99,75071.0,1153.0,576.9339
2025-01-13 10:34:00-05:00,576.98,577.01,576.65,576.72,81910.0,1194.0,576.8077
2025-01-13 10:35:00-05:00,576.7138,576.96,576.66,576.96,60689.0,1079.0,576.7961
2025-01-13 10:36:00-05:00,576.97,577.49,576.965,577.42,93550.0,1369.0,577.3069
2025-01-13 10:37:00-05:00,577.41,577.75,577.41,577.62,113056.0,1507.0,577.579
2025-01-13 10:38:00-05:00,577.6,577.89,577.51,577.89,95185.0,1373.0,577.6521
2025-01-13 10:39:00-05:00,577.88,578.36,577.87,578.25,153803.0,2048.0,578.1288
2025-01-13 10:40:00-05:00,578.22,578.4275,577.83,577.91,100820.0,1472.0,578.1123
2025-01-13 10:41:00-05:00,577.95,578.12,577.75,578.0,56527.0,1089.0,577.9146
2025-01-13 10:42:00-05:00,578.02,578.51,578.02,578.4601,59272.0,1171.0,578.2448
2025-01-13 10:43:00-05:00,578.43,578.48,578.255,578.435,61805.0,1054.0,578.3674
2025-01-13 10:44:00-05:00,578.5,578.8771,578.4975,578.655,157118.0,2067.0,578.7176
2025-01-13 10:45:00-05:00,578.67,579.08,578.52,578.8,144088.0,2083.0,578.8877
2025-01-13 10:46:00-05:00,578.8,579.04,578.635,579.035,83740.0,1408.0,578.8428
2025-01-13 10:47:00-05:00,579.04,579.18,578.75,578.82,83995.0,1433.0,578.913
2025-01-13 10:48:00-05:00,578.86,579.0029,578.7,578.94,106552.0,1550.0,578.8536
2025-01-13 10:49:00-05:00,578.91,579.04,578.7,579.025,111190.0,1521.0,578.8404
2025-01-13 10:50:00-05:00,579.01,579.06,578.66,578.77,70794.0,1171.0,578.8594
2025-01-13 10:51:00-05:00,578.78,578.81,578.49,578.72,79885.0,1282.0,578.6788
2025-01-13 10:52:00-05:00,578.69,578.69,578.1,578.1439,86310.0,1401.0,578.2688
2025-01-13 10:53:00-05:00,578.11,578.22,577.95,578.12,67832.0,1227.0,578.0976
2025-01-13 10:54:00-05:00,578.02,578.27,577.98,578.11,58557.0,994.0,578.1111
2025-01-13 10:55:00-05:00,578.09,578.4,578.07,578.17,63736.0,1217.0,578.2173
2025-01-13 10:56:00-05:00,578.19,578.2,577.94,578.1,42081.0,1088.0,578.0652
2025-01-13 10:57:00-05:00,578.0899,578.24,577.99,578.01,50154.0,990.0,578.0946
2025-01-13 10:58:00-05:00,578.01,578.06,577.76,577.76,48308.0,969.0,577.9069
2025-01-13 10:59:00-05:00,577.79,578.0,577.72,577.9,55618.0,1147.0,577.8639
2025-01-13 11:00:00-05:00,577.9,578.14,577.6,577.61,72820.0,1160.0,577.9107
2025-01-13 11:01:00-05:00,577.59,578.07,577.5699,577.7999,74868.0,1060.0,577.8078
2025-01-13 11:02:00-05:00,577.79,577.94,577.56,577.63,86479.0,1088.0,577.7293
2025-01-13 11:03:00-05:00,577.64,577.935,577.54,577.63,68316.0,1046.0,577.7803
2025-01-13 11:04:00-05:00,577.72,577.73,577.29,577.41,75474.0,1377.0,577.4666
2025-01-13 11:05:00-05:00,577.42,577.49,577.13,577.13,48801.0,960.0,577.3355
2025-01-13 11:06:00-05:00,577.15,577.15,576.93,577.11,71836.0,1175.0,577.0515
2025-01-13 11:07:00-05:00,577.11,577.35,576.93,577.3101,76842.0,1083.0,577.1145
2025-01-13 11:08:00-05:00,577.3299,577.43,577.17,577.22,101513.0,848.0,577.34
2025-01-13 11:09:00-05:00,577.21,577.21,576.94,577.08,80561.0,1314.0,577.0754
2025-01-13 11:10:00-05:00,577.08,577.5,577.07,577.35,88297.0,1199.0,577.2775
2025-01-13 11:11:00-05:00,577.35,577.35,577.1,577.28,56390.0,1008.0,577.2357
2025-01-13 11:12:00-05:00,577.27,577.35,577.07,577.28,59996.0,833.0,577.1962
2025-01-13 11:13:00-05:00,577.25,577.25,576.86,576.98,72901.0,1049.0,576.9842
2025-01-13 11:14:00-05:00,577.0,577.22,576.9,577.125,57048.0,953.0,577.0707
2025-01-13 11:15:00-05:00,577.12,577.385,577.11,577.385,69641.0,1106.0,577.2554
2025-01-13 11:16:00-05:00,577.39,577.39,577.15,577.21,48524.0,860.0,577.2565
2025-01-13 11:17:00-05:00,577.19,577.3258,576.92,577.0134,49625.0,975.0,577.1126
2025-01-13 11:18:00-05:00,577.04,577.21,576.95,577.17,35836.0,786.0,577.0627
2025-01-13 11:19:00-05:00,577.17,577.24,577.06,577.14,40322.0,731.0,577.1584
2025-01-13 11:20:00-05:00,577.21,577.26,577.0,577.11,32992.0,824.0,577.1403
2025-01-13 11:21:00-05:00,577.1,577.1,576.77,577.03,64898.0,1152.0,576.9066
2025-01-13 11:22:00-05:00,577.02,577.49,577.015,577.48,67265.0,1067.0,577.2984
2025-01-13 11:23:00-05:00,577.48,577.61,577.45,577.54,82629.0,1280.0,577.5275
2025-01-13 11:24:00-05:00,577.55,577.65,577.07,577.18,127080.0,1848.0,577.4141
2025-01-13 11:25:00-05:00,577.18,577.42,577.17,577.42,64228.0,996.0,577.3101
2025-01-13 11:26:00-05:00,577.41,577.52,577.04,577.08,249272.0,1251.0,577.2148
2025-01-13 11:27:00-05:00,577.09,577.36,576.84,577.2301,192673.0,992.0,576.9588
2025-01-13 11:28:00-05:00,577.26,577.26,577.06,577.19,33481.0,802.0,577.1712
2025-01-13 11:29:00-05:00,577.18,577.25,576.9584,576.99,46645.0,853.0,577.1169
2025-01-13 11:30:00-05:00,576.97,577.23,576.85,577.14,58141.0,962.0,577.0495
2025-01-13 11:31:00-05:00,577.13,577.21,577.04,577.0929,63749.0,831.0,577.1061
2025-01-13 11:32:00-05:00,577.15,577.16,576.95,577.14,112387.0,1141.0,577.0396
2025-01-13 11:33:00-05:00,577.18,577.25,577.09,577.16,40834.0,786.0,577.1635
2025-01-13 11:34:00-05:00,577.16,577.4899,577.16,577.31,39994.0,858.0,577.3437
2025-01-13 11:35:00-05:00,577.33,577.89,577.2901,577.82,92589.0,1266.0,577.6691
2025-01-13 11:36:00-05:00,577.87,577.995,577.33,577.33,75577.0,1317.0,577.7379
2025-01-13 11:37:00-05:00,577.34,577.34,576.995,577.04,59501.0,1080.0,577.1135
2025-01-13 11:38:00-05:00,577.055,577.08,576.88,576.99,69626.0,909.0,577.0019
2025-01-13 11:39:00-05:00,577.015,577.03,576.66,576.83,182835.0,1815.0,576.8656
2025-01-13 11:40:00-05:00,576.84,577.28,576.84,577.17,137143.0,1345.0,577.0897
2025-01-13 11:41:00-05:00,577.19,577.795,577.15,577.605,113820.0,1324.0,577.3804
2025-01-13 11:42:00-05:00,577.63,577.68,577.46,577.5195,82503.0,1152.0,577.5777
2025-01-13 11:43:00-05:00,577.54,578.08,577.54,577.98,174908.0,1301.0,577.9275
2025-01-13 11:44:00-05:00,577.96,578.21,577.87,577.99,147007.0,1400.0,577.9889
2025-01-13 11:45:00-05:00,577.99,578.04,577.68,577.81,31693.0,775.0,577.8818
2025-01-13 11:46:00-05:00,577.83,577.91,577.65,577.7799,41246.0,759.0,577.7469
2025-01-13 11:47:00-05:00,577.76,577.87,577.58,577.58,45967.0,777.0,577.784
2025-01-13 11:48:00-05:00,577.587956,577.64,577.45,577.6,27163.0,676.0,577.5583
2025-01-13 11:49:00-05:00,577.58,577.76,577.45,577.6,40835.0,783.0,577.6102
2025-01-13 11:50:00-05:00,577.5804,577.6901,577.2202,577.3,65665.0,1185.0,577.4856
2025-01-13 11:51:00-05:00,577.235,577.48,577.2,577.32,44988.0,711.0,577.3549
2025-01-13 11:52:00-05:00,577.32,577.41,577.1703,577.2917,27378.0,636.0,577.2858
2025-01-13 11:53:00-05:00,577.31,577.36,577.07,577.07,35454.0,655.0,577.2092
2025-01-13 11:54:00-05:00,577.015,577.18,576.81,576.85,49109.0,906.0,577.0448
2025-01-13 11:55:00-05:00,576.83,576.8599,576.455,576.455,98262.0,1363.0,576.6213
2025-01-13 11:56:00-05:00,576.49,576.6,576.3,576.3637,53672.0,973.0,576.4394
2025-01-13 11:57:00-05:00,576.3995,576.44,576.28,576.3199,39947.0,771.0,576.3521
2025-01-13 11:58:00-05:00,576.34,576.34,575.88,576.15,88674.0,1826.0,576.0625
2025-01-13 11:59:00-05:00,576.1136,576.2295,575.93,576.0,67667.0,936.0,576.0568
2025-01-13 12:00:00-05:00,576.02,576.11,575.77,575.87,65022.0,1001.0,575.9236
2025-01-13 12:01:00-05:00,575.87,575.93,575.68,575.83,72327.0,1142.0,575.8117
2025-01-13 12:02:00-05:00,575.8,576.3,575.76,576.25,88326.0,1086.0,576.0484
2025-01-13 12:03:00-05:00,576.28,576.65,576.14,576.3999,127995.0,1328.0,576.3503
2025-01-13 12:04:00-05:00,576.385,576.67,576.25,576.28,44149.0,891.0,576.4724
2025-01-13 12:05:00-05:00,576.2937,576.48,576.25,576.3999,97735.0,1072.0,576.3599
2025-01-13 12:06:00-05:00,576.365,576.45,576.205,576.27,83408.0,916.0,576.2912
2025-01-13 12:07:00-05:00,576.24,577.07,576.2,576.95,122432.0,1405.0,576.7958
2025-01-13 12:08:00-05:00,576.95,577.15,576.6936,576.8899,48382.0,946.0,576.9347
2025-01-13 12:09:00-05:00,576.87,577.27,576.85,577.2,61001.0,1014.0,577.1185
2025-01-13 12:10:00-05:00,577.21,577.44,577.2,577.27,90862.0,936.0,577.1881
2025-01-13 12:11:00-05:00,577.27,577.51,577.22,577.36,95605.0,1102.0,577.3714
2025-01-13 12:12:00-05:00,577.37,577.55,577.2725,577.35,38865.0,671.0,577.3826
2025-01-13 12:13:00-05:00,577.345,577.505,577.28,577.38,44700.0,721.0,577.3738
2025-01-13 12:14:00-05:00,577.41,577.68,577.41,577.61,39446.0,757.0,577.5258
2025-01-13 12:15:00-05:00,577.6,577.85,577.47,577.83,110567.0,1429.0,577.6816
2025-01-13 12:16:00-05:00,577.83,577.95,577.56,577.94,54769.0,954.0,577.7532
2025-01-13 12:17:00-05:00,577.96,577.98,577.7331,577.77,30524.0,781.0,577.8176
2025-01-13 12:18:00-05:00,577.79,577.87,577.7259,577.87,45064.0,781.0,577.802
2025-01-13 12:19:00-05:00,577.89,578.22,577.88,578.1,73630.0,1119.0,578.0353
2025-01-13 12:20:00-05:00,578.11,578.16,577.91,578.12,72519.0,1014.0,578.0377
2025-01-13 12:21:00-05:00,578.08,578.25,577.98,578.07,78877.0,1063.0,578.1075
2025-01-13 12:22:00-05:00,578.06,578.3,578.01,578.3,43088.0,765.0,578.1791
2025-01-13 12:23:00-05:00,578.325,578.44,578.12,578.24,66638.0,960.0,578.2565
2025-01-13 12:24:00-05:00,578.26,578.44,578.16,578.19,37650.0,752.0,578.301
2025-01-13 12:25:00-05:00,578.19,578.38,578.11,578.2801,46543.0,766.0,578.2695
2025-01-13 12:26:00-05:00,578.3,578.53,578.21,578.39,97144.0,1184.0,578.3774
2025-01-13 12:27:00-05:00,578.38,578.5078,578.355,578.4872,46384.0,660.0,578.4534
2025-01-13 12:28:00-05:00,578.5,578.5,578.17,578.32,50014.0,928.0,578.3362
2025-01-13 12:29:00-05:00,578.3,578.32,578.16,578.23,77325.0,1040.0,578.2359
2025-01-13 12:30:00-05:00,578.2,578.2,577.79,577.98,146916.0,1999.0,577.9162
2025-01-13 12:31:00-05:00,577.995,578.42,577.95,578.2601,86426.0,1081.0,578.2488
2025-01-13 12:32:00-05:00,578.2611,578.3,578.14,578.2,34320.0,555.0,578.2253
2025-01-13 12:33:00-05:00,578.21,578.4217,578.21,578.4,29199.0,667.0,578.3499
2025-01-13 12:34:00-05:00,578.42,578.44,578.21,578.37,34563.0,680.0,578.3453
2025-01-13 12:35:00-05:00,578.34,578.39,578.13,578.2,45853.0,730.0,578.2464
2025-01-13 12:36:00-05:00,578.21,578.3799,578.19,578.34,64604.0,796.0,578.3006
2025-01-13 12:37:00-05:00,578.34,578.41,578.2,578.365,101075.0,1036.0,578.3424
2025-01-13 12:38:00-05:00,578.28,578.28,577.83,577.8616,71332.0,1138.0,578.0296
2025-01-13 12:39:00-05:00,577.91,577.96,577.77,577.81,51012.0,890.0,577.8557
2025-01-13 12:40:00-05:00,577.74,577.84,577.6,577.8,70145.0,994.0,577.7254
2025-01-13 12:41:00-05:00,577.75,578.015,577.75,577.92,31603.0,659.0,577.8623
2025-01-13 12:42:00-05:00,577.95,578.1,577.87,577.915,57557.0,992.0,577.9783
2025-01-13 12:43:00-05:00,577.9,577.925,577.75,577.77,80128.0,887.0,577.8585
2025-01-13 12:44:00-05:00,577.7664,577.83,577.66,577.81,42714.0,703.0,577.7313
2025-01-13 12:45:00-05:00,577.8,578.23,577.75,578.23,46452.0,841.0,578.0548
2025-01-13 12:46:00-05:00,578.23,578.27,577.98,578.1944,54220.0,704.0,578.1249
2025-01-13 12:47:00-05:00,578.21,578.4,578.205,578.34,29720.0,647.0,578.311
2025-01-13 12:48:00-05:00,578.35,578.5,578.21,578.26,35479.0,756.0,578.3595
2025-01-13 12:49:00-05:00,578.2244,578.32,578.05,578.28,38151.0,645.0,578.1797
2025-01-13 12:50:00-05:00,578.3,578.38,578.155,578.33,40066.0,724.0,578.2818
2025-01-13 12:51:00-05:00,578.34,578.52,578.19,578.5199,20242.0,568.0,578.3933
2025-01-13 12:52:00-05:00,578.5,578.73,578.42,578.4744,74931.0,1111.0,578.599
2025-01-13 12:53:00-05:00,578.43,578.532,578.26,578.3058,37500.0,729.0,578.3722
2025-01-13 12:54:00-05:00,578.33,578.41,578.22,578.41,15251.0,480.0,578.3197
2025-01-13 12:55:00-05:00,578.44,578.6,578.44,578.5501,23902.0,600.0,578.5045
2025-01-13 12:56:00-05:00,578.5601,578.71,578.46,578.64,16194.0,481.0,578.5821
2025-01-13 12:57:00-05:00,578.6137,579.04,578.601,578.955,72873.0,1062.0,578.8694
2025-01-13 12:58:00-05:00,578.97,579.39,578.94,579.29,98405.0,1368.0,579.2142
2025-01-13 12:59:00-05:00,579.33,579.55,579.3,579.46,109176.0,1270.0,579.4341
2025-01-13 13:00:00-05:00,579.46,579.49,579.18,579.195,122026.0,1326.0,579.376
2025-01-13 13:01:00-05:00,579.19,579.48,579.17,579.3601,76281.0,928.0,579.3691
2025-01-13 13:02:00-05:00,579.39,579.39,579.1045,579.17,40354.0,872.0,579.2162
2025-01-13 13:03:00-05:00,579.17,579.505,579.17,579.455,97430.0,817.0,579.3208
2025-01-13 13:04:00-05:00,579.4701,579.525,579.26,579.2801,34937.0,621.0,579.3789
2025-01-13 13:05:00-05:00,579.28,579.3575,578.9701,578.98,66911.0,861.0,579.1505
2025-01-13 13:06:00-05:00,579.03,579.29,579.0,579.27,41263.0,714.0,579.16
2025-01-13 13:07:00-05:00,579.3,579.564,579.295,579.5633,68904.0,785.0,579.4244
2025-01-13 13:08:00-05:00,579.56,579.705,579.51,579.535,105493.0,1046.0,579.6173
2025-01-13 13:09:00-05:00,579.5372,579.54,579.32,579.3604,46765.0,677.0,579.4549
2025-01-13 13:10:00-05:00,579.35,579.75,579.35,579.67,51414.0,738.0,579.5801
2025-01-13 13:11:00-05:00,579.62,579.66,579.49,579.5601,32486.0,594.0,579.5747
2025-01-13 13:12:00-05:00,579.56,579.59,579.34,579.57,61158.0,802.0,579.4709
2025-01-13 13:13:00-05:00,579.58,579.63,579.42,579.4423,50384.0,690.0,579.5556
2025-01-13 13:14:00-05:00,579.45,579.55,579.445,579.52,21753.0,408.0,579.5082
2025-01-13 13:15:00-05:00,579.56,579.6,579.38,579.53,340567.0,588.0,579.3162
2025-01-13 13:16:00-05:00,579.54,579.62,579.5,579.53,32743.0,552.0,579.5639
2025-01-13 13:17:00-05:00,579.52,579.52,579.29,579.35,31248.0,577.0,579.3837
2025-01-13 13:18:00-05:00,579.36,579.3895,579.1,579.12,68988.0,934.0,579.225
2025-01-13 13:19:00-05:00,579.08,579.18,578.95,579.13,53161.0,839.0,579.0695
2025-01-13 13:20:00-05:00,579.09,579.19,579.02,579.14,31465.0,616.0,579.1105
2025-01-13 13:21:00-05:00,579.19,579.26,578.98,579.0043,46655.0,715.0,579.1833
2025-01-13 13:22:00-05:00,579.0348,579.11,578.8801,579.03,44135.0,777.0,579.0159
2025-01-13 13:23:00-05:00,579.06,579.08,578.92,578.93,34516.0,598.0,579.0006
2025-01-13 13:24:00-05:00,578.9,579.13,578.88,579.13,37256.0,676.0,579.045
2025-01-13 13:25:00-05:00,579.135,579.38,579.09,579.36,71318.0,1009.0,579.2529
2025-01-13 13:26:00-05:00,579.32,579.3599,579.22,579.34,24396.0,503.0,579.2989
2025-01-13 13:27:00-05:00,579.33,579.43,579.07,579.18,31634.0,597.0,579.1948
2025-01-13 13:28:00-05:00,579.21,579.3863,579.21,579.38,32028.0,506.0,579.3181
2025-01-13 13:29:00-05:00,579.385,579.72,579.38,579.72,62469.0,908.0,579.5288
2025-01-13 13:30:00-05:00,579.69,580.08,579.68,579.85,165264.0,2550.0,579.8793
2025-01-13 13:31:00-05:00,579.84,579.86,579.42,579.5,72294.0,1335.0,579.5558
2025-01-13 13:32:00-05:00,579.52,579.805,579.46,579.7856,34878.0,835.0,579.6708
2025-01-13 13:33:00-05:00,579.79,579.88,579.69,579.8687,39265.0,883.0,579.7951
2025-01-13 13:34:00-05:00,579.8999,579.9999,579.8,579.97,36123.0,844.0,579.9314
2025-01-13 13:35:00-05:00,579.96,580.03,579.86,580.03,44532.0,839.0,579.9574
2025-01-13 13:36:00-05:00,580.03,580.15,579.86,579.98,119905.0,1454.0,579.9863
2025-01-13 13:37:00-05:00,579.98,580.02,579.64,579.67,48556.0,931.0,579.7857
2025-01-13 13:38:00-05:00,579.66,579.87,579.49,579.87,87417.0,1031.0,579.6597
2025-01-13 13:39:00-05:00,579.87,580.01,579.66,579.98,94312.0,1157.0,579.8517
2025-01-13 13:40:00-05:00,579.99,579.99,579.8009,579.845,50713.0,683.0,579.6831
2025-01-13 13:41:00-05:00,579.85,579.85,579.62,579.69,73838.0,832.0,579.7
2025-01-13 13:42:00-05:00,579.67,579.67,579.45,579.64,49829.0,846.0,579.5381
2025-01-13 13:43:00-05:00,579.65,579.65,579.5,579.55,71227.0,827.0,579.5924
2025-01-13 13:44:00-05:00,579.54,579.56,579.37,579.46,54337.0,860.0,579.4733
2025-01-13 13:45:00-05:00,579.455,579.64,579.37,579.635,50421.0,782.0,579.5102
2025-01-13 13:46:00-05:00,579.64,579.9199,579.64,579.87,114004.0,1298.0,579.7381
2025-01-13 13:47:00-05:00,579.8623,579.98,579.8,579.845,49651.0,757.0,579.8846
2025-01-13 13:48:00-05:00,579.86,579.94,579.81,579.89,37280.0,585.0,579.8753
2025-01-13 13:49:00-05:00,579.9,580.285,579.9,580.16,88346.0,1061.0,580.1579
2025-01-13 13:50:00-05:00,580.16,580.25,580.06,580.13,101173.0,1059.0,580.1328
2025-01-13 13:51:00-05:00,580.12,580.1299,579.91,580.1,556317.0,790.0,579.9385
2025-01-13 13:52:00-05:00,580.06,580.23,579.9901,579.9901,27616.0,545.0,580.1063
2025-01-13 13:53:00-05:00,580.02,580.05,579.8901,579.97,63674.0,876.0,579.9523
2025-01-13 13:54:00-05:00,579.94,579.97,579.57,579.59,60191.0,825.0,579.7543
2025-01-13 13:55:00-05:00,579.6,579.64,579.468,579.6,88338.0,983.0,579.5489
2025-01-13 13:56:00-05:00,579.6,579.81,579.58,579.81,71154.0,793.0,579.7101
2025-01-13 13:57:00-05:00,579.81,580.0,579.81,579.96,58197.0,848.0,579.8978
2025-01-13 13:58:00-05:00,579.97,580.1,579.89,579.98,44703.0,740.0,580.0072
2025-01-13 13:59:00-05:00,580.0,580.1298,579.94,580.01,36821.0,564.0,580.0249
2025-01-13 14:00:00-05:00,580.01,580.09,579.96,580.04,38998.0,657.0,580.0404
2025-01-13 14:01:00-05:00,580.05,580.2,579.965,580.09,45909.0,639.0,580.0906
2025-01-13 14:02:00-05:00,580.08,580.08,579.61,579.64,48871.0,817.0,579.8344
2025-01-13 14:03:00-05:00,579.62,579.655,579.4,579.6,74687.0,1004.0,579.5374
2025-01-13 14:04:00-05:00,579.6,579.66,579.52,579.6,46542.0,673.0,579.6032
2025-01-13 14:05:00-05:00,579.6,579.99,579.5034,579.95,69315.0,933.0,579.7582
2025-01-13 14:06:00-05:00,579.94,579.9725,579.72,579.76,44967.0,647.0,579.8694
2025-01-13 14:07:00-05:00,579.72,579.81,579.68,579.7271,32249.0,606.0,579.7445
2025-01-13 14:08:00-05:00,579.73,579.73,579.48,579.65,35366.0,714.0,579.5845
2025-01-13 14:09:00-05:00,579.65,579.72,579.6,579.63,41719.0,601.0,579.6669
2025-01-13 14:10:00-05:00,579.63,580.01,579.5976,579.97,68750.0,921.0,579.825
2025-01-13 14:11:00-05:00,579.98,580.0,579.82,579.84,24931.0,583.0,579.912
2025-01-13 14:12:00-05:00,579.8505,579.99,579.76,579.87,119114.0,1101.0,579.8981
2025-01-13 14:13:00-05:00,579.86,579.86,579.5167,579.53,94544.0,1131.0,579.669
2025-01-13 14:14:00-05:00,579.52,579.53,579.2595,579.3858,84877.0,1178.0,579.3594
2025-01-13 14:15:00-05:00,579.41,579.41,579.134,579.25,73708.0,1058.0,579.2583
2025-01-13 14:16:00-05:00,579.25,579.48,579.22,579.4344,198857.0,963.0,580.1417
2025-01-13 14:17:00-05:00,579.46,579.47,579.24,579.29,25320.0,592.0,579.356
2025-01-13 14:18:00-05:00,579.3,579.435,579.28,579.37,45195.0,747.0,579.3477
2025-01-13 14:19:00-05:00,579.39,579.48,579.09,579.15,49120.0,893.0,579.3032
2025-01-13 14:20:00-05:00,579.18,579.34,578.97,579.22,44901.0,947.0,579.1237
2025-01-13 14:21:00-05:00,579.27,579.4,579.23,579.37,49005.0,731.0,579.3208
2025-01-13 14:22:00-05:00,579.4,579.6,579.26,579.54,83019.0,1156.0,579.4358
2025-01-13 14:23:00-05:00,579.52,579.66,579.4,579.5,50165.0,915.0,579.5658
2025-01-13 14:24:00-05:00,579.51,579.7691,579.47,579.52,75279.0,935.0,579.6287
2025-01-13 14:25:00-05:00,579.52,579.63,579.41,579.57,50002.0,839.0,579.5072
2025-01-13 14:26:00-05:00,579.6123,579.92,579.59,579.92,62424.0,782.0,579.7896
2025-01-13 14:27:00-05:00,579.94,579.96,579.71,579.89,36839.0,734.0,579.8284
2025-01-13 14:28:00-05:00,579.89,580.24,579.83,580.14,56242.0,899.0,580.0879
2025-01-13 14:29:00-05:00,580.12,580.36,580.0922,580.31,61900.0,909.0,580.2578
2025-01-13 14:30:00-05:00,580.29,580.29,580.07,580.085,52386.0,756.0,580.204
2025-01-13 14:31:00-05:00,580.09,580.21,580.02,580.19,59215.0,904.0,580.1101
2025-01-13 14:32:00-05:00,580.18,580.43,580.16,580.38,61293.0,811.0,580.3105
2025-01-13 14:33:00-05:00,580.4,580.52,580.1,580.1,59826.0,1020.0,580.3856
2025-01-13 14:34:00-05:00,580.09,580.19,579.975,580.19,44866.0,766.0,580.0779
2025-01-13 14:35:00-05:00,580.21,580.24,579.96,580.11,64303.0,855.0,580.1137
2025-01-13 14:36:00-05:00,580.14,580.18,579.74,579.74,99693.0,1107.0,580.0449
2025-01-13 14:37:00-05:00,579.78,580.17,579.7,580.1,63386.0,886.0,579.9329
2025-01-13 14:38:00-05:00,580.11,580.39,580.06,580.39,61765.0,814.0,580.2549
2025-01-13 14:39:00-05:00,580.39,580.6559,580.37,580.47,74669.0,1145.0,580.4823
2025-01-13 14:40:00-05:00,580.4756,580.56,580.4301,580.48,27992.0,609.0,580.4726
2025-01-13 14:41:00-05:00,580.48,580.85,580.43,580.8,243432.0,1197.0,580.6395
2025-01-13 14:42:00-05:00,580.84,581.0,580.76,580.925,170698.0,1316.0,580.8893
2025-01-13 14:43:00-05:00,580.94,580.99,580.8,580.88,85441.0,918.0,580.9068
2025-01-13 14:44:00-05:00,580.88,580.93,580.69,580.7122,61396.0,801.0,580.8166
2025-01-13 14:45:00-05:00,580.72,580.73,580.532,580.64,108999.0,1052.0,580.636
2025-01-13 14:46:00-05:00,580.66,580.7,580.37,580.41,108525.0,1320.0,580.5322
2025-01-13 14:47:00-05:00,580.41,580.415,579.8801,579.91,77300.0,1166.0,580.1401
2025-01-13 14:48:00-05:00,579.9399,580.24,579.93,580.08,69378.0,931.0,580.1373
2025-01-13 14:49:00-05:00,580.15,580.1745,579.64,579.73,97870.0,1156.0,579.8629
2025-01-13 14:50:00-05:00,579.77,580.161,579.64,580.01,53009.0,809.0,579.9223
2025-01-13 14:51:00-05:00,580.0698,580.1154,579.7444,579.85,38161.0,640.0,579.9101
2025-01-13 14:52:00-05:00,579.89,579.945,579.57,579.6969,163250.0,777.0,579.8291
2025-01-13 14:53:00-05:00,579.73,579.88,579.69,579.81,50306.0,745.0,579.757
2025-01-13 14:54:00-05:00,579.81,580.04,579.81,579.9782,67120.0,776.0,579.9804
2025-01-13 14:55:00-05:00,580.01,580.33,579.9924,580.33,65228.0,803.0,580.1664
2025-01-13 14:56:00-05:00,580.35,580.62,580.31,580.56,117392.0,896.0,580.4209
2025-01-13 14:57:00-05:00,580.56,580.5684,580.35,580.37,59295.0,761.0,580.4308
2025-01-13 14:58:00-05:00,580.38,580.65,580.32,580.59,46254.0,740.0,580.4923
2025-01-13 14:59:00-05:00,580.58,580.61,580.4,580.4816,52741.0,747.0,580.4995
2025-01-13 15:00:00-05:00,580.47,580.47,579.93,580.1424,186249.0,1403.0,580.5415
2025-01-13 15:01:00-05:00,580.125,580.23,579.99,580.1,59270.0,798.0,580.12
2025-01-13 15:02:00-05:00,580.11,580.34,580.1,580.2136,54085.0,691.0,580.2213
2025-01-13 15:03:00-05:00,580.23,580.3699,580.14,580.14,29457.0,589.0,580.2687
2025-01-13 15:04:00-05:00,580.13,580.33,580.11,580.15,35318.0,679.0,580.2288
2025-01-13 15:05:00-05:00,580.15,580.49,580.12,580.44,70404.0,866.0,580.3273
2025-01-13 15:06:00-05:00,580.43,580.525,580.3,580.39,50754.0,741.0,580.3997
2025-01-13 15:07:00-05:00,580.39,580.62,580.27,580.52,45829.0,750.0,580.4207
2025-01-13 15:08:00-05:00,580.54,580.665,580.51,580.61,77087.0,858.0,580.605
2025-01-13 15:09:00-05:00,580.61,580.67,580.29,580.34,42267.0,669.0,580.4702
2025-01-13 15:10:00-05:00,580.33,580.445,580.255,580.34,82865.0,765.0,580.3698
2025-01-13 15:11:00-05:00,580.31,580.39,580.21,580.35,44463.0,754.0,580.2903
2025-01-13 15:12:00-05:00,580.37,580.48,580.28,580.47,68556.0,749.0,580.3783
2025-01-13 15:13:00-05:00,580.43,580.5,580.27,580.28,58378.0,793.0,580.3764
2025-01-13 15:14:00-05:00,580.27,580.395,580.22,580.33,41767.0,783.0,580.3081
2025-01-13 15:15:00-05:00,580.31,580.55,580.18,580.53,64557.0,1011.0,580.3133
2025-01-13 15:16:00-05:00,580.51,580.6,580.3,580.53,87359.0,947.0,580.4755
2025-01-13 15:17:00-05:00,580.52,580.62,580.49,580.56,85555.0,929.0,580.5505
2025-01-13 15:18:00-05:00,580.56,580.79,580.56,580.74,77639.0,944.0,580.6979
2025-01-13 15:19:00-05:00,580.749,580.9,580.61,580.87,98817.0,1114.0,580.7218
2025-01-13 15:20:00-05:00,580.85,580.97,580.73,580.755,78735.0,939.0,580.8347
2025-01-13 15:21:00-05:00,580.74,580.81,580.65,580.69,73427.0,855.0,580.7287
2025-01-13 15:22:00-05:00,580.675,580.73,580.33,580.525,88482.0,1181.0,580.4978
2025-01-13 15:23:00-05:00,580.515,580.52,580.2,580.2,74112.0,1079.0,580.3253
2025-01-13 15:24:00-05:00,580.21,580.24,579.97,580.02,96800.0,1367.0,580.0959
2025-01-13 15:25:00-05:00,580.03,580.24,579.93,580.08,117178.0,1364.0,580.0823
2025-01-13 15:26:00-05:00,580.1,580.2,579.94,580.05,99313.0,977.0,580.0718
2025-01-13 15:27:00-05:00,580.06,580.2,579.89,580.18,84622.0,1117.0,580.0991
2025-01-13 15:28:00-05:00,580.2,580.32,580.03,580.2844,412918.0,1465.0,580.1213
2025-01-13 15:29:00-05:00,580.29,580.29,580.0,580.1,55821.0,906.0,580.1187
2025-01-13 15:30:00-05:00,580.1,580.1901,580.01,580.12,55624.0,941.0,580.0983
2025-01-13 15:31:00-05:00,580.11,580.11,579.87,579.93,85932.0,1100.0,580.0012
2025-01-13 15:32:00-05:00,579.93,580.08,579.9,579.92,62825.0,886.0,579.9828
2025-01-13 15:33:00-05:00,579.92,580.32,579.8901,580.26,220822.0,1314.0,580.419
2025-01-13 15:34:00-05:00,580.25,580.29,580.17,580.17,108337.0,1094.0,580.2394
2025-01-13 15:35:00-05:00,580.16,580.2368,580.06,580.2048,85956.0,1270.0,580.1249
2025-01-13 15:36:00-05:00,580.1875,580.3399,579.94,580.28,126925.0,1528.0,580.1127
2025-01-13 15:37:00-05:00,580.25,580.43,580.0801,580.4,69238.0,1151.0,580.2483
2025-01-13 15:38:00-05:00,580.41,580.52,580.3236,580.34,132044.0,1155.0,580.3697
2025-01-13 15:39:00-05:00,580.32,580.3499,579.97,580.04,129445.0,1473.0,580.1715
2025-01-13 15:40:00-05:00,580.03,580.29,580.02,580.27,69945.0,1246.0,580.2015
2025-01-13 15:41:00-05:00,580.24,580.28,580.06,580.245,94158.0,1380.0,580.1809
2025-01-13 15:42:00-05:00,580.25,580.39,580.23,580.3,107081.0,1216.0,580.2868
2025-01-13 15:43:00-05:00,580.29,580.37,580.175,580.26,71593.0,977.0,580.259
2025-01-13 15:44:00-05:00,580.24,580.24,580.045,580.11,76326.0,1120.0,580.1333
2025-01-13 15:45:00-05:00,580.09,580.35,580.04,580.34,101877.0,1415.0,580.1861
2025-01-13 15:46:00-05:00,580.32,580.37,580.12,580.195,156443.0,1804.0,580.2502
2025-01-13 15:47:00-05:00,580.175,580.19,579.93,579.97,140371.0,1703.0,580.0271
2025-01-13 15:48:00-05:00,579.96,580.21,579.95,580.0999,121174.0,1619.0,580.1248
2025-01-13 15:49:00-05:00,580.11,580.21,579.98,580.12,80468.0,1138.0,580.1244
2025-01-13 15:50:00-05:00,580.16,581.0,580.1,580.98,459134.0,4010.0,580.5943
2025-01-13 15:51:00-05:00,580.98,581.19,580.96,581.055,402752.0,3006.0,581.071
2025-01-13 15:52:00-05:00,581.06,581.28,580.9,581.135,262133.0,2405.0,581.084
2025-01-13 15:53:00-05:00,581.125,581.21,581.03,581.07,124503.0,1701.0,581.1116
2025-01-13 15:54:00-05:00,581.025,581.2,580.85,581.1893,175540.0,2092.0,581.0545
2025-01-13 15:55:00-05:00,581.19,581.67,581.105,581.55,358364.0,3640.0,581.4185
2025-01-13 15:56:00-05:00,581.535,581.75,581.495,581.67,299897.0,2802.0,581.6164
2025-01-13 15:57:00-05:00,581.665,581.69,581.38,581.54,345106.0,3134.0,581.5658
2025-01-13 15:58:00-05:00,581.53,581.73,581.51,581.57,312665.0,3193.0,581.6179
2025-01-13 15:59:00-05:00,581.55,581.63,581.23,581.54,1335880.0,8010.0,581.3121
2025-01-13 16:00:00-05:00,581.52,581.55,581.17,581.5,124967.0,534.0,581.409
2025-01-13 16:01:00-05:00,581.5,581.7,581.44,581.7,61725.0,413.0,581.6028
2025-01-13 16:02:00-05:00,581.7,581.895,581.69,581.825,397522.0,351.0,581.3424
2025-01-13 16:03:00-05:00,581.82,581.83,581.61,581.66,18272.0,127.0,581.7047
2025-01-13 16:04:00-05:00,581.66,581.66,581.53,581.56,444739.0,242.0,581.5061
2025-01-13 16:05:00-05:00,581.54,581.6494,581.5049,581.55,202143.0,275.0,581.5241
2025-01-13 16:06:00-05:00,581.56,581.67,581.55,581.55,47454.0,200.0,581.5854
2025-01-13 16:07:00-05:00,581.57,581.69,581.52,581.68,199401.0,300.0,580.953
2025-01-13 16:08:00-05:00,581.68,581.72,581.58,581.66,65043.0,257.0,581.6709
2025-01-13 16:09:00-05:00,581.66,581.74,581.64,581.71,33806.0,165.0,581.679
2025-01-13 16:10:00-05:00,581.71,581.81,581.65,581.79,22479.0,157.0,581.7265
2025-01-13 16:11:00-05:00,581.81,581.82,581.73,581.75,14440.0,99.0,581.7598
2025-01-13 16:12:00-05:00,581.75,581.75,581.59,581.69,49503.0,225.0,581.7051
2025-01-13 16:13:00-05:00,581.69,581.72,581.62,581.72,3226998.0,127.0,581.4959
2025-01-13 16:14:00-05:00,581.7,581.76,581.66,581.75,24368.0,82.0,579.6124
2025-01-13 16:15:00-05:00,581.74,581.8,581.72,581.7896,14916.0,76.0,581.777
2025-01-13 16:16:00-05:00,581.77,581.9,581.75,581.9,134687.0,86.0,580.6537
2025-01-13 16:17:00-05:00,581.88,581.88,581.85,581.87,5141.0,88.0,581.8736
2025-01-13 16:18:00-05:00,581.86,581.86,581.59,581.81,14639.0,118.0,581.8209
2025-01-13 16:19:00-05:00,581.81,581.81,581.74,581.78,5423.0,63.0,581.7723
2025-01-13 16:20:00-05:00,581.77,581.81,581.7,581.79,33848.0,152.0,581.739
2025-01-13 16:21:00-05:00,581.76,581.8,581.76,581.8,4275.0,48.0,581.7642
2025-01-13 16:22:00-05:00,581.8,581.89,581.8,581.87,3287.0,57.0,581.8529
2025-01-13 16:23:00-05:00,581.88,582.02,581.88,582.02,7889.0,91.0,581.9519
2025-01-13 16:24:00-05:00,581.99,582.0,581.98,581.98,2006.0,45.0,581.9938
2025-01-13 16:25:00-05:00,581.96,582.11,581.95,582.11,5071.0,59.0,581.9958
2025-01-13 16:26:00-05:00,582.08,582.25,582.07,582.15,36278.0,149.0,582.2036
2025-01-13 16:27:00-05:00,582.13,582.18,582.1,582.16,16141.0,92.0,582.1505
2025-01-13 16:28:00-05:00,582.1899,582.1899,582.06,582.16,20437.0,97.0,582.1294
2025-01-13 16:29:00-05:00,582.18,582.1899,582.14,582.16,18794.0,87.0,582.153
2025-01-13 16:30:00-05:00,582.17,582.1801,582.03,582.05,19263.0,115.0,582.1435
2025-01-13 16:31:00-05:00,582.04,582.1,582.03,582.03,4942.0,57.0,582.0649
2025-01-13 16:32:00-05:00,582.06,582.09,582.05,582.09,129570.0,41.0,580.6135
2025-01-13 16:33:00-05:00,582.08,582.15,582.04,582.07,5253.0,60.0,582.0996
2025-01-13 16:34:00-05:00,582.0494,582.0494,582.03,582.0308,2636.0,48.0,582.0385
2025-01-13 16:35:00-05:00,582.04,582.09,582.04,582.05,3096.0,47.0,582.0608
2025-01-13 16:36:00-05:00,582.05,582.06,582.05,582.0599,3323.0,36.0,582.059
2025-01-13 16:37:00-05:00,582.03,582.06,582.02,582.06,5323.0,47.0,582.031
2025-01-13 16:38:00-05:00,582.03,582.08,582.03,582.08,5369.0,41.0,582.069
2025-01-13 16:39:00-05:00,582.03,582.03,581.98,581.98,1127.0,42.0,582.0115
2025-01-13 16:40:00-05:00,581.98,581.98,581.9699,581.9699,309.0,17.0,581.9738
2025-01-13 16:41:00-05:00,582.0,582.0,582.0,582.0,1057.0,23.0,581.9991
2025-01-13 16:42:00-05:00,582.0,582.0,581.93,581.93,8587.0,68.0,581.9518
2025-01-13 16:43:00-05:00,581.94,582.25,581.94,582.06,31444.0,177.0,582.0742
2025-01-13 16:44:00-05:00,582.09,582.09,582.0,582.07,8579.0,62.0,582.0405
2025-01-13 16:45:00-05:00,582.03,582.03,581.94,581.99,5584.0,71.0,581.9792
2025-01-13 16:46:00-05:00,582.0001,582.01,582.0001,582.01,875.0,32.0,582.0093
2025-01-13 16:47:00-05:00,582.03,582.04,581.89,581.89,11278.0,68.0,581.9686
2025-01-13 16:48:00-05:00,581.94,582.02,581.94,582.02,4340.0,78.0,581.9907
2025-01-13 16:49:00-05:00,582.02,582.08,582.02,582.04,11708.0,64.0,582.0526
2025-01-13 16:50:00-05:00,582.02,582.05,582.02,582.05,1693.0,50.0,582.0243
2025-01-13 16:51:00-05:00,582.05,582.05,582.05,582.05,0.0,0.0,0.0
2025-01-13 16:52:00-05:00,582.05,582.05,582.05,582.05,0.0,0.0,0.0
2025-01-13 16:53:00-05:00,582.13,582.13,582.13,582.13,1732.0,28.0,582.1294
2025-01-13 16:54:00-05:00,582.08,582.08,582.03,582.03,1594.0,42.0,582.049
2025-01-13 16:55:00-05:00,582.02,582.05,582.01,582.05,1516.0,32.0,582.0249
2025-01-13 16:56:00-05:00,582.04,582.04,582.04,582.04,2184.0,44.0,582.0405
2025-01-13 16:57:00-05:00,582.05,582.08,582.05,582.05,6840.0,51.0,582.0642
2025-01-13 16:58:00-05:00,582.1,582.15,582.1,582.15,33268.0,63.0,581.4351
2025-01-13 16:59:00-05:00,582.21,582.21,582.14,582.15,8393.0,38.0,582.1524
2025-01-13 17:00:00-05:00,582.14,582.14,582.13,582.13,1136.0,28.0,582.1319
2025-01-13 17:01:00-05:00,582.1,582.1,582.07,582.07,1717.0,24.0,582.0778
2025-01-13 17:02:00-05:00,582.07,582.07,582.07,582.07,0.0,0.0,0.0
2025-01-13 17:03:00-05:00,582.07,582.07,582.07,582.07,0.0,0.0,0.0
2025-01-13 17:04:00-05:00,582.13,582.13,582.1101,582.13,1197.0,18.0,582.1272
2025-01-13 17:05:00-05:00,582.12,582.12,582.07,582.1,472.0,19.0,582.0989
2025-01-13 17:06:00-05:00,582.12,582.12,582.12,582.12,493.0,25.0,582.1086
2025-01-13 17:07:00-05:00,582.13,582.13,582.07,582.12,1220.0,23.0,582.1063
2025-01-13 17:08:00-05:00,582.1194,582.1194,582.1,582.1,10280.0,28.0,582.1016
2025-01-13 17:09:00-05:00,582.1,582.1,582.1,582.1,3554.0,13.0,582.1002
2025-01-13 17:10:00-05:00,582.1,582.1,582.1,582.1,0.0,0.0,0.0
2025-01-13 17:11:00-05:00,582.1,582.1,582.1,582.1,0.0,0.0,0.0
2025-01-13 17:12:00-05:00,582.12,582.12,582.12,582.12,225.0,23.0,582.1153
2025-01-13 17:13:00-05:00,582.1,582.1,582.1,582.1,3082.0,26.0,582.1
2025-01-13 17:14:00-05:00,582.1,582.1,582.1,582.1,2040.0,22.0,582.1
2025-01-13 17:15:00-05:00,582.11,582.11,582.1097,582.1097,781.0,16.0,582.1092
2025-01-13 17:16:00-05:00,582.1097,582.1097,582.1097,582.1097,0.0,0.0,0.0
2025-01-13 17:17:00-05:00,582.11,582.11,582.09,582.09,4216.0,43.0,582.1019
2025-01-13 17:18:00-05:00,582.11,582.12,582.11,582.12,1412.0,26.0,582.117
2025-01-13 17:19:00-05:00,582.12,582.12,582.12,582.12,0.0,0.0,0.0
2025-01-13 17:20:00-05:00,582.12,582.12,582.12,582.12,0.0,0.0,0.0
2025-01-13 17:21:00-05:00,582.13,582.14,582.13,582.14,3812.0,35.0,582.1333
2025-01-13 17:22:00-05:00,582.1392,582.1392,582.1298,582.13,1310.0,13.0,582.1305
2025-01-13 17:23:00-05:00,582.13,582.13,582.13,582.13,1785.0,21.0,582.1302
2025-01-13 17:24:00-05:00,582.13,582.13,582.13,582.13,349.0,26.0,582.1317
2025-01-13 17:25:00-05:00,582.13,582.13,582.13,582.13,0.0,0.0,0.0
2025-01-13 17:26:00-05:00,582.12,582.12,582.12,582.12,273.0,32.0,582.1284
2025-01-13 17:27:00-05:00,582.12,582.14,582.12,582.14,510.0,39.0,582.1345
2025-01-13 17:28:00-05:00,582.14,582.14,582.14,582.14,0.0,0.0,0.0
2025-01-13 17:29:00-05:00,582.15,582.15,582.15,582.15,476.0,13.0,582.1478
2025-01-13 17:30:00-05:00,582.16,582.16,582.16,582.16,3272.0,139.0,582.1552
2025-01-13 17:31:00-05:00,582.19,582.21,582.19,582.21,1817.0,34.0,582.1986
2025-01-13 17:32:00-05:00,582.23,582.23,582.2,582.2,773.0,27.0,582.2076
2025-01-13 17:33:00-05:00,582.24,582.25,582.24,582.25,1926.0,38.0,582.2398
2025-01-13 17:34:00-05:00,582.29,582.29,582.2,582.25,6165.0,120.0,582.097
2025-01-13 17:35:00-05:00,582.16,582.24,582.13,582.2,13145.0,43.0,582.1905
2025-01-13 17:36:00-05:00,582.17,582.2,582.17,582.19,5265.0,28.0,582.1935
2025-01-13 17:37:00-05:00,582.19,582.19,582.19,582.19,926.0,23.0,578.54
2025-01-13 17:38:00-05:00,582.19,582.19,582.19,582.19,0.0,0.0,0.0
2025-01-13 17:39:00-05:00,582.2796,582.2796,582.2796,582.2796,246.0,15.0,582.2777
2025-01-13 17:40:00-05:00,582.27,582.29,582.25,582.25,1969.0,34.0,581.3541
2025-01-13 17:41:00-05:00,582.29,582.29,582.29,582.29,2018.0,17.0,581.8203
2025-01-13 17:42:00-05:00,582.29,582.29,582.2899,582.29,4542.0,19.0,582.2899
2025-01-13 17:43:00-05:00,582.2888,582.2888,582.2514,582.2888,663.0,21.0,582.2817
2025-01-13 17:44:00-05:00,582.29,582.4,582.25,582.4,6859.0,73.0,582.1783
2025-01-13 17:45:00-05:00,582.44,582.5,582.26,582.26,2368.0,65.0,580.5898
2025-01-13 17:46:00-05:00,582.3,582.36,582.26,582.36,1827.0,35.0,582.3353
2025-01-13 17:47:00-05:00,582.26,582.26,582.22,582.22,2338.0,37.0,582.1453
2025-01-13 17:48:00-05:00,582.3,582.3,582.22,582.22,390.0,35.0,582.2595
2025-01-13 17:49:00-05:00,582.31,582.41,582.31,582.41,5090.0,37.0,582.2032
2025-01-13 17:50:00-05:00,582.41,582.41,582.4,582.4,2393.0,38.0,582.4082
2025-01-13 17:51:00-05:00,582.4,582.4,582.4,582.4,391.0,23.0,582.4006
2025-01-13 17:52:00-05:00,582.4,582.4,582.4,582.4,374.0,22.0,582.395
2025-01-13 17:53:00-05:00,582.4096,582.4096,582.4096,582.4096,272.0,20.0,582.369
2025-01-13 17:54:00-05:00,582.4096,582.4096,582.4096,582.4096,0.0,0.0,0.0
2025-01-13 17:55:00-05:00,582.37,582.3895,582.37,582.3895,852.0,18.0,582.3773
2025-01-13 17:56:00-05:00,582.3895,582.3895,582.3895,582.3895,0.0,0.0,0.0
2025-01-13 17:57:00-05:00,582.3895,582.3895,582.3895,582.3895,0.0,0.0,0.0
2025-01-13 17:58:00-05:00,582.3895,582.3895,582.3895,582.3895,0.0,0.0,0.0
2025-01-13 17:59:00-05:00,582.35,582.4,582.35,582.3798,1755.0,34.0,582.3709
2025-01-13 18:00:00-05:00,582.59,582.9,582.59,582.9,5660.0,78.0,582.7842
2025-01-13 18:01:00-05:00,582.85,582.85,582.67,582.72,3344.0,33.0,582.7871
2025-01-13 18:02:00-05:00,582.72,582.72,582.61,582.69,1249.0,23.0,582.6794
2025-01-13 18:03:00-05:00,582.65,582.69,582.64,582.69,1718.0,28.0,582.6562
2025-01-13 18:04:00-05:00,582.72,582.75,582.72,582.75,1432.0,28.0,582.7292
2025-01-13 18:05:00-05:00,582.77,582.979,582.77,582.979,4605.0,50.0,582.8837
2025-01-13 18:06:00-05:00,582.97,583.06,582.97,583.06,2950.0,61.0,582.9902
2025-01-13 18:07:00-05:00,583.08,583.089,583.0536,583.089,1865.0,31.0,583.0711
2025-01-13 18:08:00-05:00,583.09,583.23,583.09,583.2,11723.0,61.0,583.2042
2025-01-13 18:09:00-05:00,583.1601,583.18,583.1601,583.1799,1204.0,23.0,583.1693
2025-01-13 18:10:00-05:00,583.19,583.19,583.19,583.19,1356.0,33.0,583.1886
2025-01-13 18:11:00-05:00,583.24,583.24,583.18,583.18,2324.0,26.0,583.2315
2025-01-13 18:12:00-05:00,583.18,583.18,583.18,583.18,603.0,16.0,583.1869
2025-01-13 18:13:00-05:00,583.2399,583.2399,583.1001,583.1001,6496.0,32.0,583.1943
2025-01-13 18:14:00-05:00,583.135,583.135,583.0,583.0,7867.0,36.0,583.0097
2025-01-13 18:15:00-05:00,583.06,583.15,583.06,583.15,1042.0,24.0,583.1076
2025-01-13 18:16:00-05:00,583.15,583.15,583.15,583.15,0.0,0.0,0.0
2025-01-13 18:17:00-05:00,583.09,583.09,583.02,583.02,1310.0,32.0,583.0453
2025-01-13 18:18:00-05:00,583.02,583.059,583.02,583.059,1068.0,28.0,583.0309
2025-01-13 18:19:00-05:00,583.04,583.04,583.04,583.04,446.0,17.0,583.0449
2025-01-13 18:20:00-05:00,583.1,583.1,583.02,583.02,5165.0,22.0,583.0357
2025-01-13 18:21:00-05:00,583.1,583.1083,583.1,583.1,4293.0,23.0,583.1024
2025-01-13 18:22:00-05:00,583.1,583.1,583.1,583.1,0.0,0.0,0.0
2025-01-13 18:23:00-05:00,583.03,583.03,583.02,583.02,1723.0,17.0,583.0211
2025-01-13 18:24:00-05:00,583.0299,583.0299,583.0299,583.0299,414.0,14.0,583.0237
2025-01-13 18:25:00-05:00,583.0299,583.0299,583.0299,583.0299,0.0,0.0,0.0
2025-01-13 18:26:00-05:00,582.989,583.03,582.989,583.03,505.0,17.0,583.0128
2025-01-13 18:27:00-05:00,583.1,583.1,583.1,583.1,166.0,13.0,583.0793
2025-01-13 18:28:00-05:00,583.0989,583.0989,583.0,583.0,3901.0,31.0,583.0106
2025-01-13 18:29:00-05:00,582.9903,583.0,582.99,582.99,6230.0,24.0,582.995
2025-01-13 18:30:00-05:00,583.0,583.0,583.0,583.0,36481.0,196.0,583.0
2025-01-13 18:31:00-05:00,583.0885,583.26,583.0301,583.26,1087.0,38.0,583.1711
2025-01-13 18:32:00-05:00,583.35,583.4496,583.35,583.3501,1188.0,32.0,583.3958
2025-01-13 18:33:00-05:00,583.4,583.5,583.4,583.44,2434.0,55.0,583.4691
2025-01-13 18:34:00-05:00,583.56,583.56,583.4901,583.531,34800.0,96.0,583.5063
2025-01-13 18:35:00-05:00,583.55,583.56,583.55,583.56,646.0,18.0,583.5723
2025-01-13 18:36:00-05:00,583.59,583.61,583.59,583.61,406.0,22.0,583.5944
2025-01-13 18:37:00-05:00,583.6,583.6,583.6,583.6,10561.0,56.0,583.5995
2025-01-13 18:38:00-05:00,583.6199,583.67,583.6199,583.67,815.0,28.0,583.6528
2025-01-13 18:39:00-05:00,583.68,583.93,583.67,583.93,5755.0,73.0,583.6933
2025-01-13 18:40:00-05:00,583.9001,583.92,583.9,583.9,1003.0,33.0,583.8934
2025-01-13 18:41:00-05:00,583.725,583.725,583.725,583.725,436.0,28.0,583.7488
2025-01-13 18:42:00-05:00,583.73,583.73,583.66,583.66,1066.0,33.0,583.6825
2025-01-13 18:43:00-05:00,583.59,583.6101,583.59,583.6101,622.0,22.0,583.602
2025-01-13 18:44:00-05:00,583.61,583.79,583.58,583.75,23021.0,75.0,583.7248
2025-01-13 18:45:00-05:00,583.75,583.75,583.75,583.75,0.0,0.0,0.0
2025-01-13 18:46:00-05:00,583.66,583.67,583.66,583.67,448.0,20.0,583.64
2025-01-13 18:47:00-05:00,583.81,583.81,583.81,583.81,667.0,20.0,583.7965
2025-01-13 18:48:00-05:00,583.81,583.81,583.81,583.81,0.0,0.0,0.0
2025-01-13 18:49:00-05:00,583.81,583.81,583.81,583.81,0.0,0.0,0.0
2025-01-13 18:50:00-05:00,583.81,583.81,583.81,583.81,0.0,0.0,0.0
2025-01-13 18:51:00-05:00,583.65,583.65,583.62,583.62,493.0,20.0,583.6281
2025-01-13 18:52:00-05:00,583.6114,583.6114,583.35,583.35,2442.0,41.0,583.4942
2025-01-13 18:53:00-05:00,583.409,583.409,583.32,583.32,3942.0,29.0,583.3232
2025-01-13 18:54:00-05:00,583.34,583.34,583.22,583.2201,613.0,20.0,583.2555
2025-01-13 18:55:00-05:00,583.3,583.3,583.24,583.27,720.0,16.0,583.2853
2025-01-13 18:56:00-05:00,583.26,583.26,583.26,583.26,528.0,8.0,583.2615
2025-01-13 18:57:00-05:00,583.19,583.19,583.19,583.19,342.0,27.0,583.2014
2025-01-13 18:58:00-05:00,583.22,583.22,583.11,583.11,456.0,15.0,583.1697
2025-01-13 18:59:00-05:00,583.2,583.21,583.2,583.21,513.0,11.0,583.2048
2025-01-13 19:00:00-05:00,583.2,583.2,583.08,583.08,2025.0,26.0,583.1397
2025-01-13 19:01:00-05:00,583.02,583.05,582.92,582.92,1134.0,39.0,582.9924
2025-01-13 19:02:00-05:00,583.0001,583.0001,583.0001,583.0001,580.0,12.0,582.9904
2025-01-13 19:03:00-05:00,582.79,582.97,582.79,582.97,726.0,32.0,582.8392
2025-01-13 19:04:00-05:00,582.88,582.88,582.87,582.87,732.0,14.0,582.8771
2025-01-13 19:05:00-05:00,582.9,582.9,582.9,582.9,230.0,16.0,582.8715
2025-01-13 19:06:00-05:00,582.88,582.885,582.88,582.885,321.0,15.0,582.879
2025-01-13 19:07:00-05:00,582.85,582.88,582.85,582.88,365.0,10.0,582.8643
2025-01-13 19:08:00-05:00,582.9301,582.9301,582.885,582.91,589.0,14.0,582.9098
2025-01-13 19:09:00-05:00,582.89,582.89,582.89,582.89,320.0,12.0,582.8942
2025-01-13 19:10:00-05:00,582.89,582.89,582.81,582.81,352.0,13.0,582.862
2025-01-13 19:11:00-05:00,582.92,582.92,582.86,582.86,303.0,12.0,582.8867
2025-01-13 19:12:00-05:00,582.84,582.84,582.76,582.82,1533.0,26.0,582.7796
2025-01-13 19:13:00-05:00,582.82,582.82,582.82,582.82,185.0,18.0,582.8116
2025-01-13 19:14:00-05:00,582.82,582.82,582.82,582.82,0.0,0.0,0.0
2025-01-13 19:15:00-05:00,582.82,582.82,582.82,582.82,0.0,0.0,0.0
2025-01-13 19:16:00-05:00,582.92,583.01,582.9005,582.9005,1635.0,20.0,582.9342
2025-01-13 19:17:00-05:00,582.92,582.92,582.92,582.92,383.0,13.0,582.9216
2025-01-13 19:18:00-05:00,583.01,583.01,583.01,583.01,181.0,11.0,583.0228
2025-01-13 19:19:00-05:00,583.15,583.15,583.1,583.15,1130.0,19.0,583.1387
2025-01-13 19:20:00-05:00,583.15,583.15,583.15,583.15,0.0,0.0,0.0
2025-01-13 19:21:00-05:00,583.08,583.09,583.08,583.09,661.0,17.0,583.0865
2025-01-13 19:22:00-05:00,583.0,583.0,582.94,582.94,658.0,25.0,582.9806
2025-01-13 19:23:00-05:00,582.96,582.9706,582.92,582.9706,795.0,13.0,582.9579
2025-01-13 19:24:00-05:00,582.91,582.91,582.91,582.91,1036.0,14.0,582.9124
2025-01-13 19:25:00-05:00,583.01,583.04,582.97,582.97,1437.0,21.0,582.9874
2025-01-13 19:26:00-05:00,582.93,582.96,582.9,582.96,2171.0,27.0,582.919
2025-01-13 19:27:00-05:00,582.92,582.94,582.92,582.94,843.0,11.0,582.9337
2025-01-13 19:28:00-05:00,582.94,582.94,582.94,582.94,217.0,10.0,582.9061
2025-01-13 19:29:00-05:00,582.8797,582.8797,582.83,582.83,809.0,16.0,582.8565
2025-01-13 19:30:00-05:00,582.83,582.83,582.83,582.83,0.0,0.0,0.0
2025-01-13 19:31:00-05:00,582.96,582.96,582.96,582.96,503.0,12.0,582.9578
2025-01-13 19:32:00-05:00,582.88,582.88,582.88,582.88,370.0,10.0,582.8733
2025-01-13 19:33:00-05:00,582.91,582.91,582.91,582.91,186.0,13.0,582.8903
2025-01-13 19:34:00-05:00,582.91,582.91,582.91,582.91,0.0,0.0,0.0
2025-01-13 19:35:00-05:00,582.8,582.8,582.8,582.8,742.0,21.0,582.81
2025-01-13 19:36:00-05:00,582.87,582.87,582.82,582.82,331.0,9.0,582.8505
2025-01-13 19:37:00-05:00,582.82,582.82,582.82,582.82,0.0,0.0,0.0
2025-01-13 19:38:00-05:00,582.88,582.88,582.88,582.88,498.0,18.0,582.8738
2025-01-13 19:39:00-05:00,582.87,582.87,582.87,582.87,218.0,14.0,582.8848
2025-01-13 19:40:00-05:00,582.83,582.83,582.83,582.83,244.0,6.0,582.831
2025-01-13 19:41:00-05:00,582.83,582.83,582.83,582.83,0.0,0.0,0.0
2025-01-13 19:42:00-05:00,582.82,582.82,582.82,582.82,142.0,12.0,582.8221
2025-01-13 19:43:00-05:00,582.81,582.81,582.81,582.81,203.0,19.0,582.8246
2025-01-13 19:44:00-05:00,582.81,582.81,582.81,582.81,419.0,25.0,582.8183
2025-01-13 19:45:00-05:00,582.84,582.84,582.84,582.84,251.0,11.0,582.823
2025-01-13 19:46:00-05:00,582.85,582.8817,582.85,582.8817,284.0,25.0,582.8727
2025-01-13 19:47:00-05:00,582.88,582.88,582.88,582.88,378.0,17.0,582.8726
2025-01-13 19:48:00-05:00,582.91,582.96,582.9,582.96,983.0,23.0,582.9074
2025-01-13 19:49:00-05:00,582.96,582.96,582.96,582.96,816.0,24.0,582.9722
2025-01-13 19:50:00-05:00,583.01,583.08,583.01,583.08,1064.0,32.0,583.0252
2025-01-13 19:51:00-05:00,583.05,583.05,583.05,583.05,1197.0,18.0,583.0539
2025-01-13 19:52:00-05:00,583.05,583.05,583.05,583.05,505.0,15.0,583.06
2025-01-13 19:53:00-05:00,583.03,583.05,583.03,583.05,403.0,15.0,583.0391
2025-01-13 19:54:00-05:00,583.04,583.16,583.04,583.14,1537.0,25.0,583.1309
2025-01-13 19:55:00-05:00,583.15,583.1896,583.15,583.1896,11765.0,40.0,583.1512
2025-01-13 19:56:00-05:00,583.15,583.17,583.15,583.17,2199.0,34.0,583.1545
2025-01-13 19:57:00-05:00,583.12,583.12,583.1,583.11,2801.0,25.0,583.1167
2025-01-13 19:58:00-05:00,583.11,583.18,583.11,583.18,1501.0,18.0,583.1329
2025-01-13 19:59:00-05:00,583.14,583.2,583.14,583.2,3271.0,30.0,583.1805
